scope,grid_index,label,original_status,original_failure_flags,final_diagnosis,final_status,evidence,input
CORE_GRID,0,R0,FAIL,"[""A_domain"", ""solver_error"", ""FD_uncertainty_budget_unresolved""]",UNRESOLVED,UNRESOLVED,"[""coverage_core.jsonl#grid_index=0""]","{""x"": -0.7, ""v"": 0.01, ""tau"": 0.003968253968253968, ""K"": 1, ""kappa"": 2.0, ""theta"": 0.04, ""sigma"": 0.3, ""rho"": -0.7, ""r"": 0.03, ""label"": ""R0""}"
CORE_GRID,1,R0,FAIL,"[""A_domain"", ""solver_error"", ""FD_uncertainty_budget_unresolved""]",UNRESOLVED,UNRESOLVED,"[""coverage_core.jsonl#grid_index=1""]","{""x"": -0.7, ""v"": 0.01, ""tau"": 0.01, ""K"": 1, ""kappa"": 2.0, ""theta"": 0.04, ""sigma"": 0.3, ""rho"": -0.7, ""r"": 0.03, ""label"": ""R0""}"
CORE_GRID,2,R0,FAIL,"[""solver_error"", ""FD_uncertainty_budget_unresolved""]",UNRESOLVED,UNRESOLVED,"[""coverage_core.jsonl#grid_index=2""]","{""x"": -0.7, ""v"": 0.01, ""tau"": 0.1, ""K"": 1, ""kappa"": 2.0, ""theta"": 0.04, ""sigma"": 0.3, ""rho"": -0.7, ""r"": 0.03, ""label"": ""R0""}"
CORE_GRID,3,R0,FAIL,"[""solver_error"", ""FD_uncertainty_budget_unresolved""]",FD_RESOLVED,NUMERICALLY_RESOLVED,"[""coverage_core.jsonl#grid_index=3"", ""mp_cases\\0d22a41ca723\\664fae23b78b2016b653.json""]","{""x"": -0.7, ""v"": 0.01, ""tau"": 0.5, ""K"": 1, ""kappa"": 2.0, ""theta"": 0.04, ""sigma"": 0.3, ""rho"": -0.7, ""r"": 0.03, ""label"": ""R0""}"
CORE_GRID,4,R0,FAIL,"[""solver_error"", ""FD_uncertainty_budget_unresolved""]",FD_RESOLVED,NUMERICALLY_RESOLVED,"[""coverage_core.jsonl#grid_index=4"", ""mp_cases\\0d22a41ca723\\4540b6026aa355a619a3.json""]","{""x"": -0.7, ""v"": 0.01, ""tau"": 1, ""K"": 1, ""kappa"": 2.0, ""theta"": 0.04, ""sigma"": 0.3, ""rho"": -0.7, ""r"": 0.03, ""label"": ""R0""}"
CORE_GRID,5,R0,FAIL,"[""solver_error"", ""FD_uncertainty_budget_unresolved""]",FD_RESOLVED,NUMERICALLY_RESOLVED,"[""coverage_core.jsonl#grid_index=5"", ""mp_cases\\0d22a41ca723\\38596f50f9a35c858adf.json""]","{""x"": -0.7, ""v"": 0.01, ""tau"": 2, ""K"": 1, ""kappa"": 2.0, ""theta"": 0.04, ""sigma"": 0.3, ""rho"": -0.7, ""r"": 0.03, ""label"": ""R0""}"
CORE_GRID,6,R0,FAIL,"[""solver_error"", ""FD_uncertainty_budget_unresolved""]",FD_RESOLVED,NUMERICALLY_RESOLVED,"[""coverage_core.jsonl#grid_index=6"", ""mp_cases\\0d22a41ca723\\47976fe4572914679f59.json""]","{""x"": -0.7, ""v"": 0.04, ""tau"": 0.003968253968253968, ""K"": 1, ""kappa"": 2.0, ""theta"": 0.04, ""sigma"": 0.3, ""rho"": -0.7, ""r"": 0.03, ""label"": ""R0""}"
CORE_GRID,7,R0,FAIL,"[""solver_error"", ""FD_uncertainty_budget_unresolved""]",FD_RESOLVED,NUMERICALLY_RESOLVED,"[""coverage_core.jsonl#grid_index=7"", ""mp_cases\\0d22a41ca723\\84c0d5915e52b63b8cd7.json""]","{""x"": -0.7, ""v"": 0.04, ""tau"": 0.01, ""K"": 1, ""kappa"": 2.0, ""theta"": 0.04, ""sigma"": 0.3, ""rho"": -0.7, ""r"": 0.03, ""label"": ""R0""}"
CORE_GRID,8,R0,FAIL,"[""solver_error"", ""FD_uncertainty_budget_unresolved""]",FD_RESOLVED,NUMERICALLY_RESOLVED,"[""coverage_core.jsonl#grid_index=8"", ""mp_cases\\0d22a41ca723\\d0609ffa94bfef7e93d1.json""]","{""x"": -0.7, ""v"": 0.04, ""tau"": 0.1, ""K"": 1, ""kappa"": 2.0, ""theta"": 0.04, ""sigma"": 0.3, ""rho"": -0.7, ""r"": 0.03, ""label"": ""R0""}"
CORE_GRID,9,R0,FAIL,"[""solver_error"", ""FD_uncertainty_budget_unresolved""]",FD_RESOLVED,NUMERICALLY_RESOLVED,"[""coverage_core.jsonl#grid_index=9"", ""mp_cases\\0d22a41ca723\\8054d6a82b92f61624f0.json""]","{""x"": -0.7, ""v"": 0.04, ""tau"": 0.5, ""K"": 1, ""kappa"": 2.0, ""theta"": 0.04, ""sigma"": 0.3, ""rho"": -0.7, ""r"": 0.03, ""label"": ""R0""}"
CORE_GRID,10,R0,FAIL,"[""solver_error"", ""FD_uncertainty_budget_unresolved""]",FD_RESOLVED,NUMERICALLY_RESOLVED,"[""coverage_core.jsonl#grid_index=10"", ""mp_cases\\0d22a41ca723\\62442963d711c03f92dd.json"", ""EXTERNAL_RESULTS.json#deep_OTM""]","{""x"": -0.7, ""v"": 0.04, ""tau"": 1, ""K"": 1, ""kappa"": 2.0, ""theta"": 0.04, ""sigma"": 0.3, ""rho"": -0.7, ""r"": 0.03, ""label"": ""R0""}"
CORE_GRID,11,R0,FAIL,"[""solver_error"", ""FD_uncertainty_budget_unresolved""]",FD_RESOLVED,NUMERICALLY_RESOLVED,"[""coverage_core.jsonl#grid_index=11"", ""mp_cases\\0d22a41ca723\\18afe0585a08c0d9174a.json""]","{""x"": -0.7, ""v"": 0.04, ""tau"": 2, ""K"": 1, ""kappa"": 2.0, ""theta"": 0.04, ""sigma"": 0.3, ""rho"": -0.7, ""r"": 0.03, ""label"": ""R0""}"
CORE_GRID,12,R0,FAIL,"[""A_domain"", ""solver_error"", ""FD_uncertainty_budget_unresolved""]",FD_RESOLVED,NUMERICALLY_RESOLVED,"[""coverage_core.jsonl#grid_index=12"", ""mp_cases\\0d22a41ca723\\42b8e77ab984c0fbadde.json""]","{""x"": -0.1, ""v"": 0.01, ""tau"": 0.003968253968253968, ""K"": 1, ""kappa"": 2.0, ""theta"": 0.04, ""sigma"": 0.3, ""rho"": -0.7, ""r"": 0.03, ""label"": ""R0""}"
CORE_GRID,13,R0,FAIL,"[""A_domain"", ""solver_error"", ""FD_uncertainty_budget_unresolved""]",FD_RESOLVED,NUMERICALLY_RESOLVED,"[""coverage_core.jsonl#grid_index=13"", ""mp_cases\\0d22a41ca723\\2ae11a61ea26f98ae8c1.json""]","{""x"": -0.1, ""v"": 0.01, ""tau"": 0.01, ""K"": 1, ""kappa"": 2.0, ""theta"": 0.04, ""sigma"": 0.3, ""rho"": -0.7, ""r"": 0.03, ""label"": ""R0""}"
CORE_GRID,14,R0,FAIL,"[""solver_error"", ""FD_uncertainty_budget_unresolved""]",FD_RESOLVED,NUMERICALLY_RESOLVED,"[""coverage_core.jsonl#grid_index=14"", ""mp_cases\\0d22a41ca723\\5f311867943a970091f8.json""]","{""x"": -0.1, ""v"": 0.01, ""tau"": 0.1, ""K"": 1, ""kappa"": 2.0, ""theta"": 0.04, ""sigma"": 0.3, ""rho"": -0.7, ""r"": 0.03, ""label"": ""R0""}"
CORE_GRID,15,R0,PASS,[],NOT_APPLICABLE_STRICT_PASS,NUMERICALLY_RESOLVED,"[""coverage_core.jsonl#grid_index=15""]","{""x"": -0.1, ""v"": 0.01, ""tau"": 0.5, ""K"": 1, ""kappa"": 2.0, ""theta"": 0.04, ""sigma"": 0.3, ""rho"": -0.7, ""r"": 0.03, ""label"": ""R0""}"
CORE_GRID,16,R0,PASS,[],NOT_APPLICABLE_STRICT_PASS,NUMERICALLY_RESOLVED,"[""coverage_core.jsonl#grid_index=16""]","{""x"": -0.1, ""v"": 0.01, ""tau"": 1, ""K"": 1, ""kappa"": 2.0, ""theta"": 0.04, ""sigma"": 0.3, ""rho"": -0.7, ""r"": 0.03, ""label"": ""R0""}"
CORE_GRID,17,R0,PASS,[],NOT_APPLICABLE_STRICT_PASS,NUMERICALLY_RESOLVED,"[""coverage_core.jsonl#grid_index=17""]","{""x"": -0.1, ""v"": 0.01, ""tau"": 2, ""K"": 1, ""kappa"": 2.0, ""theta"": 0.04, ""sigma"": 0.3, ""rho"": -0.7, ""r"": 0.03, ""label"": ""R0""}"
CORE_GRID,18,R0,FAIL,"[""solver_error"", ""FD_uncertainty_budget_unresolved""]",FD_RESOLVED,NUMERICALLY_RESOLVED,"[""coverage_core.jsonl#grid_index=18"", ""mp_cases\\0d22a41ca723\\4ae732c17a22dc8a55a2.json""]","{""x"": -0.1, ""v"": 0.04, ""tau"": 0.003968253968253968, ""K"": 1, ""kappa"": 2.0, ""theta"": 0.04, ""sigma"": 0.3, ""rho"": -0.7, ""r"": 0.03, ""label"": ""R0""}"
CORE_GRID,19,R0,FAIL,"[""solver_error"", ""FD_uncertainty_budget_unresolved""]",FD_RESOLVED,NUMERICALLY_RESOLVED,"[""coverage_core.jsonl#grid_index=19"", ""mp_cases\\0d22a41ca723\\ab53a8cd8e1986e3a4f0.json""]","{""x"": -0.1, ""v"": 0.04, ""tau"": 0.01, ""K"": 1, ""kappa"": 2.0, ""theta"": 0.04, ""sigma"": 0.3, ""rho"": -0.7, ""r"": 0.03, ""label"": ""R0""}"
CORE_GRID,20,R0,FAIL,"[""solver_error""]",FLOAT64_TOLERANCE_FLOOR,NUMERICALLY_RESOLVED,"[""coverage_core.jsonl#grid_index=20"", ""mp_cases\\0d22a41ca723\\8b03516150e805fec80a.json""]","{""x"": -0.1, ""v"": 0.04, ""tau"": 0.1, ""K"": 1, ""kappa"": 2.0, ""theta"": 0.04, ""sigma"": 0.3, ""rho"": -0.7, ""r"": 0.03, ""label"": ""R0""}"
CORE_GRID,21,R0,FAIL,"[""solver_error""]",FLOAT64_TOLERANCE_FLOOR,NUMERICALLY_RESOLVED,"[""coverage_core.jsonl#grid_index=21"", ""mp_cases\\0d22a41ca723\\33b10bc7767ac8c42b8f.json""]","{""x"": -0.1, ""v"": 0.04, ""tau"": 0.5, ""K"": 1, ""kappa"": 2.0, ""theta"": 0.04, ""sigma"": 0.3, ""rho"": -0.7, ""r"": 0.03, ""label"": ""R0""}"
CORE_GRID,22,R0,FAIL,"[""solver_error""]",FLOAT64_TOLERANCE_FLOOR,NUMERICALLY_RESOLVED,"[""coverage_core.jsonl#grid_index=22"", ""mp_cases\\0d22a41ca723\\948cdb42ce092fde9b13.json""]","{""x"": -0.1, ""v"": 0.04, ""tau"": 1, ""K"": 1, ""kappa"": 2.0, ""theta"": 0.04, ""sigma"": 0.3, ""rho"": -0.7, ""r"": 0.03, ""label"": ""R0""}"
CORE_GRID,23,R0,PASS,[],NOT_APPLICABLE_STRICT_PASS,NUMERICALLY_RESOLVED,"[""coverage_core.jsonl#grid_index=23""]","{""x"": -0.1, ""v"": 0.04, ""tau"": 2, ""K"": 1, ""kappa"": 2.0, ""theta"": 0.04, ""sigma"": 0.3, ""rho"": -0.7, ""r"": 0.03, ""label"": ""R0""}"
CORE_GRID,24,R0,FAIL,"[""A_domain"", ""FD_derivative_amplification_or_truncation"", ""strike_FD_derivative_unresolved""]",UNRESOLVED,UNRESOLVED,"[""coverage_core.jsonl#grid_index=24"", ""mp_cases\\0d22a41ca723\\7fa0be69b6fcde192a23.json"", ""EXTERNAL_RESULTS.json#short_core""]","{""x"": 0, ""v"": 0.01, ""tau"": 0.003968253968253968, ""K"": 1, ""kappa"": 2.0, ""theta"": 0.04, ""sigma"": 0.3, ""rho"": -0.7, ""r"": 0.03, ""label"": ""R0""}"
CORE_GRID,25,R0,FAIL,"[""A_domain"", ""FD_derivative_amplification_or_truncation""]",FD_RESOLVED,NUMERICALLY_RESOLVED,"[""coverage_core.jsonl#grid_index=25"", ""mp_cases\\0d22a41ca723\\1468a5191780b4330ba3.json""]","{""x"": 0, ""v"": 0.01, ""tau"": 0.01, ""K"": 1, ""kappa"": 2.0, ""theta"": 0.04, ""sigma"": 0.3, ""rho"": -0.7, ""r"": 0.03, ""label"": ""R0""}"
CORE_GRID,26,R0,PASS,[],NOT_APPLICABLE_STRICT_PASS,NUMERICALLY_RESOLVED,"[""coverage_core.jsonl#grid_index=26""]","{""x"": 0, ""v"": 0.01, ""tau"": 0.1, ""K"": 1, ""kappa"": 2.0, ""theta"": 0.04, ""sigma"": 0.3, ""rho"": -0.7, ""r"": 0.03, ""label"": ""R0""}"
CORE_GRID,27,R0,FAIL,"[""solver_error""]",FLOAT64_TOLERANCE_FLOOR,NUMERICALLY_RESOLVED,"[""coverage_core.jsonl#grid_index=27"", ""mp_cases\\0d22a41ca723\\ca0131ac504d11c54d47.json""]","{""x"": 0, ""v"": 0.01, ""tau"": 0.5, ""K"": 1, ""kappa"": 2.0, ""theta"": 0.04, ""sigma"": 0.3, ""rho"": -0.7, ""r"": 0.03, ""label"": ""R0""}"
CORE_GRID,28,R0,FAIL,"[""solver_error""]",FLOAT64_TOLERANCE_FLOOR,NUMERICALLY_RESOLVED,"[""coverage_core.jsonl#grid_index=28"", ""mp_cases\\0d22a41ca723\\c3c0e48b71f4069158bf.json""]","{""x"": 0, ""v"": 0.01, ""tau"": 1, ""K"": 1, ""kappa"": 2.0, ""theta"": 0.04, ""sigma"": 0.3, ""rho"": -0.7, ""r"": 0.03, ""label"": ""R0""}"
CORE_GRID,29,R0,FAIL,"[""solver_error""]",FLOAT64_TOLERANCE_FLOOR,NUMERICALLY_RESOLVED,"[""coverage_core.jsonl#grid_index=29"", ""mp_cases\\0d22a41ca723\\efcd7dfff00f7c990307.json""]","{""x"": 0, ""v"": 0.01, ""tau"": 2, ""K"": 1, ""kappa"": 2.0, ""theta"": 0.04, ""sigma"": 0.3, ""rho"": -0.7, ""r"": 0.03, ""label"": ""R0""}"
CORE_GRID,30,R0,FAIL,"[""FD_derivative_amplification_or_truncation""]",FD_RESOLVED,NUMERICALLY_RESOLVED,"[""coverage_core.jsonl#grid_index=30"", ""mp_cases\\0d22a41ca723\\8368b649624771835a7c.json""]","{""x"": 0, ""v"": 0.04, ""tau"": 0.003968253968253968, ""K"": 1, ""kappa"": 2.0, ""theta"": 0.04, ""sigma"": 0.3, ""rho"": -0.7, ""r"": 0.03, ""label"": ""R0""}"
CORE_GRID,31,R0,PASS,[],NOT_APPLICABLE_STRICT_PASS,NUMERICALLY_RESOLVED,"[""coverage_core.jsonl#grid_index=31""]","{""x"": 0, ""v"": 0.04, ""tau"": 0.01, ""K"": 1, ""kappa"": 2.0, ""theta"": 0.04, ""sigma"": 0.3, ""rho"": -0.7, ""r"": 0.03, ""label"": ""R0""}"
CORE_GRID,32,R0,FAIL,"[""solver_error""]",FLOAT64_TOLERANCE_FLOOR,NUMERICALLY_RESOLVED,"[""coverage_core.jsonl#grid_index=32"", ""mp_cases\\0d22a41ca723\\002b50979c12169c45e4.json""]","{""x"": 0, ""v"": 0.04, ""tau"": 0.1, ""K"": 1, ""kappa"": 2.0, ""theta"": 0.04, ""sigma"": 0.3, ""rho"": -0.7, ""r"": 0.03, ""label"": ""R0""}"
CORE_GRID,33,R0,FAIL,"[""solver_error""]",FLOAT64_TOLERANCE_FLOOR,NUMERICALLY_RESOLVED,"[""coverage_core.jsonl#grid_index=33"", ""mp_cases\\0d22a41ca723\\e4b23d3d384f96832a50.json""]","{""x"": 0, ""v"": 0.04, ""tau"": 0.5, ""K"": 1, ""kappa"": 2.0, ""theta"": 0.04, ""sigma"": 0.3, ""rho"": -0.7, ""r"": 0.03, ""label"": ""R0""}"
CORE_GRID,34,R0,FAIL,"[""solver_error""]",UNRESOLVED,UNRESOLVED,"[""coverage_core.jsonl#grid_index=34"", ""mp_cases\\0d22a41ca723\\f1c5866eb243bf60f1fd.json"", ""EXTERNAL_RESULTS.json#easy_ATM""]","{""x"": 0, ""v"": 0.04, ""tau"": 1, ""K"": 1, ""kappa"": 2.0, ""theta"": 0.04, ""sigma"": 0.3, ""rho"": -0.7, ""r"": 0.03, ""label"": ""R0""}"
CORE_GRID,35,R0,FAIL,"[""solver_error""]",FLOAT64_TOLERANCE_FLOOR,NUMERICALLY_RESOLVED,"[""coverage_core.jsonl#grid_index=35"", ""mp_cases\\0d22a41ca723\\1b50fed30906366c7336.json""]","{""x"": 0, ""v"": 0.04, ""tau"": 2, ""K"": 1, ""kappa"": 2.0, ""theta"": 0.04, ""sigma"": 0.3, ""rho"": -0.7, ""r"": 0.03, ""label"": ""R0""}"
CORE_GRID,36,R0,FAIL,"[""A_domain"", ""solver_error"", ""FD_uncertainty_budget_unresolved""]",FD_RESOLVED,NUMERICALLY_RESOLVED,"[""coverage_core.jsonl#grid_index=36"", ""mp_cases\\0d22a41ca723\\fd7f0c2499e310c8e07a.json""]","{""x"": 0.1, ""v"": 0.01, ""tau"": 0.003968253968253968, ""K"": 1, ""kappa"": 2.0, ""theta"": 0.04, ""sigma"": 0.3, ""rho"": -0.7, ""r"": 0.03, ""label"": ""R0""}"
CORE_GRID,37,R0,FAIL,"[""A_domain"", ""solver_error"", ""FD_uncertainty_budget_unresolved""]",FD_RESOLVED,NUMERICALLY_RESOLVED,"[""coverage_core.jsonl#grid_index=37"", ""mp_cases\\0d22a41ca723\\3579446eaa5419b1c851.json""]","{""x"": 0.1, ""v"": 0.01, ""tau"": 0.01, ""K"": 1, ""kappa"": 2.0, ""theta"": 0.04, ""sigma"": 0.3, ""rho"": -0.7, ""r"": 0.03, ""label"": ""R0""}"
CORE_GRID,38,R0,FAIL,"[""solver_error""]",FLOAT64_TOLERANCE_FLOOR,NUMERICALLY_RESOLVED,"[""coverage_core.jsonl#grid_index=38"", ""mp_cases\\0d22a41ca723\\d1e29622c3d38166f600.json""]","{""x"": 0.1, ""v"": 0.01, ""tau"": 0.1, ""K"": 1, ""kappa"": 2.0, ""theta"": 0.04, ""sigma"": 0.3, ""rho"": -0.7, ""r"": 0.03, ""label"": ""R0""}"
CORE_GRID,39,R0,FAIL,"[""solver_error""]",FLOAT64_TOLERANCE_FLOOR,NUMERICALLY_RESOLVED,"[""coverage_core.jsonl#grid_index=39"", ""mp_cases\\0d22a41ca723\\5d647ce03e821a9fe999.json""]","{""x"": 0.1, ""v"": 0.01, ""tau"": 0.5, ""K"": 1, ""kappa"": 2.0, ""theta"": 0.04, ""sigma"": 0.3, ""rho"": -0.7, ""r"": 0.03, ""label"": ""R0""}"
CORE_GRID,40,R0,FAIL,"[""solver_error""]",FLOAT64_TOLERANCE_FLOOR,NUMERICALLY_RESOLVED,"[""coverage_core.jsonl#grid_index=40"", ""mp_cases\\0d22a41ca723\\37f5d6b7da6c7172efba.json""]","{""x"": 0.1, ""v"": 0.01, ""tau"": 1, ""K"": 1, ""kappa"": 2.0, ""theta"": 0.04, ""sigma"": 0.3, ""rho"": -0.7, ""r"": 0.03, ""label"": ""R0""}"
CORE_GRID,41,R0,FAIL,"[""solver_error""]",FLOAT64_TOLERANCE_FLOOR,NUMERICALLY_RESOLVED,"[""coverage_core.jsonl#grid_index=41"", ""mp_cases\\0d22a41ca723\\afe2a3aefdf16b49959d.json""]","{""x"": 0.1, ""v"": 0.01, ""tau"": 2, ""K"": 1, ""kappa"": 2.0, ""theta"": 0.04, ""sigma"": 0.3, ""rho"": -0.7, ""r"": 0.03, ""label"": ""R0""}"
CORE_GRID,42,R0,FAIL,"[""solver_error"", ""FD_uncertainty_budget_unresolved""]",FD_RESOLVED,NUMERICALLY_RESOLVED,"[""coverage_core.jsonl#grid_index=42"", ""mp_cases\\0d22a41ca723\\6e80acb6576973fa2b75.json""]","{""x"": 0.1, ""v"": 0.04, ""tau"": 0.003968253968253968, ""K"": 1, ""kappa"": 2.0, ""theta"": 0.04, ""sigma"": 0.3, ""rho"": -0.7, ""r"": 0.03, ""label"": ""R0""}"
CORE_GRID,43,R0,FAIL,"[""solver_error""]",FLOAT64_TOLERANCE_FLOOR,NUMERICALLY_RESOLVED,"[""coverage_core.jsonl#grid_index=43"", ""mp_cases\\0d22a41ca723\\4eb64babb5a862f4dad7.json""]","{""x"": 0.1, ""v"": 0.04, ""tau"": 0.01, ""K"": 1, ""kappa"": 2.0, ""theta"": 0.04, ""sigma"": 0.3, ""rho"": -0.7, ""r"": 0.03, ""label"": ""R0""}"
CORE_GRID,44,R0,FAIL,"[""solver_error""]",FLOAT64_TOLERANCE_FLOOR,NUMERICALLY_RESOLVED,"[""coverage_core.jsonl#grid_index=44"", ""mp_cases\\0d22a41ca723\\3adb6396fa5d544e9030.json""]","{""x"": 0.1, ""v"": 0.04, ""tau"": 0.1, ""K"": 1, ""kappa"": 2.0, ""theta"": 0.04, ""sigma"": 0.3, ""rho"": -0.7, ""r"": 0.03, ""label"": ""R0""}"
CORE_GRID,45,R0,FAIL,"[""solver_error""]",FLOAT64_TOLERANCE_FLOOR,NUMERICALLY_RESOLVED,"[""coverage_core.jsonl#grid_index=45"", ""mp_cases\\0d22a41ca723\\30b80a994f9362f4595e.json""]","{""x"": 0.1, ""v"": 0.04, ""tau"": 0.5, ""K"": 1, ""kappa"": 2.0, ""theta"": 0.04, ""sigma"": 0.3, ""rho"": -0.7, ""r"": 0.03, ""label"": ""R0""}"
CORE_GRID,46,R0,FAIL,"[""solver_error""]",FLOAT64_TOLERANCE_FLOOR,NUMERICALLY_RESOLVED,"[""coverage_core.jsonl#grid_index=46"", ""mp_cases\\0d22a41ca723\\acf7615d1421390d98db.json""]","{""x"": 0.1, ""v"": 0.04, ""tau"": 1, ""K"": 1, ""kappa"": 2.0, ""theta"": 0.04, ""sigma"": 0.3, ""rho"": -0.7, ""r"": 0.03, ""label"": ""R0""}"
CORE_GRID,47,R0,FAIL,"[""solver_error""]",FLOAT64_TOLERANCE_FLOOR,NUMERICALLY_RESOLVED,"[""coverage_core.jsonl#grid_index=47"", ""mp_cases\\0d22a41ca723\\8ce90bf311d00f2861f4.json""]","{""x"": 0.1, ""v"": 0.04, ""tau"": 2, ""K"": 1, ""kappa"": 2.0, ""theta"": 0.04, ""sigma"": 0.3, ""rho"": -0.7, ""r"": 0.03, ""label"": ""R0""}"
CORE_GRID,48,R0,FAIL,"[""A_domain"", ""solver_error"", ""FD_uncertainty_budget_unresolved""]",UNRESOLVED,UNRESOLVED,"[""coverage_core.jsonl#grid_index=48""]","{""x"": 0.7, ""v"": 0.01, ""tau"": 0.003968253968253968, ""K"": 1, ""kappa"": 2.0, ""theta"": 0.04, ""sigma"": 0.3, ""rho"": -0.7, ""r"": 0.03, ""label"": ""R0""}"
CORE_GRID,49,R0,FAIL,"[""A_domain"", ""solver_error""]",UNRESOLVED,UNRESOLVED,"[""coverage_core.jsonl#grid_index=49""]","{""x"": 0.7, ""v"": 0.01, ""tau"": 0.01, ""K"": 1, ""kappa"": 2.0, ""theta"": 0.04, ""sigma"": 0.3, ""rho"": -0.7, ""r"": 0.03, ""label"": ""R0""}"
CORE_GRID,50,R0,FAIL,"[""solver_error""]",UNRESOLVED,UNRESOLVED,"[""coverage_core.jsonl#grid_index=50""]","{""x"": 0.7, ""v"": 0.01, ""tau"": 0.1, ""K"": 1, ""kappa"": 2.0, ""theta"": 0.04, ""sigma"": 0.3, ""rho"": -0.7, ""r"": 0.03, ""label"": ""R0""}"
CORE_GRID,51,R0,FAIL,"[""solver_error""]",FLOAT64_TOLERANCE_FLOOR,NUMERICALLY_RESOLVED,"[""coverage_core.jsonl#grid_index=51"", ""mp_cases\\0d22a41ca723\\1314449126e8e22364a4.json""]","{""x"": 0.7, ""v"": 0.01, ""tau"": 0.5, ""K"": 1, ""kappa"": 2.0, ""theta"": 0.04, ""sigma"": 0.3, ""rho"": -0.7, ""r"": 0.03, ""label"": ""R0""}"
CORE_GRID,52,R0,FAIL,"[""solver_error""]",FLOAT64_TOLERANCE_FLOOR,NUMERICALLY_RESOLVED,"[""coverage_core.jsonl#grid_index=52"", ""mp_cases\\0d22a41ca723\\7e4f124e60d0e1e8fa26.json""]","{""x"": 0.7, ""v"": 0.01, ""tau"": 1, ""K"": 1, ""kappa"": 2.0, ""theta"": 0.04, ""sigma"": 0.3, ""rho"": -0.7, ""r"": 0.03, ""label"": ""R0""}"
CORE_GRID,53,R0,FAIL,"[""solver_error""]",FLOAT64_TOLERANCE_FLOOR,NUMERICALLY_RESOLVED,"[""coverage_core.jsonl#grid_index=53"", ""mp_cases\\0d22a41ca723\\1c3acfc34972e301b1d6.json""]","{""x"": 0.7, ""v"": 0.01, ""tau"": 2, ""K"": 1, ""kappa"": 2.0, ""theta"": 0.04, ""sigma"": 0.3, ""rho"": -0.7, ""r"": 0.03, ""label"": ""R0""}"
CORE_GRID,54,R0,FAIL,"[""solver_error""]",FLOAT64_TOLERANCE_FLOOR,NUMERICALLY_RESOLVED,"[""coverage_core.jsonl#grid_index=54"", ""mp_cases\\0d22a41ca723\\79accd432b302b212f14.json""]","{""x"": 0.7, ""v"": 0.04, ""tau"": 0.003968253968253968, ""K"": 1, ""kappa"": 2.0, ""theta"": 0.04, ""sigma"": 0.3, ""rho"": -0.7, ""r"": 0.03, ""label"": ""R0""}"
CORE_GRID,55,R0,FAIL,"[""solver_error""]",FLOAT64_TOLERANCE_FLOOR,NUMERICALLY_RESOLVED,"[""coverage_core.jsonl#grid_index=55"", ""mp_cases\\0d22a41ca723\\b583142b3b3615232f3e.json""]","{""x"": 0.7, ""v"": 0.04, ""tau"": 0.01, ""K"": 1, ""kappa"": 2.0, ""theta"": 0.04, ""sigma"": 0.3, ""rho"": -0.7, ""r"": 0.03, ""label"": ""R0""}"
CORE_GRID,56,R0,FAIL,"[""solver_error""]",FLOAT64_TOLERANCE_FLOOR,NUMERICALLY_RESOLVED,"[""coverage_core.jsonl#grid_index=56"", ""mp_cases\\0d22a41ca723\\33dbc84c9a54c0219b93.json""]","{""x"": 0.7, ""v"": 0.04, ""tau"": 0.1, ""K"": 1, ""kappa"": 2.0, ""theta"": 0.04, ""sigma"": 0.3, ""rho"": -0.7, ""r"": 0.03, ""label"": ""R0""}"
CORE_GRID,57,R0,FAIL,"[""solver_error""]",FLOAT64_TOLERANCE_FLOOR,NUMERICALLY_RESOLVED,"[""coverage_core.jsonl#grid_index=57"", ""mp_cases\\0d22a41ca723\\294b3b077096e61aad4b.json""]","{""x"": 0.7, ""v"": 0.04, ""tau"": 0.5, ""K"": 1, ""kappa"": 2.0, ""theta"": 0.04, ""sigma"": 0.3, ""rho"": -0.7, ""r"": 0.03, ""label"": ""R0""}"
CORE_GRID,58,R0,FAIL,"[""solver_error""]",UNRESOLVED,UNRESOLVED,"[""coverage_core.jsonl#grid_index=58"", ""mp_cases\\0d22a41ca723\\0167ff428b666b827f1a.json"", ""EXTERNAL_RESULTS.json#deep_ITM""]","{""x"": 0.7, ""v"": 0.04, ""tau"": 1, ""K"": 1, ""kappa"": 2.0, ""theta"": 0.04, ""sigma"": 0.3, ""rho"": -0.7, ""r"": 0.03, ""label"": ""R0""}"
CORE_GRID,59,R0,FAIL,"[""solver_error""]",FLOAT64_TOLERANCE_FLOOR,NUMERICALLY_RESOLVED,"[""coverage_core.jsonl#grid_index=59"", ""mp_cases\\0d22a41ca723\\31f7678572c85d3ebca9.json""]","{""x"": 0.7, ""v"": 0.04, ""tau"": 2, ""K"": 1, ""kappa"": 2.0, ""theta"": 0.04, ""sigma"": 0.3, ""rho"": -0.7, ""r"": 0.03, ""label"": ""R0""}"
CORE_GRID,60,R1,FAIL,"[""A_domain"", ""solver_error"", ""FD_uncertainty_budget_unresolved""]",UNRESOLVED,UNRESOLVED,"[""coverage_core.jsonl#grid_index=60""]","{""x"": -0.7, ""v"": 0.01, ""tau"": 0.003968253968253968, ""K"": 1, ""kappa"": 1, ""theta"": 0.04, ""sigma"": 0.282842712474619, ""rho"": -0.7, ""r"": 0.03, ""label"": ""R1""}"
CORE_GRID,61,R1,FAIL,"[""A_domain"", ""solver_error"", ""FD_uncertainty_budget_unresolved""]",UNRESOLVED,UNRESOLVED,"[""coverage_core.jsonl#grid_index=61""]","{""x"": -0.7, ""v"": 0.01, ""tau"": 0.01, ""K"": 1, ""kappa"": 1, ""theta"": 0.04, ""sigma"": 0.282842712474619, ""rho"": -0.7, ""r"": 0.03, ""label"": ""R1""}"
CORE_GRID,62,R1,FAIL,"[""solver_error"", ""FD_uncertainty_budget_unresolved""]",UNRESOLVED,UNRESOLVED,"[""coverage_core.jsonl#grid_index=62""]","{""x"": -0.7, ""v"": 0.01, ""tau"": 0.1, ""K"": 1, ""kappa"": 1, ""theta"": 0.04, ""sigma"": 0.282842712474619, ""rho"": -0.7, ""r"": 0.03, ""label"": ""R1""}"
CORE_GRID,63,R1,FAIL,"[""solver_error"", ""FD_uncertainty_budget_unresolved""]",FD_RESOLVED,NUMERICALLY_RESOLVED,"[""coverage_core.jsonl#grid_index=63"", ""mp_cases\\0d22a41ca723\\165a4289cfc14e4ad845.json""]","{""x"": -0.7, ""v"": 0.01, ""tau"": 0.5, ""K"": 1, ""kappa"": 1, ""theta"": 0.04, ""sigma"": 0.282842712474619, ""rho"": -0.7, ""r"": 0.03, ""label"": ""R1""}"
CORE_GRID,64,R1,FAIL,"[""solver_error"", ""FD_uncertainty_budget_unresolved""]",FD_RESOLVED,NUMERICALLY_RESOLVED,"[""coverage_core.jsonl#grid_index=64"", ""mp_cases\\0d22a41ca723\\4d47dc4c0a2bf2c46207.json""]","{""x"": -0.7, ""v"": 0.01, ""tau"": 1, ""K"": 1, ""kappa"": 1, ""theta"": 0.04, ""sigma"": 0.282842712474619, ""rho"": -0.7, ""r"": 0.03, ""label"": ""R1""}"
CORE_GRID,65,R1,FAIL,"[""solver_error"", ""FD_uncertainty_budget_unresolved""]",FD_RESOLVED,NUMERICALLY_RESOLVED,"[""coverage_core.jsonl#grid_index=65"", ""mp_cases\\0d22a41ca723\\c90c551b9d69bd24752d.json""]","{""x"": -0.7, ""v"": 0.01, ""tau"": 2, ""K"": 1, ""kappa"": 1, ""theta"": 0.04, ""sigma"": 0.282842712474619, ""rho"": -0.7, ""r"": 0.03, ""label"": ""R1""}"
CORE_GRID,66,R1,FAIL,"[""solver_error"", ""FD_uncertainty_budget_unresolved""]",FD_RESOLVED,NUMERICALLY_RESOLVED,"[""coverage_core.jsonl#grid_index=66"", ""mp_cases\\0d22a41ca723\\228da2484e958fd10a32.json""]","{""x"": -0.7, ""v"": 0.04, ""tau"": 0.003968253968253968, ""K"": 1, ""kappa"": 1, ""theta"": 0.04, ""sigma"": 0.282842712474619, ""rho"": -0.7, ""r"": 0.03, ""label"": ""R1""}"
CORE_GRID,67,R1,FAIL,"[""solver_error"", ""FD_uncertainty_budget_unresolved""]",FD_RESOLVED,NUMERICALLY_RESOLVED,"[""coverage_core.jsonl#grid_index=67"", ""mp_cases\\0d22a41ca723\\dbf1394e4637400a41d5.json""]","{""x"": -0.7, ""v"": 0.04, ""tau"": 0.01, ""K"": 1, ""kappa"": 1, ""theta"": 0.04, ""sigma"": 0.282842712474619, ""rho"": -0.7, ""r"": 0.03, ""label"": ""R1""}"
CORE_GRID,68,R1,FAIL,"[""solver_error"", ""FD_uncertainty_budget_unresolved""]",FD_RESOLVED,NUMERICALLY_RESOLVED,"[""coverage_core.jsonl#grid_index=68"", ""mp_cases\\0d22a41ca723\\75daa0c8a7ca262bf8fd.json""]","{""x"": -0.7, ""v"": 0.04, ""tau"": 0.1, ""K"": 1, ""kappa"": 1, ""theta"": 0.04, ""sigma"": 0.282842712474619, ""rho"": -0.7, ""r"": 0.03, ""label"": ""R1""}"
CORE_GRID,69,R1,FAIL,"[""solver_error"", ""FD_uncertainty_budget_unresolved""]",FD_RESOLVED,NUMERICALLY_RESOLVED,"[""coverage_core.jsonl#grid_index=69"", ""mp_cases\\0d22a41ca723\\af3da56710ac1a42f621.json""]","{""x"": -0.7, ""v"": 0.04, ""tau"": 0.5, ""K"": 1, ""kappa"": 1, ""theta"": 0.04, ""sigma"": 0.282842712474619, ""rho"": -0.7, ""r"": 0.03, ""label"": ""R1""}"
CORE_GRID,70,R1,FAIL,"[""solver_error"", ""FD_uncertainty_budget_unresolved""]",FD_RESOLVED,NUMERICALLY_RESOLVED,"[""coverage_core.jsonl#grid_index=70"", ""mp_cases\\0d22a41ca723\\99ff36a4957f037ac6f6.json""]","{""x"": -0.7, ""v"": 0.04, ""tau"": 1, ""K"": 1, ""kappa"": 1, ""theta"": 0.04, ""sigma"": 0.282842712474619, ""rho"": -0.7, ""r"": 0.03, ""label"": ""R1""}"
CORE_GRID,71,R1,FAIL,"[""solver_error"", ""FD_uncertainty_budget_unresolved""]",FD_RESOLVED,NUMERICALLY_RESOLVED,"[""coverage_core.jsonl#grid_index=71"", ""mp_cases\\0d22a41ca723\\e7473592b18072294b90.json""]","{""x"": -0.7, ""v"": 0.04, ""tau"": 2, ""K"": 1, ""kappa"": 1, ""theta"": 0.04, ""sigma"": 0.282842712474619, ""rho"": -0.7, ""r"": 0.03, ""label"": ""R1""}"
CORE_GRID,72,R1,FAIL,"[""A_domain"", ""solver_error"", ""FD_uncertainty_budget_unresolved""]",FD_RESOLVED,NUMERICALLY_RESOLVED,"[""coverage_core.jsonl#grid_index=72"", ""mp_cases\\0d22a41ca723\\a8efd725e53befbb3080.json""]","{""x"": -0.1, ""v"": 0.01, ""tau"": 0.003968253968253968, ""K"": 1, ""kappa"": 1, ""theta"": 0.04, ""sigma"": 0.282842712474619, ""rho"": -0.7, ""r"": 0.03, ""label"": ""R1""}"
CORE_GRID,73,R1,FAIL,"[""A_domain"", ""solver_error"", ""FD_uncertainty_budget_unresolved""]",FD_RESOLVED,NUMERICALLY_RESOLVED,"[""coverage_core.jsonl#grid_index=73"", ""mp_cases\\0d22a41ca723\\def7c12257dcdf684ace.json""]","{""x"": -0.1, ""v"": 0.01, ""tau"": 0.01, ""K"": 1, ""kappa"": 1, ""theta"": 0.04, ""sigma"": 0.282842712474619, ""rho"": -0.7, ""r"": 0.03, ""label"": ""R1""}"
CORE_GRID,74,R1,FAIL,"[""solver_error"", ""FD_uncertainty_budget_unresolved""]",FD_RESOLVED,NUMERICALLY_RESOLVED,"[""coverage_core.jsonl#grid_index=74"", ""mp_cases\\0d22a41ca723\\a07ab52451370da91aa8.json""]","{""x"": -0.1, ""v"": 0.01, ""tau"": 0.1, ""K"": 1, ""kappa"": 1, ""theta"": 0.04, ""sigma"": 0.282842712474619, ""rho"": -0.7, ""r"": 0.03, ""label"": ""R1""}"
CORE_GRID,75,R1,PASS,[],NOT_APPLICABLE_STRICT_PASS,NUMERICALLY_RESOLVED,"[""coverage_core.jsonl#grid_index=75""]","{""x"": -0.1, ""v"": 0.01, ""tau"": 0.5, ""K"": 1, ""kappa"": 1, ""theta"": 0.04, ""sigma"": 0.282842712474619, ""rho"": -0.7, ""r"": 0.03, ""label"": ""R1""}"
CORE_GRID,76,R1,FAIL,"[""solver_error""]",FLOAT64_TOLERANCE_FLOOR,NUMERICALLY_RESOLVED,"[""coverage_core.jsonl#grid_index=76"", ""mp_cases\\0d22a41ca723\\b97075ac214c8a2356d1.json""]","{""x"": -0.1, ""v"": 0.01, ""tau"": 1, ""K"": 1, ""kappa"": 1, ""theta"": 0.04, ""sigma"": 0.282842712474619, ""rho"": -0.7, ""r"": 0.03, ""label"": ""R1""}"
CORE_GRID,77,R1,PASS,[],NOT_APPLICABLE_STRICT_PASS,NUMERICALLY_RESOLVED,"[""coverage_core.jsonl#grid_index=77""]","{""x"": -0.1, ""v"": 0.01, ""tau"": 2, ""K"": 1, ""kappa"": 1, ""theta"": 0.04, ""sigma"": 0.282842712474619, ""rho"": -0.7, ""r"": 0.03, ""label"": ""R1""}"
CORE_GRID,78,R1,FAIL,"[""solver_error"", ""FD_uncertainty_budget_unresolved""]",FD_RESOLVED,NUMERICALLY_RESOLVED,"[""coverage_core.jsonl#grid_index=78"", ""mp_cases\\0d22a41ca723\\6399bf54c63967287e49.json""]","{""x"": -0.1, ""v"": 0.04, ""tau"": 0.003968253968253968, ""K"": 1, ""kappa"": 1, ""theta"": 0.04, ""sigma"": 0.282842712474619, ""rho"": -0.7, ""r"": 0.03, ""label"": ""R1""}"
CORE_GRID,79,R1,FAIL,"[""solver_error"", ""FD_uncertainty_budget_unresolved""]",FD_RESOLVED,NUMERICALLY_RESOLVED,"[""coverage_core.jsonl#grid_index=79"", ""mp_cases\\0d22a41ca723\\23d8b93e6a5e450b008c.json""]","{""x"": -0.1, ""v"": 0.04, ""tau"": 0.01, ""K"": 1, ""kappa"": 1, ""theta"": 0.04, ""sigma"": 0.282842712474619, ""rho"": -0.7, ""r"": 0.03, ""label"": ""R1""}"
CORE_GRID,80,R1,FAIL,"[""solver_error""]",FLOAT64_TOLERANCE_FLOOR,NUMERICALLY_RESOLVED,"[""coverage_core.jsonl#grid_index=80"", ""mp_cases\\0d22a41ca723\\7e65d22a4b9b3de44fdc.json""]","{""x"": -0.1, ""v"": 0.04, ""tau"": 0.1, ""K"": 1, ""kappa"": 1, ""theta"": 0.04, ""sigma"": 0.282842712474619, ""rho"": -0.7, ""r"": 0.03, ""label"": ""R1""}"
CORE_GRID,81,R1,FAIL,"[""solver_error""]",FLOAT64_TOLERANCE_FLOOR,NUMERICALLY_RESOLVED,"[""coverage_core.jsonl#grid_index=81"", ""mp_cases\\0d22a41ca723\\76088d901d3aa4024b5d.json""]","{""x"": -0.1, ""v"": 0.04, ""tau"": 0.5, ""K"": 1, ""kappa"": 1, ""theta"": 0.04, ""sigma"": 0.282842712474619, ""rho"": -0.7, ""r"": 0.03, ""label"": ""R1""}"
CORE_GRID,82,R1,FAIL,"[""solver_error""]",FLOAT64_TOLERANCE_FLOOR,NUMERICALLY_RESOLVED,"[""coverage_core.jsonl#grid_index=82"", ""mp_cases\\0d22a41ca723\\4199cd1a875c02485492.json""]","{""x"": -0.1, ""v"": 0.04, ""tau"": 1, ""K"": 1, ""kappa"": 1, ""theta"": 0.04, ""sigma"": 0.282842712474619, ""rho"": -0.7, ""r"": 0.03, ""label"": ""R1""}"
CORE_GRID,83,R1,FAIL,"[""solver_error""]",FLOAT64_TOLERANCE_FLOOR,NUMERICALLY_RESOLVED,"[""coverage_core.jsonl#grid_index=83"", ""mp_cases\\0d22a41ca723\\a0cc76686b1b35409d26.json""]","{""x"": -0.1, ""v"": 0.04, ""tau"": 2, ""K"": 1, ""kappa"": 1, ""theta"": 0.04, ""sigma"": 0.282842712474619, ""rho"": -0.7, ""r"": 0.03, ""label"": ""R1""}"
CORE_GRID,84,R1,FAIL,"[""A_domain"", ""FD_derivative_amplification_or_truncation"", ""strike_FD_derivative_unresolved""]",FD_RESOLVED,NUMERICALLY_RESOLVED,"[""coverage_core.jsonl#grid_index=84"", ""mp_cases\\0d22a41ca723\\1604f2652aca128c3efe.json""]","{""x"": 0, ""v"": 0.01, ""tau"": 0.003968253968253968, ""K"": 1, ""kappa"": 1, ""theta"": 0.04, ""sigma"": 0.282842712474619, ""rho"": -0.7, ""r"": 0.03, ""label"": ""R1""}"
CORE_GRID,85,R1,FAIL,"[""FD_derivative_amplification_or_truncation""]",FD_RESOLVED,NUMERICALLY_RESOLVED,"[""coverage_core.jsonl#grid_index=85"", ""mp_cases\\0d22a41ca723\\e4e4103a73c8b2071686.json""]","{""x"": 0, ""v"": 0.01, ""tau"": 0.01, ""K"": 1, ""kappa"": 1, ""theta"": 0.04, ""sigma"": 0.282842712474619, ""rho"": -0.7, ""r"": 0.03, ""label"": ""R1""}"
CORE_GRID,86,R1,PASS,[],NOT_APPLICABLE_STRICT_PASS,NUMERICALLY_RESOLVED,"[""coverage_core.jsonl#grid_index=86""]","{""x"": 0, ""v"": 0.01, ""tau"": 0.1, ""K"": 1, ""kappa"": 1, ""theta"": 0.04, ""sigma"": 0.282842712474619, ""rho"": -0.7, ""r"": 0.03, ""label"": ""R1""}"
CORE_GRID,87,R1,FAIL,"[""solver_error""]",FLOAT64_TOLERANCE_FLOOR,NUMERICALLY_RESOLVED,"[""coverage_core.jsonl#grid_index=87"", ""mp_cases\\0d22a41ca723\\168af6dda491b197fee3.json""]","{""x"": 0, ""v"": 0.01, ""tau"": 0.5, ""K"": 1, ""kappa"": 1, ""theta"": 0.04, ""sigma"": 0.282842712474619, ""rho"": -0.7, ""r"": 0.03, ""label"": ""R1""}"
CORE_GRID,88,R1,FAIL,"[""solver_error""]",FLOAT64_TOLERANCE_FLOOR,NUMERICALLY_RESOLVED,"[""coverage_core.jsonl#grid_index=88"", ""mp_cases\\0d22a41ca723\\e4498e111a239051be0b.json""]","{""x"": 0, ""v"": 0.01, ""tau"": 1, ""K"": 1, ""kappa"": 1, ""theta"": 0.04, ""sigma"": 0.282842712474619, ""rho"": -0.7, ""r"": 0.03, ""label"": ""R1""}"
CORE_GRID,89,R1,FAIL,"[""solver_error""]",FLOAT64_TOLERANCE_FLOOR,NUMERICALLY_RESOLVED,"[""coverage_core.jsonl#grid_index=89"", ""mp_cases\\0d22a41ca723\\6caf10fd97fe477dff81.json""]","{""x"": 0, ""v"": 0.01, ""tau"": 2, ""K"": 1, ""kappa"": 1, ""theta"": 0.04, ""sigma"": 0.282842712474619, ""rho"": -0.7, ""r"": 0.03, ""label"": ""R1""}"
CORE_GRID,90,R1,FAIL,"[""FD_derivative_amplification_or_truncation""]",FD_RESOLVED,NUMERICALLY_RESOLVED,"[""coverage_core.jsonl#grid_index=90"", ""mp_cases\\0d22a41ca723\\03a1923e199e64c29500.json""]","{""x"": 0, ""v"": 0.04, ""tau"": 0.003968253968253968, ""K"": 1, ""kappa"": 1, ""theta"": 0.04, ""sigma"": 0.282842712474619, ""rho"": -0.7, ""r"": 0.03, ""label"": ""R1""}"
CORE_GRID,91,R1,PASS,[],NOT_APPLICABLE_STRICT_PASS,NUMERICALLY_RESOLVED,"[""coverage_core.jsonl#grid_index=91""]","{""x"": 0, ""v"": 0.04, ""tau"": 0.01, ""K"": 1, ""kappa"": 1, ""theta"": 0.04, ""sigma"": 0.282842712474619, ""rho"": -0.7, ""r"": 0.03, ""label"": ""R1""}"
CORE_GRID,92,R1,FAIL,"[""solver_error""]",FLOAT64_TOLERANCE_FLOOR,NUMERICALLY_RESOLVED,"[""coverage_core.jsonl#grid_index=92"", ""mp_cases\\0d22a41ca723\\8dd7aa3bbac971611cfb.json""]","{""x"": 0, ""v"": 0.04, ""tau"": 0.1, ""K"": 1, ""kappa"": 1, ""theta"": 0.04, ""sigma"": 0.282842712474619, ""rho"": -0.7, ""r"": 0.03, ""label"": ""R1""}"
CORE_GRID,93,R1,FAIL,"[""solver_error""]",FLOAT64_TOLERANCE_FLOOR,NUMERICALLY_RESOLVED,"[""coverage_core.jsonl#grid_index=93"", ""mp_cases\\0d22a41ca723\\ac91aa2e671fc14cb0cb.json""]","{""x"": 0, ""v"": 0.04, ""tau"": 0.5, ""K"": 1, ""kappa"": 1, ""theta"": 0.04, ""sigma"": 0.282842712474619, ""rho"": -0.7, ""r"": 0.03, ""label"": ""R1""}"
CORE_GRID,94,R1,FAIL,"[""solver_error""]",UNRESOLVED,UNRESOLVED,"[""coverage_core.jsonl#grid_index=94"", ""mp_cases\\0d22a41ca723\\98d9e8ae94bfd76d261b.json"", ""EXTERNAL_RESULTS.json#near_Feller""]","{""x"": 0, ""v"": 0.04, ""tau"": 1, ""K"": 1, ""kappa"": 1, ""theta"": 0.04, ""sigma"": 0.282842712474619, ""rho"": -0.7, ""r"": 0.03, ""label"": ""R1""}"
CORE_GRID,95,R1,FAIL,"[""solver_error""]",FLOAT64_TOLERANCE_FLOOR,NUMERICALLY_RESOLVED,"[""coverage_core.jsonl#grid_index=95"", ""mp_cases\\0d22a41ca723\\02de73b4e91051c03754.json""]","{""x"": 0, ""v"": 0.04, ""tau"": 2, ""K"": 1, ""kappa"": 1, ""theta"": 0.04, ""sigma"": 0.282842712474619, ""rho"": -0.7, ""r"": 0.03, ""label"": ""R1""}"
CORE_GRID,96,R1,FAIL,"[""A_domain"", ""solver_error"", ""FD_uncertainty_budget_unresolved""]",FD_RESOLVED,NUMERICALLY_RESOLVED,"[""coverage_core.jsonl#grid_index=96"", ""mp_cases\\0d22a41ca723\\92738c419d888a6976dc.json""]","{""x"": 0.1, ""v"": 0.01, ""tau"": 0.003968253968253968, ""K"": 1, ""kappa"": 1, ""theta"": 0.04, ""sigma"": 0.282842712474619, ""rho"": -0.7, ""r"": 0.03, ""label"": ""R1""}"
CORE_GRID,97,R1,FAIL,"[""A_domain"", ""solver_error"", ""FD_uncertainty_budget_unresolved""]",FD_RESOLVED,NUMERICALLY_RESOLVED,"[""coverage_core.jsonl#grid_index=97"", ""mp_cases\\0d22a41ca723\\3d1768f2aca9aab7ea51.json""]","{""x"": 0.1, ""v"": 0.01, ""tau"": 0.01, ""K"": 1, ""kappa"": 1, ""theta"": 0.04, ""sigma"": 0.282842712474619, ""rho"": -0.7, ""r"": 0.03, ""label"": ""R1""}"
CORE_GRID,98,R1,FAIL,"[""solver_error""]",FLOAT64_TOLERANCE_FLOOR,NUMERICALLY_RESOLVED,"[""coverage_core.jsonl#grid_index=98"", ""mp_cases\\0d22a41ca723\\8b8dffedd454739c9f27.json""]","{""x"": 0.1, ""v"": 0.01, ""tau"": 0.1, ""K"": 1, ""kappa"": 1, ""theta"": 0.04, ""sigma"": 0.282842712474619, ""rho"": -0.7, ""r"": 0.03, ""label"": ""R1""}"
CORE_GRID,99,R1,FAIL,"[""solver_error""]",FLOAT64_TOLERANCE_FLOOR,NUMERICALLY_RESOLVED,"[""coverage_core.jsonl#grid_index=99"", ""mp_cases\\0d22a41ca723\\732a76befea44590600e.json""]","{""x"": 0.1, ""v"": 0.01, ""tau"": 0.5, ""K"": 1, ""kappa"": 1, ""theta"": 0.04, ""sigma"": 0.282842712474619, ""rho"": -0.7, ""r"": 0.03, ""label"": ""R1""}"
CORE_GRID,100,R1,FAIL,"[""solver_error""]",FLOAT64_TOLERANCE_FLOOR,NUMERICALLY_RESOLVED,"[""coverage_core.jsonl#grid_index=100"", ""mp_cases\\0d22a41ca723\\25338c335ce869e58846.json""]","{""x"": 0.1, ""v"": 0.01, ""tau"": 1, ""K"": 1, ""kappa"": 1, ""theta"": 0.04, ""sigma"": 0.282842712474619, ""rho"": -0.7, ""r"": 0.03, ""label"": ""R1""}"
CORE_GRID,101,R1,FAIL,"[""solver_error""]",FLOAT64_TOLERANCE_FLOOR,NUMERICALLY_RESOLVED,"[""coverage_core.jsonl#grid_index=101"", ""mp_cases\\0d22a41ca723\\bdb548593eada8537455.json""]","{""x"": 0.1, ""v"": 0.01, ""tau"": 2, ""K"": 1, ""kappa"": 1, ""theta"": 0.04, ""sigma"": 0.282842712474619, ""rho"": -0.7, ""r"": 0.03, ""label"": ""R1""}"
CORE_GRID,102,R1,FAIL,"[""solver_error"", ""FD_uncertainty_budget_unresolved""]",FD_RESOLVED,NUMERICALLY_RESOLVED,"[""coverage_core.jsonl#grid_index=102"", ""mp_cases\\0d22a41ca723\\817099341feb3f534b1c.json""]","{""x"": 0.1, ""v"": 0.04, ""tau"": 0.003968253968253968, ""K"": 1, ""kappa"": 1, ""theta"": 0.04, ""sigma"": 0.282842712474619, ""rho"": -0.7, ""r"": 0.03, ""label"": ""R1""}"
CORE_GRID,103,R1,FAIL,"[""solver_error""]",FLOAT64_TOLERANCE_FLOOR,NUMERICALLY_RESOLVED,"[""coverage_core.jsonl#grid_index=103"", ""mp_cases\\0d22a41ca723\\863d9d51ea1cca40f7b4.json""]","{""x"": 0.1, ""v"": 0.04, ""tau"": 0.01, ""K"": 1, ""kappa"": 1, ""theta"": 0.04, ""sigma"": 0.282842712474619, ""rho"": -0.7, ""r"": 0.03, ""label"": ""R1""}"
CORE_GRID,104,R1,FAIL,"[""solver_error""]",FLOAT64_TOLERANCE_FLOOR,NUMERICALLY_RESOLVED,"[""coverage_core.jsonl#grid_index=104"", ""mp_cases\\0d22a41ca723\\b99e9b0d5c434f5e703a.json""]","{""x"": 0.1, ""v"": 0.04, ""tau"": 0.1, ""K"": 1, ""kappa"": 1, ""theta"": 0.04, ""sigma"": 0.282842712474619, ""rho"": -0.7, ""r"": 0.03, ""label"": ""R1""}"
CORE_GRID,105,R1,FAIL,"[""solver_error""]",FLOAT64_TOLERANCE_FLOOR,NUMERICALLY_RESOLVED,"[""coverage_core.jsonl#grid_index=105"", ""mp_cases\\0d22a41ca723\\c9453a3fee0f5bf5a862.json""]","{""x"": 0.1, ""v"": 0.04, ""tau"": 0.5, ""K"": 1, ""kappa"": 1, ""theta"": 0.04, ""sigma"": 0.282842712474619, ""rho"": -0.7, ""r"": 0.03, ""label"": ""R1""}"
CORE_GRID,106,R1,FAIL,"[""solver_error""]",FLOAT64_TOLERANCE_FLOOR,NUMERICALLY_RESOLVED,"[""coverage_core.jsonl#grid_index=106"", ""mp_cases\\0d22a41ca723\\a9a2409c8a1a19a0bf30.json""]","{""x"": 0.1, ""v"": 0.04, ""tau"": 1, ""K"": 1, ""kappa"": 1, ""theta"": 0.04, ""sigma"": 0.282842712474619, ""rho"": -0.7, ""r"": 0.03, ""label"": ""R1""}"
CORE_GRID,107,R1,FAIL,"[""solver_error""]",FLOAT64_TOLERANCE_FLOOR,NUMERICALLY_RESOLVED,"[""coverage_core.jsonl#grid_index=107"", ""mp_cases\\0d22a41ca723\\027bd419eaccb83fdde0.json""]","{""x"": 0.1, ""v"": 0.04, ""tau"": 2, ""K"": 1, ""kappa"": 1, ""theta"": 0.04, ""sigma"": 0.282842712474619, ""rho"": -0.7, ""r"": 0.03, ""label"": ""R1""}"
CORE_GRID,108,R1,FAIL,"[""A_domain"", ""solver_error"", ""FD_uncertainty_budget_unresolved""]",UNRESOLVED,UNRESOLVED,"[""coverage_core.jsonl#grid_index=108""]","{""x"": 0.7, ""v"": 0.01, ""tau"": 0.003968253968253968, ""K"": 1, ""kappa"": 1, ""theta"": 0.04, ""sigma"": 0.282842712474619, ""rho"": -0.7, ""r"": 0.03, ""label"": ""R1""}"
CORE_GRID,109,R1,FAIL,"[""A_domain"", ""solver_error""]",UNRESOLVED,UNRESOLVED,"[""coverage_core.jsonl#grid_index=109""]","{""x"": 0.7, ""v"": 0.01, ""tau"": 0.01, ""K"": 1, ""kappa"": 1, ""theta"": 0.04, ""sigma"": 0.282842712474619, ""rho"": -0.7, ""r"": 0.03, ""label"": ""R1""}"
CORE_GRID,110,R1,FAIL,"[""solver_error""]",UNRESOLVED,UNRESOLVED,"[""coverage_core.jsonl#grid_index=110""]","{""x"": 0.7, ""v"": 0.01, ""tau"": 0.1, ""K"": 1, ""kappa"": 1, ""theta"": 0.04, ""sigma"": 0.282842712474619, ""rho"": -0.7, ""r"": 0.03, ""label"": ""R1""}"
CORE_GRID,111,R1,FAIL,"[""solver_error""]",FLOAT64_TOLERANCE_FLOOR,NUMERICALLY_RESOLVED,"[""coverage_core.jsonl#grid_index=111"", ""mp_cases\\0d22a41ca723\\35400a141f2dd34ba0a7.json""]","{""x"": 0.7, ""v"": 0.01, ""tau"": 0.5, ""K"": 1, ""kappa"": 1, ""theta"": 0.04, ""sigma"": 0.282842712474619, ""rho"": -0.7, ""r"": 0.03, ""label"": ""R1""}"
CORE_GRID,112,R1,FAIL,"[""solver_error""]",FLOAT64_TOLERANCE_FLOOR,NUMERICALLY_RESOLVED,"[""coverage_core.jsonl#grid_index=112"", ""mp_cases\\0d22a41ca723\\f2d5a94803a76c5d3562.json""]","{""x"": 0.7, ""v"": 0.01, ""tau"": 1, ""K"": 1, ""kappa"": 1, ""theta"": 0.04, ""sigma"": 0.282842712474619, ""rho"": -0.7, ""r"": 0.03, ""label"": ""R1""}"
CORE_GRID,113,R1,FAIL,"[""solver_error""]",FLOAT64_TOLERANCE_FLOOR,NUMERICALLY_RESOLVED,"[""coverage_core.jsonl#grid_index=113"", ""mp_cases\\0d22a41ca723\\a5fe2d3dc88b71ff4860.json""]","{""x"": 0.7, ""v"": 0.01, ""tau"": 2, ""K"": 1, ""kappa"": 1, ""theta"": 0.04, ""sigma"": 0.282842712474619, ""rho"": -0.7, ""r"": 0.03, ""label"": ""R1""}"
CORE_GRID,114,R1,FAIL,"[""solver_error""]",FLOAT64_TOLERANCE_FLOOR,NUMERICALLY_RESOLVED,"[""coverage_core.jsonl#grid_index=114"", ""mp_cases\\0d22a41ca723\\36fbd1921e3ce91f4586.json""]","{""x"": 0.7, ""v"": 0.04, ""tau"": 0.003968253968253968, ""K"": 1, ""kappa"": 1, ""theta"": 0.04, ""sigma"": 0.282842712474619, ""rho"": -0.7, ""r"": 0.03, ""label"": ""R1""}"
CORE_GRID,115,R1,FAIL,"[""solver_error""]",FLOAT64_TOLERANCE_FLOOR,NUMERICALLY_RESOLVED,"[""coverage_core.jsonl#grid_index=115"", ""mp_cases\\0d22a41ca723\\e68a97dc77347371a24f.json""]","{""x"": 0.7, ""v"": 0.04, ""tau"": 0.01, ""K"": 1, ""kappa"": 1, ""theta"": 0.04, ""sigma"": 0.282842712474619, ""rho"": -0.7, ""r"": 0.03, ""label"": ""R1""}"
CORE_GRID,116,R1,FAIL,"[""solver_error""]",FLOAT64_TOLERANCE_FLOOR,NUMERICALLY_RESOLVED,"[""coverage_core.jsonl#grid_index=116"", ""mp_cases\\0d22a41ca723\\7972d5868342de44b898.json""]","{""x"": 0.7, ""v"": 0.04, ""tau"": 0.1, ""K"": 1, ""kappa"": 1, ""theta"": 0.04, ""sigma"": 0.282842712474619, ""rho"": -0.7, ""r"": 0.03, ""label"": ""R1""}"
CORE_GRID,117,R1,FAIL,"[""solver_error""]",FLOAT64_TOLERANCE_FLOOR,NUMERICALLY_RESOLVED,"[""coverage_core.jsonl#grid_index=117"", ""mp_cases\\0d22a41ca723\\549818697f39a72d528e.json""]","{""x"": 0.7, ""v"": 0.04, ""tau"": 0.5, ""K"": 1, ""kappa"": 1, ""theta"": 0.04, ""sigma"": 0.282842712474619, ""rho"": -0.7, ""r"": 0.03, ""label"": ""R1""}"
CORE_GRID,118,R1,FAIL,"[""solver_error""]",FLOAT64_TOLERANCE_FLOOR,NUMERICALLY_RESOLVED,"[""coverage_core.jsonl#grid_index=118"", ""mp_cases\\0d22a41ca723\\0aa178301b4ef00bf637.json""]","{""x"": 0.7, ""v"": 0.04, ""tau"": 1, ""K"": 1, ""kappa"": 1, ""theta"": 0.04, ""sigma"": 0.282842712474619, ""rho"": -0.7, ""r"": 0.03, ""label"": ""R1""}"
CORE_GRID,119,R1,FAIL,"[""solver_error""]",FLOAT64_TOLERANCE_FLOOR,NUMERICALLY_RESOLVED,"[""coverage_core.jsonl#grid_index=119"", ""mp_cases\\0d22a41ca723\\6bac19a3531426f7d006.json""]","{""x"": 0.7, ""v"": 0.04, ""tau"": 2, ""K"": 1, ""kappa"": 1, ""theta"": 0.04, ""sigma"": 0.282842712474619, ""rho"": -0.7, ""r"": 0.03, ""label"": ""R1""}"
CORE_GRID,120,R2,FAIL,"[""A_domain"", ""solver_error"", ""FD_uncertainty_budget_unresolved""]",UNRESOLVED,UNRESOLVED,"[""coverage_core.jsonl#grid_index=120""]","{""x"": -0.7, ""v"": 0.01, ""tau"": 0.003968253968253968, ""K"": 1, ""kappa"": 1, ""theta"": 0.04, ""sigma"": 0.27, ""rho"": -0.7, ""r"": 0.03, ""label"": ""R2""}"
CORE_GRID,121,R2,FAIL,"[""A_domain"", ""solver_error"", ""FD_uncertainty_budget_unresolved""]",UNRESOLVED,UNRESOLVED,"[""coverage_core.jsonl#grid_index=121""]","{""x"": -0.7, ""v"": 0.01, ""tau"": 0.01, ""K"": 1, ""kappa"": 1, ""theta"": 0.04, ""sigma"": 0.27, ""rho"": -0.7, ""r"": 0.03, ""label"": ""R2""}"
CORE_GRID,122,R2,FAIL,"[""solver_error"", ""FD_uncertainty_budget_unresolved""]",UNRESOLVED,UNRESOLVED,"[""coverage_core.jsonl#grid_index=122""]","{""x"": -0.7, ""v"": 0.01, ""tau"": 0.1, ""K"": 1, ""kappa"": 1, ""theta"": 0.04, ""sigma"": 0.27, ""rho"": -0.7, ""r"": 0.03, ""label"": ""R2""}"
CORE_GRID,123,R2,FAIL,"[""solver_error"", ""FD_uncertainty_budget_unresolved""]",FD_RESOLVED,NUMERICALLY_RESOLVED,"[""coverage_core.jsonl#grid_index=123"", ""mp_cases\\0d22a41ca723\\a2ac9fa7acd859859df1.json""]","{""x"": -0.7, ""v"": 0.01, ""tau"": 0.5, ""K"": 1, ""kappa"": 1, ""theta"": 0.04, ""sigma"": 0.27, ""rho"": -0.7, ""r"": 0.03, ""label"": ""R2""}"
CORE_GRID,124,R2,FAIL,"[""solver_error"", ""FD_uncertainty_budget_unresolved""]",FD_RESOLVED,NUMERICALLY_RESOLVED,"[""coverage_core.jsonl#grid_index=124"", ""mp_cases\\0d22a41ca723\\1164e42a006b167e596f.json""]","{""x"": -0.7, ""v"": 0.01, ""tau"": 1, ""K"": 1, ""kappa"": 1, ""theta"": 0.04, ""sigma"": 0.27, ""rho"": -0.7, ""r"": 0.03, ""label"": ""R2""}"
CORE_GRID,125,R2,FAIL,"[""solver_error"", ""FD_uncertainty_budget_unresolved""]",FD_RESOLVED,NUMERICALLY_RESOLVED,"[""coverage_core.jsonl#grid_index=125"", ""mp_cases\\0d22a41ca723\\f3332e54950e22c1d4d8.json""]","{""x"": -0.7, ""v"": 0.01, ""tau"": 2, ""K"": 1, ""kappa"": 1, ""theta"": 0.04, ""sigma"": 0.27, ""rho"": -0.7, ""r"": 0.03, ""label"": ""R2""}"
CORE_GRID,126,R2,FAIL,"[""solver_error"", ""FD_uncertainty_budget_unresolved""]",FD_RESOLVED,NUMERICALLY_RESOLVED,"[""coverage_core.jsonl#grid_index=126"", ""mp_cases\\0d22a41ca723\\4b541bbe3943fd753245.json""]","{""x"": -0.7, ""v"": 0.04, ""tau"": 0.003968253968253968, ""K"": 1, ""kappa"": 1, ""theta"": 0.04, ""sigma"": 0.27, ""rho"": -0.7, ""r"": 0.03, ""label"": ""R2""}"
CORE_GRID,127,R2,FAIL,"[""solver_error"", ""FD_uncertainty_budget_unresolved""]",FD_RESOLVED,NUMERICALLY_RESOLVED,"[""coverage_core.jsonl#grid_index=127"", ""mp_cases\\0d22a41ca723\\04e8e1aca4f879552f96.json""]","{""x"": -0.7, ""v"": 0.04, ""tau"": 0.01, ""K"": 1, ""kappa"": 1, ""theta"": 0.04, ""sigma"": 0.27, ""rho"": -0.7, ""r"": 0.03, ""label"": ""R2""}"
CORE_GRID,128,R2,FAIL,"[""solver_error"", ""FD_uncertainty_budget_unresolved""]",FD_RESOLVED,NUMERICALLY_RESOLVED,"[""coverage_core.jsonl#grid_index=128"", ""mp_cases\\0d22a41ca723\\c14a3c85aacd8e5a06ac.json""]","{""x"": -0.7, ""v"": 0.04, ""tau"": 0.1, ""K"": 1, ""kappa"": 1, ""theta"": 0.04, ""sigma"": 0.27, ""rho"": -0.7, ""r"": 0.03, ""label"": ""R2""}"
CORE_GRID,129,R2,FAIL,"[""solver_error"", ""FD_uncertainty_budget_unresolved""]",FD_RESOLVED,NUMERICALLY_RESOLVED,"[""coverage_core.jsonl#grid_index=129"", ""mp_cases\\0d22a41ca723\\9d616753d066194f2f74.json""]","{""x"": -0.7, ""v"": 0.04, ""tau"": 0.5, ""K"": 1, ""kappa"": 1, ""theta"": 0.04, ""sigma"": 0.27, ""rho"": -0.7, ""r"": 0.03, ""label"": ""R2""}"
CORE_GRID,130,R2,FAIL,"[""solver_error"", ""FD_uncertainty_budget_unresolved""]",FD_RESOLVED,NUMERICALLY_RESOLVED,"[""coverage_core.jsonl#grid_index=130"", ""mp_cases\\0d22a41ca723\\6f00dd54a010c840fbed.json""]","{""x"": -0.7, ""v"": 0.04, ""tau"": 1, ""K"": 1, ""kappa"": 1, ""theta"": 0.04, ""sigma"": 0.27, ""rho"": -0.7, ""r"": 0.03, ""label"": ""R2""}"
CORE_GRID,131,R2,FAIL,"[""solver_error"", ""FD_uncertainty_budget_unresolved""]",FD_RESOLVED,NUMERICALLY_RESOLVED,"[""coverage_core.jsonl#grid_index=131"", ""mp_cases\\0d22a41ca723\\2007c7dbcecf6382d541.json""]","{""x"": -0.7, ""v"": 0.04, ""tau"": 2, ""K"": 1, ""kappa"": 1, ""theta"": 0.04, ""sigma"": 0.27, ""rho"": -0.7, ""r"": 0.03, ""label"": ""R2""}"
CORE_GRID,132,R2,FAIL,"[""A_domain"", ""solver_error"", ""FD_uncertainty_budget_unresolved""]",FD_RESOLVED,NUMERICALLY_RESOLVED,"[""coverage_core.jsonl#grid_index=132"", ""mp_cases\\0d22a41ca723\\62769dcb96a501bd5dea.json""]","{""x"": -0.1, ""v"": 0.01, ""tau"": 0.003968253968253968, ""K"": 1, ""kappa"": 1, ""theta"": 0.04, ""sigma"": 0.27, ""rho"": -0.7, ""r"": 0.03, ""label"": ""R2""}"
CORE_GRID,133,R2,FAIL,"[""A_domain"", ""solver_error"", ""FD_uncertainty_budget_unresolved""]",FD_RESOLVED,NUMERICALLY_RESOLVED,"[""coverage_core.jsonl#grid_index=133"", ""mp_cases\\0d22a41ca723\\60a45c0673368eaf8d1b.json""]","{""x"": -0.1, ""v"": 0.01, ""tau"": 0.01, ""K"": 1, ""kappa"": 1, ""theta"": 0.04, ""sigma"": 0.27, ""rho"": -0.7, ""r"": 0.03, ""label"": ""R2""}"
CORE_GRID,134,R2,FAIL,"[""solver_error"", ""FD_uncertainty_budget_unresolved""]",FD_RESOLVED,NUMERICALLY_RESOLVED,"[""coverage_core.jsonl#grid_index=134"", ""mp_cases\\0d22a41ca723\\e502d07349e432f160f9.json""]","{""x"": -0.1, ""v"": 0.01, ""tau"": 0.1, ""K"": 1, ""kappa"": 1, ""theta"": 0.04, ""sigma"": 0.27, ""rho"": -0.7, ""r"": 0.03, ""label"": ""R2""}"
CORE_GRID,135,R2,PASS,[],NOT_APPLICABLE_STRICT_PASS,NUMERICALLY_RESOLVED,"[""coverage_core.jsonl#grid_index=135""]","{""x"": -0.1, ""v"": 0.01, ""tau"": 0.5, ""K"": 1, ""kappa"": 1, ""theta"": 0.04, ""sigma"": 0.27, ""rho"": -0.7, ""r"": 0.03, ""label"": ""R2""}"
CORE_GRID,136,R2,FAIL,"[""solver_error""]",FLOAT64_TOLERANCE_FLOOR,NUMERICALLY_RESOLVED,"[""coverage_core.jsonl#grid_index=136"", ""mp_cases\\0d22a41ca723\\005caca037f2ea36e41a.json""]","{""x"": -0.1, ""v"": 0.01, ""tau"": 1, ""K"": 1, ""kappa"": 1, ""theta"": 0.04, ""sigma"": 0.27, ""rho"": -0.7, ""r"": 0.03, ""label"": ""R2""}"
CORE_GRID,137,R2,PASS,[],NOT_APPLICABLE_STRICT_PASS,NUMERICALLY_RESOLVED,"[""coverage_core.jsonl#grid_index=137""]","{""x"": -0.1, ""v"": 0.01, ""tau"": 2, ""K"": 1, ""kappa"": 1, ""theta"": 0.04, ""sigma"": 0.27, ""rho"": -0.7, ""r"": 0.03, ""label"": ""R2""}"
CORE_GRID,138,R2,FAIL,"[""solver_error"", ""FD_uncertainty_budget_unresolved""]",FD_RESOLVED,NUMERICALLY_RESOLVED,"[""coverage_core.jsonl#grid_index=138"", ""mp_cases\\0d22a41ca723\\bb307c86d36414f71392.json""]","{""x"": -0.1, ""v"": 0.04, ""tau"": 0.003968253968253968, ""K"": 1, ""kappa"": 1, ""theta"": 0.04, ""sigma"": 0.27, ""rho"": -0.7, ""r"": 0.03, ""label"": ""R2""}"
CORE_GRID,139,R2,FAIL,"[""solver_error"", ""FD_uncertainty_budget_unresolved""]",FD_RESOLVED,NUMERICALLY_RESOLVED,"[""coverage_core.jsonl#grid_index=139"", ""mp_cases\\0d22a41ca723\\6266fa6821e429394ec9.json""]","{""x"": -0.1, ""v"": 0.04, ""tau"": 0.01, ""K"": 1, ""kappa"": 1, ""theta"": 0.04, ""sigma"": 0.27, ""rho"": -0.7, ""r"": 0.03, ""label"": ""R2""}"
CORE_GRID,140,R2,FAIL,"[""solver_error""]",FLOAT64_TOLERANCE_FLOOR,NUMERICALLY_RESOLVED,"[""coverage_core.jsonl#grid_index=140"", ""mp_cases\\0d22a41ca723\\f5ed08cbbf3819369c17.json""]","{""x"": -0.1, ""v"": 0.04, ""tau"": 0.1, ""K"": 1, ""kappa"": 1, ""theta"": 0.04, ""sigma"": 0.27, ""rho"": -0.7, ""r"": 0.03, ""label"": ""R2""}"
CORE_GRID,141,R2,FAIL,"[""solver_error""]",FLOAT64_TOLERANCE_FLOOR,NUMERICALLY_RESOLVED,"[""coverage_core.jsonl#grid_index=141"", ""mp_cases\\0d22a41ca723\\e3047be8569abd81e6cb.json""]","{""x"": -0.1, ""v"": 0.04, ""tau"": 0.5, ""K"": 1, ""kappa"": 1, ""theta"": 0.04, ""sigma"": 0.27, ""rho"": -0.7, ""r"": 0.03, ""label"": ""R2""}"
CORE_GRID,142,R2,FAIL,"[""solver_error""]",FLOAT64_TOLERANCE_FLOOR,NUMERICALLY_RESOLVED,"[""coverage_core.jsonl#grid_index=142"", ""mp_cases\\0d22a41ca723\\4ee877c9cd365c9c0715.json""]","{""x"": -0.1, ""v"": 0.04, ""tau"": 1, ""K"": 1, ""kappa"": 1, ""theta"": 0.04, ""sigma"": 0.27, ""rho"": -0.7, ""r"": 0.03, ""label"": ""R2""}"
CORE_GRID,143,R2,PASS,[],NOT_APPLICABLE_STRICT_PASS,NUMERICALLY_RESOLVED,"[""coverage_core.jsonl#grid_index=143""]","{""x"": -0.1, ""v"": 0.04, ""tau"": 2, ""K"": 1, ""kappa"": 1, ""theta"": 0.04, ""sigma"": 0.27, ""rho"": -0.7, ""r"": 0.03, ""label"": ""R2""}"
CORE_GRID,144,R2,FAIL,"[""A_domain"", ""FD_derivative_amplification_or_truncation"", ""strike_FD_derivative_unresolved""]",FD_RESOLVED,NUMERICALLY_RESOLVED,"[""coverage_core.jsonl#grid_index=144"", ""mp_cases\\0d22a41ca723\\a0935b11434f9cc7f0c9.json""]","{""x"": 0, ""v"": 0.01, ""tau"": 0.003968253968253968, ""K"": 1, ""kappa"": 1, ""theta"": 0.04, ""sigma"": 0.27, ""rho"": -0.7, ""r"": 0.03, ""label"": ""R2""}"
CORE_GRID,145,R2,FAIL,"[""FD_derivative_amplification_or_truncation""]",FD_RESOLVED,NUMERICALLY_RESOLVED,"[""coverage_core.jsonl#grid_index=145"", ""mp_cases\\0d22a41ca723\\a09ab149db79f5ff6d7d.json""]","{""x"": 0, ""v"": 0.01, ""tau"": 0.01, ""K"": 1, ""kappa"": 1, ""theta"": 0.04, ""sigma"": 0.27, ""rho"": -0.7, ""r"": 0.03, ""label"": ""R2""}"
CORE_GRID,146,R2,PASS,[],NOT_APPLICABLE_STRICT_PASS,NUMERICALLY_RESOLVED,"[""coverage_core.jsonl#grid_index=146""]","{""x"": 0, ""v"": 0.01, ""tau"": 0.1, ""K"": 1, ""kappa"": 1, ""theta"": 0.04, ""sigma"": 0.27, ""rho"": -0.7, ""r"": 0.03, ""label"": ""R2""}"
CORE_GRID,147,R2,FAIL,"[""solver_error""]",FLOAT64_TOLERANCE_FLOOR,NUMERICALLY_RESOLVED,"[""coverage_core.jsonl#grid_index=147"", ""mp_cases\\0d22a41ca723\\3dced1f046dc8c7074c5.json""]","{""x"": 0, ""v"": 0.01, ""tau"": 0.5, ""K"": 1, ""kappa"": 1, ""theta"": 0.04, ""sigma"": 0.27, ""rho"": -0.7, ""r"": 0.03, ""label"": ""R2""}"
CORE_GRID,148,R2,FAIL,"[""solver_error""]",FLOAT64_TOLERANCE_FLOOR,NUMERICALLY_RESOLVED,"[""coverage_core.jsonl#grid_index=148"", ""mp_cases\\0d22a41ca723\\2f6a045c38f5026f0e52.json""]","{""x"": 0, ""v"": 0.01, ""tau"": 1, ""K"": 1, ""kappa"": 1, ""theta"": 0.04, ""sigma"": 0.27, ""rho"": -0.7, ""r"": 0.03, ""label"": ""R2""}"
CORE_GRID,149,R2,FAIL,"[""solver_error""]",FLOAT64_TOLERANCE_FLOOR,NUMERICALLY_RESOLVED,"[""coverage_core.jsonl#grid_index=149"", ""mp_cases\\0d22a41ca723\\5be47f46572fe5deaa65.json""]","{""x"": 0, ""v"": 0.01, ""tau"": 2, ""K"": 1, ""kappa"": 1, ""theta"": 0.04, ""sigma"": 0.27, ""rho"": -0.7, ""r"": 0.03, ""label"": ""R2""}"
CORE_GRID,150,R2,FAIL,"[""FD_derivative_amplification_or_truncation""]",FD_RESOLVED,NUMERICALLY_RESOLVED,"[""coverage_core.jsonl#grid_index=150"", ""mp_cases\\0d22a41ca723\\26c59d7b1893326ab8f9.json""]","{""x"": 0, ""v"": 0.04, ""tau"": 0.003968253968253968, ""K"": 1, ""kappa"": 1, ""theta"": 0.04, ""sigma"": 0.27, ""rho"": -0.7, ""r"": 0.03, ""label"": ""R2""}"
CORE_GRID,151,R2,PASS,[],NOT_APPLICABLE_STRICT_PASS,NUMERICALLY_RESOLVED,"[""coverage_core.jsonl#grid_index=151""]","{""x"": 0, ""v"": 0.04, ""tau"": 0.01, ""K"": 1, ""kappa"": 1, ""theta"": 0.04, ""sigma"": 0.27, ""rho"": -0.7, ""r"": 0.03, ""label"": ""R2""}"
CORE_GRID,152,R2,FAIL,"[""solver_error""]",FLOAT64_TOLERANCE_FLOOR,NUMERICALLY_RESOLVED,"[""coverage_core.jsonl#grid_index=152"", ""mp_cases\\0d22a41ca723\\9b5da42007b020503768.json""]","{""x"": 0, ""v"": 0.04, ""tau"": 0.1, ""K"": 1, ""kappa"": 1, ""theta"": 0.04, ""sigma"": 0.27, ""rho"": -0.7, ""r"": 0.03, ""label"": ""R2""}"
CORE_GRID,153,R2,FAIL,"[""solver_error""]",FLOAT64_TOLERANCE_FLOOR,NUMERICALLY_RESOLVED,"[""coverage_core.jsonl#grid_index=153"", ""mp_cases\\0d22a41ca723\\440bca11c97c94a74771.json""]","{""x"": 0, ""v"": 0.04, ""tau"": 0.5, ""K"": 1, ""kappa"": 1, ""theta"": 0.04, ""sigma"": 0.27, ""rho"": -0.7, ""r"": 0.03, ""label"": ""R2""}"
CORE_GRID,154,R2,FAIL,"[""solver_error""]",FLOAT64_TOLERANCE_FLOOR,NUMERICALLY_RESOLVED,"[""coverage_core.jsonl#grid_index=154"", ""mp_cases\\0d22a41ca723\\acb4e83f17ce859b0410.json""]","{""x"": 0, ""v"": 0.04, ""tau"": 1, ""K"": 1, ""kappa"": 1, ""theta"": 0.04, ""sigma"": 0.27, ""rho"": -0.7, ""r"": 0.03, ""label"": ""R2""}"
CORE_GRID,155,R2,FAIL,"[""solver_error""]",FLOAT64_TOLERANCE_FLOOR,NUMERICALLY_RESOLVED,"[""coverage_core.jsonl#grid_index=155"", ""mp_cases\\0d22a41ca723\\2c964e7b02fe7ba074b9.json""]","{""x"": 0, ""v"": 0.04, ""tau"": 2, ""K"": 1, ""kappa"": 1, ""theta"": 0.04, ""sigma"": 0.27, ""rho"": -0.7, ""r"": 0.03, ""label"": ""R2""}"
CORE_GRID,156,R2,FAIL,"[""A_domain"", ""solver_error"", ""FD_uncertainty_budget_unresolved""]",FD_RESOLVED,NUMERICALLY_RESOLVED,"[""coverage_core.jsonl#grid_index=156"", ""mp_cases\\0d22a41ca723\\51f24c2d95f246145f07.json""]","{""x"": 0.1, ""v"": 0.01, ""tau"": 0.003968253968253968, ""K"": 1, ""kappa"": 1, ""theta"": 0.04, ""sigma"": 0.27, ""rho"": -0.7, ""r"": 0.03, ""label"": ""R2""}"
CORE_GRID,157,R2,FAIL,"[""A_domain"", ""solver_error"", ""FD_uncertainty_budget_unresolved""]",FD_RESOLVED,NUMERICALLY_RESOLVED,"[""coverage_core.jsonl#grid_index=157"", ""mp_cases\\0d22a41ca723\\6b14a94c930d3697cb08.json""]","{""x"": 0.1, ""v"": 0.01, ""tau"": 0.01, ""K"": 1, ""kappa"": 1, ""theta"": 0.04, ""sigma"": 0.27, ""rho"": -0.7, ""r"": 0.03, ""label"": ""R2""}"
CORE_GRID,158,R2,FAIL,"[""solver_error""]",FLOAT64_TOLERANCE_FLOOR,NUMERICALLY_RESOLVED,"[""coverage_core.jsonl#grid_index=158"", ""mp_cases\\0d22a41ca723\\bfb8ed18282206abdb0a.json""]","{""x"": 0.1, ""v"": 0.01, ""tau"": 0.1, ""K"": 1, ""kappa"": 1, ""theta"": 0.04, ""sigma"": 0.27, ""rho"": -0.7, ""r"": 0.03, ""label"": ""R2""}"
CORE_GRID,159,R2,FAIL,"[""solver_error""]",FLOAT64_TOLERANCE_FLOOR,NUMERICALLY_RESOLVED,"[""coverage_core.jsonl#grid_index=159"", ""mp_cases\\0d22a41ca723\\9702ae21a66ba4736bef.json""]","{""x"": 0.1, ""v"": 0.01, ""tau"": 0.5, ""K"": 1, ""kappa"": 1, ""theta"": 0.04, ""sigma"": 0.27, ""rho"": -0.7, ""r"": 0.03, ""label"": ""R2""}"
CORE_GRID,160,R2,FAIL,"[""solver_error""]",FLOAT64_TOLERANCE_FLOOR,NUMERICALLY_RESOLVED,"[""coverage_core.jsonl#grid_index=160"", ""mp_cases\\0d22a41ca723\\537b2af27f29d8461a0d.json""]","{""x"": 0.1, ""v"": 0.01, ""tau"": 1, ""K"": 1, ""kappa"": 1, ""theta"": 0.04, ""sigma"": 0.27, ""rho"": -0.7, ""r"": 0.03, ""label"": ""R2""}"
CORE_GRID,161,R2,FAIL,"[""solver_error""]",FLOAT64_TOLERANCE_FLOOR,NUMERICALLY_RESOLVED,"[""coverage_core.jsonl#grid_index=161"", ""mp_cases\\0d22a41ca723\\aaea58b057e530771bca.json""]","{""x"": 0.1, ""v"": 0.01, ""tau"": 2, ""K"": 1, ""kappa"": 1, ""theta"": 0.04, ""sigma"": 0.27, ""rho"": -0.7, ""r"": 0.03, ""label"": ""R2""}"
CORE_GRID,162,R2,FAIL,"[""solver_error"", ""FD_uncertainty_budget_unresolved""]",FD_RESOLVED,NUMERICALLY_RESOLVED,"[""coverage_core.jsonl#grid_index=162"", ""mp_cases\\0d22a41ca723\\7b6cc67c40f21c4d3d31.json""]","{""x"": 0.1, ""v"": 0.04, ""tau"": 0.003968253968253968, ""K"": 1, ""kappa"": 1, ""theta"": 0.04, ""sigma"": 0.27, ""rho"": -0.7, ""r"": 0.03, ""label"": ""R2""}"
CORE_GRID,163,R2,FAIL,"[""solver_error""]",FLOAT64_TOLERANCE_FLOOR,NUMERICALLY_RESOLVED,"[""coverage_core.jsonl#grid_index=163"", ""mp_cases\\0d22a41ca723\\27c83c72ef3c735aea9c.json""]","{""x"": 0.1, ""v"": 0.04, ""tau"": 0.01, ""K"": 1, ""kappa"": 1, ""theta"": 0.04, ""sigma"": 0.27, ""rho"": -0.7, ""r"": 0.03, ""label"": ""R2""}"
CORE_GRID,164,R2,FAIL,"[""solver_error""]",FLOAT64_TOLERANCE_FLOOR,NUMERICALLY_RESOLVED,"[""coverage_core.jsonl#grid_index=164"", ""mp_cases\\0d22a41ca723\\1ed334fdb37313e13628.json""]","{""x"": 0.1, ""v"": 0.04, ""tau"": 0.1, ""K"": 1, ""kappa"": 1, ""theta"": 0.04, ""sigma"": 0.27, ""rho"": -0.7, ""r"": 0.03, ""label"": ""R2""}"
CORE_GRID,165,R2,FAIL,"[""solver_error""]",FLOAT64_TOLERANCE_FLOOR,NUMERICALLY_RESOLVED,"[""coverage_core.jsonl#grid_index=165"", ""mp_cases\\0d22a41ca723\\9c36bc6b94a0921dcda1.json""]","{""x"": 0.1, ""v"": 0.04, ""tau"": 0.5, ""K"": 1, ""kappa"": 1, ""theta"": 0.04, ""sigma"": 0.27, ""rho"": -0.7, ""r"": 0.03, ""label"": ""R2""}"
CORE_GRID,166,R2,FAIL,"[""solver_error""]",FLOAT64_TOLERANCE_FLOOR,NUMERICALLY_RESOLVED,"[""coverage_core.jsonl#grid_index=166"", ""mp_cases\\0d22a41ca723\\b902c65af3a1fe5d4059.json""]","{""x"": 0.1, ""v"": 0.04, ""tau"": 1, ""K"": 1, ""kappa"": 1, ""theta"": 0.04, ""sigma"": 0.27, ""rho"": -0.7, ""r"": 0.03, ""label"": ""R2""}"
CORE_GRID,167,R2,FAIL,"[""solver_error""]",FLOAT64_TOLERANCE_FLOOR,NUMERICALLY_RESOLVED,"[""coverage_core.jsonl#grid_index=167"", ""mp_cases\\0d22a41ca723\\56a1a5b1a87e548a093b.json""]","{""x"": 0.1, ""v"": 0.04, ""tau"": 2, ""K"": 1, ""kappa"": 1, ""theta"": 0.04, ""sigma"": 0.27, ""rho"": -0.7, ""r"": 0.03, ""label"": ""R2""}"
CORE_GRID,168,R2,FAIL,"[""A_domain"", ""solver_error"", ""FD_uncertainty_budget_unresolved""]",UNRESOLVED,UNRESOLVED,"[""coverage_core.jsonl#grid_index=168""]","{""x"": 0.7, ""v"": 0.01, ""tau"": 0.003968253968253968, ""K"": 1, ""kappa"": 1, ""theta"": 0.04, ""sigma"": 0.27, ""rho"": -0.7, ""r"": 0.03, ""label"": ""R2""}"
CORE_GRID,169,R2,FAIL,"[""A_domain"", ""solver_error""]",UNRESOLVED,UNRESOLVED,"[""coverage_core.jsonl#grid_index=169""]","{""x"": 0.7, ""v"": 0.01, ""tau"": 0.01, ""K"": 1, ""kappa"": 1, ""theta"": 0.04, ""sigma"": 0.27, ""rho"": -0.7, ""r"": 0.03, ""label"": ""R2""}"
CORE_GRID,170,R2,FAIL,"[""solver_error""]",UNRESOLVED,UNRESOLVED,"[""coverage_core.jsonl#grid_index=170""]","{""x"": 0.7, ""v"": 0.01, ""tau"": 0.1, ""K"": 1, ""kappa"": 1, ""theta"": 0.04, ""sigma"": 0.27, ""rho"": -0.7, ""r"": 0.03, ""label"": ""R2""}"
CORE_GRID,171,R2,FAIL,"[""solver_error""]",FLOAT64_TOLERANCE_FLOOR,NUMERICALLY_RESOLVED,"[""coverage_core.jsonl#grid_index=171"", ""mp_cases\\0d22a41ca723\\de0985578f2412195546.json""]","{""x"": 0.7, ""v"": 0.01, ""tau"": 0.5, ""K"": 1, ""kappa"": 1, ""theta"": 0.04, ""sigma"": 0.27, ""rho"": -0.7, ""r"": 0.03, ""label"": ""R2""}"
CORE_GRID,172,R2,FAIL,"[""solver_error""]",FLOAT64_TOLERANCE_FLOOR,NUMERICALLY_RESOLVED,"[""coverage_core.jsonl#grid_index=172"", ""mp_cases\\0d22a41ca723\\fd13e113d07d8da0c770.json""]","{""x"": 0.7, ""v"": 0.01, ""tau"": 1, ""K"": 1, ""kappa"": 1, ""theta"": 0.04, ""sigma"": 0.27, ""rho"": -0.7, ""r"": 0.03, ""label"": ""R2""}"
CORE_GRID,173,R2,FAIL,"[""solver_error""]",FLOAT64_TOLERANCE_FLOOR,NUMERICALLY_RESOLVED,"[""coverage_core.jsonl#grid_index=173"", ""mp_cases\\0d22a41ca723\\c61bdc9b5e619ea91b60.json""]","{""x"": 0.7, ""v"": 0.01, ""tau"": 2, ""K"": 1, ""kappa"": 1, ""theta"": 0.04, ""sigma"": 0.27, ""rho"": -0.7, ""r"": 0.03, ""label"": ""R2""}"
CORE_GRID,174,R2,FAIL,"[""solver_error""]",UNRESOLVED,UNRESOLVED,"[""coverage_core.jsonl#grid_index=174""]","{""x"": 0.7, ""v"": 0.04, ""tau"": 0.003968253968253968, ""K"": 1, ""kappa"": 1, ""theta"": 0.04, ""sigma"": 0.27, ""rho"": -0.7, ""r"": 0.03, ""label"": ""R2""}"
CORE_GRID,175,R2,FAIL,"[""solver_error""]",FLOAT64_TOLERANCE_FLOOR,NUMERICALLY_RESOLVED,"[""coverage_core.jsonl#grid_index=175"", ""mp_cases\\0d22a41ca723\\83de5844d1918bdf5cb7.json""]","{""x"": 0.7, ""v"": 0.04, ""tau"": 0.01, ""K"": 1, ""kappa"": 1, ""theta"": 0.04, ""sigma"": 0.27, ""rho"": -0.7, ""r"": 0.03, ""label"": ""R2""}"
CORE_GRID,176,R2,FAIL,"[""solver_error""]",FLOAT64_TOLERANCE_FLOOR,NUMERICALLY_RESOLVED,"[""coverage_core.jsonl#grid_index=176"", ""mp_cases\\0d22a41ca723\\d1d2227a6900eb833d5d.json""]","{""x"": 0.7, ""v"": 0.04, ""tau"": 0.1, ""K"": 1, ""kappa"": 1, ""theta"": 0.04, ""sigma"": 0.27, ""rho"": -0.7, ""r"": 0.03, ""label"": ""R2""}"
CORE_GRID,177,R2,FAIL,"[""solver_error""]",FLOAT64_TOLERANCE_FLOOR,NUMERICALLY_RESOLVED,"[""coverage_core.jsonl#grid_index=177"", ""mp_cases\\0d22a41ca723\\6937c4e64b2b0f133b10.json""]","{""x"": 0.7, ""v"": 0.04, ""tau"": 0.5, ""K"": 1, ""kappa"": 1, ""theta"": 0.04, ""sigma"": 0.27, ""rho"": -0.7, ""r"": 0.03, ""label"": ""R2""}"
CORE_GRID,178,R2,FAIL,"[""solver_error""]",FLOAT64_TOLERANCE_FLOOR,NUMERICALLY_RESOLVED,"[""coverage_core.jsonl#grid_index=178"", ""mp_cases\\0d22a41ca723\\60910f18f7e55cc06be4.json""]","{""x"": 0.7, ""v"": 0.04, ""tau"": 1, ""K"": 1, ""kappa"": 1, ""theta"": 0.04, ""sigma"": 0.27, ""rho"": -0.7, ""r"": 0.03, ""label"": ""R2""}"
CORE_GRID,179,R2,FAIL,"[""solver_error""]",FLOAT64_TOLERANCE_FLOOR,NUMERICALLY_RESOLVED,"[""coverage_core.jsonl#grid_index=179"", ""mp_cases\\0d22a41ca723\\47cea386017e319cc7ca.json""]","{""x"": 0.7, ""v"": 0.04, ""tau"": 2, ""K"": 1, ""kappa"": 1, ""theta"": 0.04, ""sigma"": 0.27, ""rho"": -0.7, ""r"": 0.03, ""label"": ""R2""}"
CORE_GRID,180,R3,FAIL,"[""A_domain"", ""solver_error"", ""FD_uncertainty_budget_unresolved""]",UNRESOLVED,UNRESOLVED,"[""coverage_core.jsonl#grid_index=180""]","{""x"": -0.7, ""v"": 0.01, ""tau"": 0.003968253968253968, ""K"": 1, ""kappa"": 1, ""theta"": 0.04, ""sigma"": 0.3, ""rho"": -0.7, ""r"": 0.03, ""label"": ""R3""}"
CORE_GRID,181,R3,FAIL,"[""A_domain"", ""solver_error"", ""FD_uncertainty_budget_unresolved""]",UNRESOLVED,UNRESOLVED,"[""coverage_core.jsonl#grid_index=181""]","{""x"": -0.7, ""v"": 0.01, ""tau"": 0.01, ""K"": 1, ""kappa"": 1, ""theta"": 0.04, ""sigma"": 0.3, ""rho"": -0.7, ""r"": 0.03, ""label"": ""R3""}"
CORE_GRID,182,R3,FAIL,"[""solver_error"", ""FD_uncertainty_budget_unresolved""]",UNRESOLVED,UNRESOLVED,"[""coverage_core.jsonl#grid_index=182""]","{""x"": -0.7, ""v"": 0.01, ""tau"": 0.1, ""K"": 1, ""kappa"": 1, ""theta"": 0.04, ""sigma"": 0.3, ""rho"": -0.7, ""r"": 0.03, ""label"": ""R3""}"
CORE_GRID,183,R3,FAIL,"[""solver_error"", ""FD_uncertainty_budget_unresolved""]",UNRESOLVED,UNRESOLVED,"[""coverage_core.jsonl#grid_index=183""]","{""x"": -0.7, ""v"": 0.01, ""tau"": 0.5, ""K"": 1, ""kappa"": 1, ""theta"": 0.04, ""sigma"": 0.3, ""rho"": -0.7, ""r"": 0.03, ""label"": ""R3""}"
CORE_GRID,184,R3,FAIL,"[""solver_error"", ""FD_uncertainty_budget_unresolved""]",FD_RESOLVED,NUMERICALLY_RESOLVED,"[""coverage_core.jsonl#grid_index=184"", ""mp_cases\\0d22a41ca723\\b36f33f5113fa71ed7a6.json""]","{""x"": -0.7, ""v"": 0.01, ""tau"": 1, ""K"": 1, ""kappa"": 1, ""theta"": 0.04, ""sigma"": 0.3, ""rho"": -0.7, ""r"": 0.03, ""label"": ""R3""}"
CORE_GRID,185,R3,FAIL,"[""solver_error"", ""FD_uncertainty_budget_unresolved""]",UNRESOLVED,UNRESOLVED,"[""coverage_core.jsonl#grid_index=185""]","{""x"": -0.7, ""v"": 0.01, ""tau"": 2, ""K"": 1, ""kappa"": 1, ""theta"": 0.04, ""sigma"": 0.3, ""rho"": -0.7, ""r"": 0.03, ""label"": ""R3""}"
CORE_GRID,186,R3,FAIL,"[""solver_error"", ""FD_uncertainty_budget_unresolved""]",UNRESOLVED,UNRESOLVED,"[""coverage_core.jsonl#grid_index=186""]","{""x"": -0.7, ""v"": 0.04, ""tau"": 0.003968253968253968, ""K"": 1, ""kappa"": 1, ""theta"": 0.04, ""sigma"": 0.3, ""rho"": -0.7, ""r"": 0.03, ""label"": ""R3""}"
CORE_GRID,187,R3,FAIL,"[""solver_error"", ""FD_uncertainty_budget_unresolved""]",UNRESOLVED,UNRESOLVED,"[""coverage_core.jsonl#grid_index=187""]","{""x"": -0.7, ""v"": 0.04, ""tau"": 0.01, ""K"": 1, ""kappa"": 1, ""theta"": 0.04, ""sigma"": 0.3, ""rho"": -0.7, ""r"": 0.03, ""label"": ""R3""}"
CORE_GRID,188,R3,FAIL,"[""solver_error"", ""FD_uncertainty_budget_unresolved""]",UNRESOLVED,UNRESOLVED,"[""coverage_core.jsonl#grid_index=188""]","{""x"": -0.7, ""v"": 0.04, ""tau"": 0.1, ""K"": 1, ""kappa"": 1, ""theta"": 0.04, ""sigma"": 0.3, ""rho"": -0.7, ""r"": 0.03, ""label"": ""R3""}"
CORE_GRID,189,R3,FAIL,"[""solver_error"", ""FD_uncertainty_budget_unresolved""]",UNRESOLVED,UNRESOLVED,"[""coverage_core.jsonl#grid_index=189""]","{""x"": -0.7, ""v"": 0.04, ""tau"": 0.5, ""K"": 1, ""kappa"": 1, ""theta"": 0.04, ""sigma"": 0.3, ""rho"": -0.7, ""r"": 0.03, ""label"": ""R3""}"
CORE_GRID,190,R3,FAIL,"[""solver_error"", ""FD_uncertainty_budget_unresolved""]",UNRESOLVED,UNRESOLVED,"[""coverage_core.jsonl#grid_index=190""]","{""x"": -0.7, ""v"": 0.04, ""tau"": 1, ""K"": 1, ""kappa"": 1, ""theta"": 0.04, ""sigma"": 0.3, ""rho"": -0.7, ""r"": 0.03, ""label"": ""R3""}"
CORE_GRID,191,R3,FAIL,"[""solver_error"", ""FD_uncertainty_budget_unresolved""]",UNRESOLVED,UNRESOLVED,"[""coverage_core.jsonl#grid_index=191""]","{""x"": -0.7, ""v"": 0.04, ""tau"": 2, ""K"": 1, ""kappa"": 1, ""theta"": 0.04, ""sigma"": 0.3, ""rho"": -0.7, ""r"": 0.03, ""label"": ""R3""}"
CORE_GRID,192,R3,FAIL,"[""A_domain"", ""solver_error"", ""FD_uncertainty_budget_unresolved""]",UNRESOLVED,UNRESOLVED,"[""coverage_core.jsonl#grid_index=192""]","{""x"": -0.1, ""v"": 0.01, ""tau"": 0.003968253968253968, ""K"": 1, ""kappa"": 1, ""theta"": 0.04, ""sigma"": 0.3, ""rho"": -0.7, ""r"": 0.03, ""label"": ""R3""}"
CORE_GRID,193,R3,FAIL,"[""A_domain"", ""solver_error"", ""FD_uncertainty_budget_unresolved""]",UNRESOLVED,UNRESOLVED,"[""coverage_core.jsonl#grid_index=193""]","{""x"": -0.1, ""v"": 0.01, ""tau"": 0.01, ""K"": 1, ""kappa"": 1, ""theta"": 0.04, ""sigma"": 0.3, ""rho"": -0.7, ""r"": 0.03, ""label"": ""R3""}"
CORE_GRID,194,R3,FAIL,"[""solver_error"", ""FD_uncertainty_budget_unresolved""]",UNRESOLVED,UNRESOLVED,"[""coverage_core.jsonl#grid_index=194""]","{""x"": -0.1, ""v"": 0.01, ""tau"": 0.1, ""K"": 1, ""kappa"": 1, ""theta"": 0.04, ""sigma"": 0.3, ""rho"": -0.7, ""r"": 0.03, ""label"": ""R3""}"
CORE_GRID,195,R3,FAIL,"[""solver_error""]",UNRESOLVED,UNRESOLVED,"[""coverage_core.jsonl#grid_index=195""]","{""x"": -0.1, ""v"": 0.01, ""tau"": 0.5, ""K"": 1, ""kappa"": 1, ""theta"": 0.04, ""sigma"": 0.3, ""rho"": -0.7, ""r"": 0.03, ""label"": ""R3""}"
CORE_GRID,196,R3,FAIL,"[""solver_error""]",UNRESOLVED,UNRESOLVED,"[""coverage_core.jsonl#grid_index=196""]","{""x"": -0.1, ""v"": 0.01, ""tau"": 1, ""K"": 1, ""kappa"": 1, ""theta"": 0.04, ""sigma"": 0.3, ""rho"": -0.7, ""r"": 0.03, ""label"": ""R3""}"
CORE_GRID,197,R3,PASS,[],NOT_APPLICABLE_STRICT_PASS,NUMERICALLY_RESOLVED,"[""coverage_core.jsonl#grid_index=197""]","{""x"": -0.1, ""v"": 0.01, ""tau"": 2, ""K"": 1, ""kappa"": 1, ""theta"": 0.04, ""sigma"": 0.3, ""rho"": -0.7, ""r"": 0.03, ""label"": ""R3""}"
CORE_GRID,198,R3,FAIL,"[""solver_error"", ""FD_uncertainty_budget_unresolved""]",UNRESOLVED,UNRESOLVED,"[""coverage_core.jsonl#grid_index=198""]","{""x"": -0.1, ""v"": 0.04, ""tau"": 0.003968253968253968, ""K"": 1, ""kappa"": 1, ""theta"": 0.04, ""sigma"": 0.3, ""rho"": -0.7, ""r"": 0.03, ""label"": ""R3""}"
CORE_GRID,199,R3,FAIL,"[""solver_error"", ""FD_uncertainty_budget_unresolved""]",UNRESOLVED,UNRESOLVED,"[""coverage_core.jsonl#grid_index=199""]","{""x"": -0.1, ""v"": 0.04, ""tau"": 0.01, ""K"": 1, ""kappa"": 1, ""theta"": 0.04, ""sigma"": 0.3, ""rho"": -0.7, ""r"": 0.03, ""label"": ""R3""}"
CORE_GRID,200,R3,FAIL,"[""solver_error""]",UNRESOLVED,UNRESOLVED,"[""coverage_core.jsonl#grid_index=200""]","{""x"": -0.1, ""v"": 0.04, ""tau"": 0.1, ""K"": 1, ""kappa"": 1, ""theta"": 0.04, ""sigma"": 0.3, ""rho"": -0.7, ""r"": 0.03, ""label"": ""R3""}"
CORE_GRID,201,R3,PASS,[],NOT_APPLICABLE_STRICT_PASS,NUMERICALLY_RESOLVED,"[""coverage_core.jsonl#grid_index=201""]","{""x"": -0.1, ""v"": 0.04, ""tau"": 0.5, ""K"": 1, ""kappa"": 1, ""theta"": 0.04, ""sigma"": 0.3, ""rho"": -0.7, ""r"": 0.03, ""label"": ""R3""}"
CORE_GRID,202,R3,FAIL,"[""solver_error""]",UNRESOLVED,UNRESOLVED,"[""coverage_core.jsonl#grid_index=202""]","{""x"": -0.1, ""v"": 0.04, ""tau"": 1, ""K"": 1, ""kappa"": 1, ""theta"": 0.04, ""sigma"": 0.3, ""rho"": -0.7, ""r"": 0.03, ""label"": ""R3""}"
CORE_GRID,203,R3,FAIL,"[""solver_error""]",UNRESOLVED,UNRESOLVED,"[""coverage_core.jsonl#grid_index=203""]","{""x"": -0.1, ""v"": 0.04, ""tau"": 2, ""K"": 1, ""kappa"": 1, ""theta"": 0.04, ""sigma"": 0.3, ""rho"": -0.7, ""r"": 0.03, ""label"": ""R3""}"
CORE_GRID,204,R3,FAIL,"[""A_domain"", ""FD_derivative_amplification_or_truncation"", ""strike_FD_derivative_unresolved""]",UNRESOLVED,UNRESOLVED,"[""coverage_core.jsonl#grid_index=204"", ""reference_v2/HP_GREEK_PRIORITY.json""]","{""x"": 0, ""v"": 0.01, ""tau"": 0.003968253968253968, ""K"": 1, ""kappa"": 1, ""theta"": 0.04, ""sigma"": 0.3, ""rho"": -0.7, ""r"": 0.03, ""label"": ""R3""}"
CORE_GRID,205,R3,FAIL,"[""A_domain"", ""FD_derivative_amplification_or_truncation""]",FD_RESOLVED,NUMERICALLY_RESOLVED,"[""coverage_core.jsonl#grid_index=205"", ""reference_v2/HP_GREEK_PRIORITY.json""]","{""x"": 0, ""v"": 0.01, ""tau"": 0.01, ""K"": 1, ""kappa"": 1, ""theta"": 0.04, ""sigma"": 0.3, ""rho"": -0.7, ""r"": 0.03, ""label"": ""R3""}"
CORE_GRID,206,R3,PASS,[],NOT_APPLICABLE_STRICT_PASS,NUMERICALLY_RESOLVED,"[""coverage_core.jsonl#grid_index=206""]","{""x"": 0, ""v"": 0.01, ""tau"": 0.1, ""K"": 1, ""kappa"": 1, ""theta"": 0.04, ""sigma"": 0.3, ""rho"": -0.7, ""r"": 0.03, ""label"": ""R3""}"
CORE_GRID,207,R3,FAIL,"[""solver_error""]",UNRESOLVED,UNRESOLVED,"[""coverage_core.jsonl#grid_index=207""]","{""x"": 0, ""v"": 0.01, ""tau"": 0.5, ""K"": 1, ""kappa"": 1, ""theta"": 0.04, ""sigma"": 0.3, ""rho"": -0.7, ""r"": 0.03, ""label"": ""R3""}"
CORE_GRID,208,R3,FAIL,"[""solver_error""]",UNRESOLVED,UNRESOLVED,"[""coverage_core.jsonl#grid_index=208""]","{""x"": 0, ""v"": 0.01, ""tau"": 1, ""K"": 1, ""kappa"": 1, ""theta"": 0.04, ""sigma"": 0.3, ""rho"": -0.7, ""r"": 0.03, ""label"": ""R3""}"
CORE_GRID,209,R3,FAIL,"[""solver_error""]",UNRESOLVED,UNRESOLVED,"[""coverage_core.jsonl#grid_index=209""]","{""x"": 0, ""v"": 0.01, ""tau"": 2, ""K"": 1, ""kappa"": 1, ""theta"": 0.04, ""sigma"": 0.3, ""rho"": -0.7, ""r"": 0.03, ""label"": ""R3""}"
CORE_GRID,210,R3,FAIL,"[""FD_derivative_amplification_or_truncation""]",FD_RESOLVED,NUMERICALLY_RESOLVED,"[""coverage_core.jsonl#grid_index=210"", ""reference_v2/HP_GREEK_PRIORITY.json""]","{""x"": 0, ""v"": 0.04, ""tau"": 0.003968253968253968, ""K"": 1, ""kappa"": 1, ""theta"": 0.04, ""sigma"": 0.3, ""rho"": -0.7, ""r"": 0.03, ""label"": ""R3""}"
CORE_GRID,211,R3,PASS,[],NOT_APPLICABLE_STRICT_PASS,NUMERICALLY_RESOLVED,"[""coverage_core.jsonl#grid_index=211""]","{""x"": 0, ""v"": 0.04, ""tau"": 0.01, ""K"": 1, ""kappa"": 1, ""theta"": 0.04, ""sigma"": 0.3, ""rho"": -0.7, ""r"": 0.03, ""label"": ""R3""}"
CORE_GRID,212,R3,PASS,[],NOT_APPLICABLE_STRICT_PASS,NUMERICALLY_RESOLVED,"[""coverage_core.jsonl#grid_index=212""]","{""x"": 0, ""v"": 0.04, ""tau"": 0.1, ""K"": 1, ""kappa"": 1, ""theta"": 0.04, ""sigma"": 0.3, ""rho"": -0.7, ""r"": 0.03, ""label"": ""R3""}"
CORE_GRID,213,R3,FAIL,"[""solver_error""]",UNRESOLVED,UNRESOLVED,"[""coverage_core.jsonl#grid_index=213""]","{""x"": 0, ""v"": 0.04, ""tau"": 0.5, ""K"": 1, ""kappa"": 1, ""theta"": 0.04, ""sigma"": 0.3, ""rho"": -0.7, ""r"": 0.03, ""label"": ""R3""}"
CORE_GRID,214,R3,FAIL,"[""solver_error""]",UNRESOLVED,UNRESOLVED,"[""coverage_core.jsonl#grid_index=214""]","{""x"": 0, ""v"": 0.04, ""tau"": 1, ""K"": 1, ""kappa"": 1, ""theta"": 0.04, ""sigma"": 0.3, ""rho"": -0.7, ""r"": 0.03, ""label"": ""R3""}"
CORE_GRID,215,R3,FAIL,"[""solver_error""]",UNRESOLVED,UNRESOLVED,"[""coverage_core.jsonl#grid_index=215""]","{""x"": 0, ""v"": 0.04, ""tau"": 2, ""K"": 1, ""kappa"": 1, ""theta"": 0.04, ""sigma"": 0.3, ""rho"": -0.7, ""r"": 0.03, ""label"": ""R3""}"
CORE_GRID,216,R3,FAIL,"[""A_domain"", ""solver_error"", ""FD_uncertainty_budget_unresolved""]",UNRESOLVED,UNRESOLVED,"[""coverage_core.jsonl#grid_index=216""]","{""x"": 0.1, ""v"": 0.01, ""tau"": 0.003968253968253968, ""K"": 1, ""kappa"": 1, ""theta"": 0.04, ""sigma"": 0.3, ""rho"": -0.7, ""r"": 0.03, ""label"": ""R3""}"
CORE_GRID,217,R3,FAIL,"[""A_domain"", ""solver_error"", ""FD_uncertainty_budget_unresolved""]",UNRESOLVED,UNRESOLVED,"[""coverage_core.jsonl#grid_index=217""]","{""x"": 0.1, ""v"": 0.01, ""tau"": 0.01, ""K"": 1, ""kappa"": 1, ""theta"": 0.04, ""sigma"": 0.3, ""rho"": -0.7, ""r"": 0.03, ""label"": ""R3""}"
CORE_GRID,218,R3,FAIL,"[""solver_error""]",UNRESOLVED,UNRESOLVED,"[""coverage_core.jsonl#grid_index=218""]","{""x"": 0.1, ""v"": 0.01, ""tau"": 0.1, ""K"": 1, ""kappa"": 1, ""theta"": 0.04, ""sigma"": 0.3, ""rho"": -0.7, ""r"": 0.03, ""label"": ""R3""}"
CORE_GRID,219,R3,FAIL,"[""solver_error""]",UNRESOLVED,UNRESOLVED,"[""coverage_core.jsonl#grid_index=219""]","{""x"": 0.1, ""v"": 0.01, ""tau"": 0.5, ""K"": 1, ""kappa"": 1, ""theta"": 0.04, ""sigma"": 0.3, ""rho"": -0.7, ""r"": 0.03, ""label"": ""R3""}"
CORE_GRID,220,R3,FAIL,"[""solver_error""]",UNRESOLVED,UNRESOLVED,"[""coverage_core.jsonl#grid_index=220""]","{""x"": 0.1, ""v"": 0.01, ""tau"": 1, ""K"": 1, ""kappa"": 1, ""theta"": 0.04, ""sigma"": 0.3, ""rho"": -0.7, ""r"": 0.03, ""label"": ""R3""}"
CORE_GRID,221,R3,FAIL,"[""solver_error""]",UNRESOLVED,UNRESOLVED,"[""coverage_core.jsonl#grid_index=221""]","{""x"": 0.1, ""v"": 0.01, ""tau"": 2, ""K"": 1, ""kappa"": 1, ""theta"": 0.04, ""sigma"": 0.3, ""rho"": -0.7, ""r"": 0.03, ""label"": ""R3""}"
CORE_GRID,222,R3,FAIL,"[""solver_error"", ""FD_uncertainty_budget_unresolved""]",UNRESOLVED,UNRESOLVED,"[""coverage_core.jsonl#grid_index=222""]","{""x"": 0.1, ""v"": 0.04, ""tau"": 0.003968253968253968, ""K"": 1, ""kappa"": 1, ""theta"": 0.04, ""sigma"": 0.3, ""rho"": -0.7, ""r"": 0.03, ""label"": ""R3""}"
CORE_GRID,223,R3,FAIL,"[""solver_error""]",UNRESOLVED,UNRESOLVED,"[""coverage_core.jsonl#grid_index=223""]","{""x"": 0.1, ""v"": 0.04, ""tau"": 0.01, ""K"": 1, ""kappa"": 1, ""theta"": 0.04, ""sigma"": 0.3, ""rho"": -0.7, ""r"": 0.03, ""label"": ""R3""}"
CORE_GRID,224,R3,FAIL,"[""solver_error""]",UNRESOLVED,UNRESOLVED,"[""coverage_core.jsonl#grid_index=224""]","{""x"": 0.1, ""v"": 0.04, ""tau"": 0.1, ""K"": 1, ""kappa"": 1, ""theta"": 0.04, ""sigma"": 0.3, ""rho"": -0.7, ""r"": 0.03, ""label"": ""R3""}"
CORE_GRID,225,R3,FAIL,"[""solver_error""]",UNRESOLVED,UNRESOLVED,"[""coverage_core.jsonl#grid_index=225""]","{""x"": 0.1, ""v"": 0.04, ""tau"": 0.5, ""K"": 1, ""kappa"": 1, ""theta"": 0.04, ""sigma"": 0.3, ""rho"": -0.7, ""r"": 0.03, ""label"": ""R3""}"
CORE_GRID,226,R3,FAIL,"[""solver_error""]",UNRESOLVED,UNRESOLVED,"[""coverage_core.jsonl#grid_index=226""]","{""x"": 0.1, ""v"": 0.04, ""tau"": 1, ""K"": 1, ""kappa"": 1, ""theta"": 0.04, ""sigma"": 0.3, ""rho"": -0.7, ""r"": 0.03, ""label"": ""R3""}"
CORE_GRID,227,R3,FAIL,"[""solver_error""]",UNRESOLVED,UNRESOLVED,"[""coverage_core.jsonl#grid_index=227""]","{""x"": 0.1, ""v"": 0.04, ""tau"": 2, ""K"": 1, ""kappa"": 1, ""theta"": 0.04, ""sigma"": 0.3, ""rho"": -0.7, ""r"": 0.03, ""label"": ""R3""}"
CORE_GRID,228,R3,FAIL,"[""A_domain"", ""solver_error"", ""FD_uncertainty_budget_unresolved""]",UNRESOLVED,UNRESOLVED,"[""coverage_core.jsonl#grid_index=228""]","{""x"": 0.7, ""v"": 0.01, ""tau"": 0.003968253968253968, ""K"": 1, ""kappa"": 1, ""theta"": 0.04, ""sigma"": 0.3, ""rho"": -0.7, ""r"": 0.03, ""label"": ""R3""}"
CORE_GRID,229,R3,FAIL,"[""A_domain"", ""solver_error""]",UNRESOLVED,UNRESOLVED,"[""coverage_core.jsonl#grid_index=229""]","{""x"": 0.7, ""v"": 0.01, ""tau"": 0.01, ""K"": 1, ""kappa"": 1, ""theta"": 0.04, ""sigma"": 0.3, ""rho"": -0.7, ""r"": 0.03, ""label"": ""R3""}"
CORE_GRID,230,R3,FAIL,"[""solver_error""]",UNRESOLVED,UNRESOLVED,"[""coverage_core.jsonl#grid_index=230""]","{""x"": 0.7, ""v"": 0.01, ""tau"": 0.1, ""K"": 1, ""kappa"": 1, ""theta"": 0.04, ""sigma"": 0.3, ""rho"": -0.7, ""r"": 0.03, ""label"": ""R3""}"
CORE_GRID,231,R3,FAIL,"[""solver_error""]",UNRESOLVED,UNRESOLVED,"[""coverage_core.jsonl#grid_index=231""]","{""x"": 0.7, ""v"": 0.01, ""tau"": 0.5, ""K"": 1, ""kappa"": 1, ""theta"": 0.04, ""sigma"": 0.3, ""rho"": -0.7, ""r"": 0.03, ""label"": ""R3""}"
CORE_GRID,232,R3,FAIL,"[""solver_error""]",UNRESOLVED,UNRESOLVED,"[""coverage_core.jsonl#grid_index=232""]","{""x"": 0.7, ""v"": 0.01, ""tau"": 1, ""K"": 1, ""kappa"": 1, ""theta"": 0.04, ""sigma"": 0.3, ""rho"": -0.7, ""r"": 0.03, ""label"": ""R3""}"
CORE_GRID,233,R3,FAIL,"[""solver_error""]",UNRESOLVED,UNRESOLVED,"[""coverage_core.jsonl#grid_index=233""]","{""x"": 0.7, ""v"": 0.01, ""tau"": 2, ""K"": 1, ""kappa"": 1, ""theta"": 0.04, ""sigma"": 0.3, ""rho"": -0.7, ""r"": 0.03, ""label"": ""R3""}"
CORE_GRID,234,R3,FAIL,"[""solver_error""]",UNRESOLVED,UNRESOLVED,"[""coverage_core.jsonl#grid_index=234""]","{""x"": 0.7, ""v"": 0.04, ""tau"": 0.003968253968253968, ""K"": 1, ""kappa"": 1, ""theta"": 0.04, ""sigma"": 0.3, ""rho"": -0.7, ""r"": 0.03, ""label"": ""R3""}"
CORE_GRID,235,R3,FAIL,"[""solver_error""]",UNRESOLVED,UNRESOLVED,"[""coverage_core.jsonl#grid_index=235""]","{""x"": 0.7, ""v"": 0.04, ""tau"": 0.01, ""K"": 1, ""kappa"": 1, ""theta"": 0.04, ""sigma"": 0.3, ""rho"": -0.7, ""r"": 0.03, ""label"": ""R3""}"
CORE_GRID,236,R3,FAIL,"[""solver_error""]",UNRESOLVED,UNRESOLVED,"[""coverage_core.jsonl#grid_index=236""]","{""x"": 0.7, ""v"": 0.04, ""tau"": 0.1, ""K"": 1, ""kappa"": 1, ""theta"": 0.04, ""sigma"": 0.3, ""rho"": -0.7, ""r"": 0.03, ""label"": ""R3""}"
CORE_GRID,237,R3,FAIL,"[""solver_error""]",UNRESOLVED,UNRESOLVED,"[""coverage_core.jsonl#grid_index=237""]","{""x"": 0.7, ""v"": 0.04, ""tau"": 0.5, ""K"": 1, ""kappa"": 1, ""theta"": 0.04, ""sigma"": 0.3, ""rho"": -0.7, ""r"": 0.03, ""label"": ""R3""}"
CORE_GRID,238,R3,FAIL,"[""solver_error""]",UNRESOLVED,UNRESOLVED,"[""coverage_core.jsonl#grid_index=238""]","{""x"": 0.7, ""v"": 0.04, ""tau"": 1, ""K"": 1, ""kappa"": 1, ""theta"": 0.04, ""sigma"": 0.3, ""rho"": -0.7, ""r"": 0.03, ""label"": ""R3""}"
CORE_GRID,239,R3,FAIL,"[""solver_error""]",UNRESOLVED,UNRESOLVED,"[""coverage_core.jsonl#grid_index=239""]","{""x"": 0.7, ""v"": 0.04, ""tau"": 2, ""K"": 1, ""kappa"": 1, ""theta"": 0.04, ""sigma"": 0.3, ""rho"": -0.7, ""r"": 0.03, ""label"": ""R3""}"
CORE_GRID,240,R5,FAIL,"[""A_domain"", ""solver_error"", ""FD_uncertainty_budget_unresolved""]",UNRESOLVED,UNRESOLVED,"[""coverage_core.jsonl#grid_index=240""]","{""x"": -0.7, ""v"": 0.01, ""tau"": 0.003968253968253968, ""K"": 1, ""kappa"": 4, ""theta"": 0.12, ""sigma"": 0.8, ""rho"": -0.1, ""r"": 0, ""label"": ""R5""}"
CORE_GRID,241,R5,FAIL,"[""A_domain"", ""solver_error"", ""FD_uncertainty_budget_unresolved""]",UNRESOLVED,UNRESOLVED,"[""coverage_core.jsonl#grid_index=241""]","{""x"": -0.7, ""v"": 0.01, ""tau"": 0.01, ""K"": 1, ""kappa"": 4, ""theta"": 0.12, ""sigma"": 0.8, ""rho"": -0.1, ""r"": 0, ""label"": ""R5""}"
CORE_GRID,242,R5,FAIL,"[""solver_error"", ""FD_uncertainty_budget_unresolved""]",UNRESOLVED,UNRESOLVED,"[""coverage_core.jsonl#grid_index=242""]","{""x"": -0.7, ""v"": 0.01, ""tau"": 0.1, ""K"": 1, ""kappa"": 4, ""theta"": 0.12, ""sigma"": 0.8, ""rho"": -0.1, ""r"": 0, ""label"": ""R5""}"
CORE_GRID,243,R5,FAIL,"[""solver_error"", ""FD_uncertainty_budget_unresolved""]",UNRESOLVED,UNRESOLVED,"[""coverage_core.jsonl#grid_index=243""]","{""x"": -0.7, ""v"": 0.01, ""tau"": 0.5, ""K"": 1, ""kappa"": 4, ""theta"": 0.12, ""sigma"": 0.8, ""rho"": -0.1, ""r"": 0, ""label"": ""R5""}"
CORE_GRID,244,R5,FAIL,"[""solver_error""]",UNRESOLVED,UNRESOLVED,"[""coverage_core.jsonl#grid_index=244""]","{""x"": -0.7, ""v"": 0.01, ""tau"": 1, ""K"": 1, ""kappa"": 4, ""theta"": 0.12, ""sigma"": 0.8, ""rho"": -0.1, ""r"": 0, ""label"": ""R5""}"
CORE_GRID,245,R5,FAIL,"[""solver_error""]",UNRESOLVED,UNRESOLVED,"[""coverage_core.jsonl#grid_index=245""]","{""x"": -0.7, ""v"": 0.01, ""tau"": 2, ""K"": 1, ""kappa"": 4, ""theta"": 0.12, ""sigma"": 0.8, ""rho"": -0.1, ""r"": 0, ""label"": ""R5""}"
CORE_GRID,246,R5,FAIL,"[""solver_error"", ""FD_uncertainty_budget_unresolved""]",UNRESOLVED,UNRESOLVED,"[""coverage_core.jsonl#grid_index=246""]","{""x"": -0.7, ""v"": 0.04, ""tau"": 0.003968253968253968, ""K"": 1, ""kappa"": 4, ""theta"": 0.12, ""sigma"": 0.8, ""rho"": -0.1, ""r"": 0, ""label"": ""R5""}"
CORE_GRID,247,R5,FAIL,"[""solver_error"", ""FD_uncertainty_budget_unresolved""]",UNRESOLVED,UNRESOLVED,"[""coverage_core.jsonl#grid_index=247""]","{""x"": -0.7, ""v"": 0.04, ""tau"": 0.01, ""K"": 1, ""kappa"": 4, ""theta"": 0.12, ""sigma"": 0.8, ""rho"": -0.1, ""r"": 0, ""label"": ""R5""}"
CORE_GRID,248,R5,FAIL,"[""solver_error"", ""FD_uncertainty_budget_unresolved""]",UNRESOLVED,UNRESOLVED,"[""coverage_core.jsonl#grid_index=248""]","{""x"": -0.7, ""v"": 0.04, ""tau"": 0.1, ""K"": 1, ""kappa"": 4, ""theta"": 0.12, ""sigma"": 0.8, ""rho"": -0.1, ""r"": 0, ""label"": ""R5""}"
CORE_GRID,249,R5,FAIL,"[""solver_error"", ""FD_uncertainty_budget_unresolved""]",UNRESOLVED,UNRESOLVED,"[""coverage_core.jsonl#grid_index=249""]","{""x"": -0.7, ""v"": 0.04, ""tau"": 0.5, ""K"": 1, ""kappa"": 4, ""theta"": 0.12, ""sigma"": 0.8, ""rho"": -0.1, ""r"": 0, ""label"": ""R5""}"
CORE_GRID,250,R5,FAIL,"[""solver_error""]",UNRESOLVED,UNRESOLVED,"[""coverage_core.jsonl#grid_index=250""]","{""x"": -0.7, ""v"": 0.04, ""tau"": 1, ""K"": 1, ""kappa"": 4, ""theta"": 0.12, ""sigma"": 0.8, ""rho"": -0.1, ""r"": 0, ""label"": ""R5""}"
CORE_GRID,251,R5,FAIL,"[""solver_error""]",UNRESOLVED,UNRESOLVED,"[""coverage_core.jsonl#grid_index=251""]","{""x"": -0.7, ""v"": 0.04, ""tau"": 2, ""K"": 1, ""kappa"": 4, ""theta"": 0.12, ""sigma"": 0.8, ""rho"": -0.1, ""r"": 0, ""label"": ""R5""}"
CORE_GRID,252,R5,FAIL,"[""A_domain"", ""solver_error"", ""FD_uncertainty_budget_unresolved""]",UNRESOLVED,UNRESOLVED,"[""coverage_core.jsonl#grid_index=252""]","{""x"": -0.1, ""v"": 0.01, ""tau"": 0.003968253968253968, ""K"": 1, ""kappa"": 4, ""theta"": 0.12, ""sigma"": 0.8, ""rho"": -0.1, ""r"": 0, ""label"": ""R5""}"
CORE_GRID,253,R5,FAIL,"[""A_domain"", ""solver_error"", ""FD_uncertainty_budget_unresolved""]",UNRESOLVED,UNRESOLVED,"[""coverage_core.jsonl#grid_index=253""]","{""x"": -0.1, ""v"": 0.01, ""tau"": 0.01, ""K"": 1, ""kappa"": 4, ""theta"": 0.12, ""sigma"": 0.8, ""rho"": -0.1, ""r"": 0, ""label"": ""R5""}"
CORE_GRID,254,R5,FAIL,"[""solver_error""]",UNRESOLVED,UNRESOLVED,"[""coverage_core.jsonl#grid_index=254""]","{""x"": -0.1, ""v"": 0.01, ""tau"": 0.1, ""K"": 1, ""kappa"": 4, ""theta"": 0.12, ""sigma"": 0.8, ""rho"": -0.1, ""r"": 0, ""label"": ""R5""}"
CORE_GRID,255,R5,PASS,[],NOT_APPLICABLE_STRICT_PASS,NUMERICALLY_RESOLVED,"[""coverage_core.jsonl#grid_index=255""]","{""x"": -0.1, ""v"": 0.01, ""tau"": 0.5, ""K"": 1, ""kappa"": 4, ""theta"": 0.12, ""sigma"": 0.8, ""rho"": -0.1, ""r"": 0, ""label"": ""R5""}"
CORE_GRID,256,R5,FAIL,"[""solver_error""]",UNRESOLVED,UNRESOLVED,"[""coverage_core.jsonl#grid_index=256""]","{""x"": -0.1, ""v"": 0.01, ""tau"": 1, ""K"": 1, ""kappa"": 4, ""theta"": 0.12, ""sigma"": 0.8, ""rho"": -0.1, ""r"": 0, ""label"": ""R5""}"
CORE_GRID,257,R5,FAIL,"[""solver_error""]",UNRESOLVED,UNRESOLVED,"[""coverage_core.jsonl#grid_index=257""]","{""x"": -0.1, ""v"": 0.01, ""tau"": 2, ""K"": 1, ""kappa"": 4, ""theta"": 0.12, ""sigma"": 0.8, ""rho"": -0.1, ""r"": 0, ""label"": ""R5""}"
CORE_GRID,258,R5,FAIL,"[""solver_error"", ""FD_uncertainty_budget_unresolved""]",UNRESOLVED,UNRESOLVED,"[""coverage_core.jsonl#grid_index=258""]","{""x"": -0.1, ""v"": 0.04, ""tau"": 0.003968253968253968, ""K"": 1, ""kappa"": 4, ""theta"": 0.12, ""sigma"": 0.8, ""rho"": -0.1, ""r"": 0, ""label"": ""R5""}"
CORE_GRID,259,R5,FAIL,"[""solver_error"", ""FD_uncertainty_budget_unresolved""]",UNRESOLVED,UNRESOLVED,"[""coverage_core.jsonl#grid_index=259""]","{""x"": -0.1, ""v"": 0.04, ""tau"": 0.01, ""K"": 1, ""kappa"": 4, ""theta"": 0.12, ""sigma"": 0.8, ""rho"": -0.1, ""r"": 0, ""label"": ""R5""}"
CORE_GRID,260,R5,FAIL,"[""solver_error""]",UNRESOLVED,UNRESOLVED,"[""coverage_core.jsonl#grid_index=260""]","{""x"": -0.1, ""v"": 0.04, ""tau"": 0.1, ""K"": 1, ""kappa"": 4, ""theta"": 0.12, ""sigma"": 0.8, ""rho"": -0.1, ""r"": 0, ""label"": ""R5""}"
CORE_GRID,261,R5,FAIL,"[""solver_error""]",UNRESOLVED,UNRESOLVED,"[""coverage_core.jsonl#grid_index=261""]","{""x"": -0.1, ""v"": 0.04, ""tau"": 0.5, ""K"": 1, ""kappa"": 4, ""theta"": 0.12, ""sigma"": 0.8, ""rho"": -0.1, ""r"": 0, ""label"": ""R5""}"
CORE_GRID,262,R5,FAIL,"[""solver_error""]",UNRESOLVED,UNRESOLVED,"[""coverage_core.jsonl#grid_index=262""]","{""x"": -0.1, ""v"": 0.04, ""tau"": 1, ""K"": 1, ""kappa"": 4, ""theta"": 0.12, ""sigma"": 0.8, ""rho"": -0.1, ""r"": 0, ""label"": ""R5""}"
CORE_GRID,263,R5,FAIL,"[""solver_error""]",UNRESOLVED,UNRESOLVED,"[""coverage_core.jsonl#grid_index=263""]","{""x"": -0.1, ""v"": 0.04, ""tau"": 2, ""K"": 1, ""kappa"": 4, ""theta"": 0.12, ""sigma"": 0.8, ""rho"": -0.1, ""r"": 0, ""label"": ""R5""}"
CORE_GRID,264,R5,FAIL,"[""A_domain"", ""FD_derivative_amplification_or_truncation""]",FD_RESOLVED,NUMERICALLY_RESOLVED,"[""coverage_core.jsonl#grid_index=264"", ""reference_v2/HP_GREEK_PRIORITY.json""]","{""x"": 0, ""v"": 0.01, ""tau"": 0.003968253968253968, ""K"": 1, ""kappa"": 4, ""theta"": 0.12, ""sigma"": 0.8, ""rho"": -0.1, ""r"": 0, ""label"": ""R5""}"
CORE_GRID,265,R5,FAIL,"[""A_domain"", ""FD_derivative_amplification_or_truncation""]",FD_RESOLVED,NUMERICALLY_RESOLVED,"[""coverage_core.jsonl#grid_index=265"", ""reference_v2/HP_GREEK_PRIORITY.json""]","{""x"": 0, ""v"": 0.01, ""tau"": 0.01, ""K"": 1, ""kappa"": 4, ""theta"": 0.12, ""sigma"": 0.8, ""rho"": -0.1, ""r"": 0, ""label"": ""R5""}"
CORE_GRID,266,R5,PASS,[],NOT_APPLICABLE_STRICT_PASS,NUMERICALLY_RESOLVED,"[""coverage_core.jsonl#grid_index=266""]","{""x"": 0, ""v"": 0.01, ""tau"": 0.1, ""K"": 1, ""kappa"": 4, ""theta"": 0.12, ""sigma"": 0.8, ""rho"": -0.1, ""r"": 0, ""label"": ""R5""}"
CORE_GRID,267,R5,FAIL,"[""solver_error""]",UNRESOLVED,UNRESOLVED,"[""coverage_core.jsonl#grid_index=267""]","{""x"": 0, ""v"": 0.01, ""tau"": 0.5, ""K"": 1, ""kappa"": 4, ""theta"": 0.12, ""sigma"": 0.8, ""rho"": -0.1, ""r"": 0, ""label"": ""R5""}"
CORE_GRID,268,R5,FAIL,"[""solver_error""]",UNRESOLVED,UNRESOLVED,"[""coverage_core.jsonl#grid_index=268""]","{""x"": 0, ""v"": 0.01, ""tau"": 1, ""K"": 1, ""kappa"": 4, ""theta"": 0.12, ""sigma"": 0.8, ""rho"": -0.1, ""r"": 0, ""label"": ""R5""}"
CORE_GRID,269,R5,FAIL,"[""solver_error""]",UNRESOLVED,UNRESOLVED,"[""coverage_core.jsonl#grid_index=269""]","{""x"": 0, ""v"": 0.01, ""tau"": 2, ""K"": 1, ""kappa"": 4, ""theta"": 0.12, ""sigma"": 0.8, ""rho"": -0.1, ""r"": 0, ""label"": ""R5""}"
CORE_GRID,270,R5,FAIL,"[""FD_derivative_amplification_or_truncation""]",FD_RESOLVED,NUMERICALLY_RESOLVED,"[""coverage_core.jsonl#grid_index=270"", ""reference_v2/HP_GREEK_PRIORITY.json""]","{""x"": 0, ""v"": 0.04, ""tau"": 0.003968253968253968, ""K"": 1, ""kappa"": 4, ""theta"": 0.12, ""sigma"": 0.8, ""rho"": -0.1, ""r"": 0, ""label"": ""R5""}"
CORE_GRID,271,R5,FAIL,"[""solver_error""]",UNRESOLVED,UNRESOLVED,"[""coverage_core.jsonl#grid_index=271""]","{""x"": 0, ""v"": 0.04, ""tau"": 0.01, ""K"": 1, ""kappa"": 4, ""theta"": 0.12, ""sigma"": 0.8, ""rho"": -0.1, ""r"": 0, ""label"": ""R5""}"
CORE_GRID,272,R5,FAIL,"[""solver_error""]",UNRESOLVED,UNRESOLVED,"[""coverage_core.jsonl#grid_index=272""]","{""x"": 0, ""v"": 0.04, ""tau"": 0.1, ""K"": 1, ""kappa"": 4, ""theta"": 0.12, ""sigma"": 0.8, ""rho"": -0.1, ""r"": 0, ""label"": ""R5""}"
CORE_GRID,273,R5,PASS,[],NOT_APPLICABLE_STRICT_PASS,NUMERICALLY_RESOLVED,"[""coverage_core.jsonl#grid_index=273""]","{""x"": 0, ""v"": 0.04, ""tau"": 0.5, ""K"": 1, ""kappa"": 4, ""theta"": 0.12, ""sigma"": 0.8, ""rho"": -0.1, ""r"": 0, ""label"": ""R5""}"
CORE_GRID,274,R5,FAIL,"[""solver_error""]",UNRESOLVED,UNRESOLVED,"[""coverage_core.jsonl#grid_index=274"", ""mp_cases\\6948efb4e4c87d322a1f.json"", ""EXTERNAL_RESULTS.json#high_vol_of_vol""]","{""x"": 0, ""v"": 0.04, ""tau"": 1, ""K"": 1, ""kappa"": 4, ""theta"": 0.12, ""sigma"": 0.8, ""rho"": -0.1, ""r"": 0, ""label"": ""R5""}"
CORE_GRID,275,R5,FAIL,"[""solver_error""]",UNRESOLVED,UNRESOLVED,"[""coverage_core.jsonl#grid_index=275""]","{""x"": 0, ""v"": 0.04, ""tau"": 2, ""K"": 1, ""kappa"": 4, ""theta"": 0.12, ""sigma"": 0.8, ""rho"": -0.1, ""r"": 0, ""label"": ""R5""}"
CORE_GRID,276,R5,FAIL,"[""A_domain"", ""solver_error"", ""FD_uncertainty_budget_unresolved""]",UNRESOLVED,UNRESOLVED,"[""coverage_core.jsonl#grid_index=276""]","{""x"": 0.1, ""v"": 0.01, ""tau"": 0.003968253968253968, ""K"": 1, ""kappa"": 4, ""theta"": 0.12, ""sigma"": 0.8, ""rho"": -0.1, ""r"": 0, ""label"": ""R5""}"
CORE_GRID,277,R5,FAIL,"[""A_domain"", ""solver_error"", ""FD_uncertainty_budget_unresolved""]",UNRESOLVED,UNRESOLVED,"[""coverage_core.jsonl#grid_index=277""]","{""x"": 0.1, ""v"": 0.01, ""tau"": 0.01, ""K"": 1, ""kappa"": 4, ""theta"": 0.12, ""sigma"": 0.8, ""rho"": -0.1, ""r"": 0, ""label"": ""R5""}"
CORE_GRID,278,R5,FAIL,"[""solver_error""]",UNRESOLVED,UNRESOLVED,"[""coverage_core.jsonl#grid_index=278""]","{""x"": 0.1, ""v"": 0.01, ""tau"": 0.1, ""K"": 1, ""kappa"": 4, ""theta"": 0.12, ""sigma"": 0.8, ""rho"": -0.1, ""r"": 0, ""label"": ""R5""}"
CORE_GRID,279,R5,PASS,[],NOT_APPLICABLE_STRICT_PASS,NUMERICALLY_RESOLVED,"[""coverage_core.jsonl#grid_index=279""]","{""x"": 0.1, ""v"": 0.01, ""tau"": 0.5, ""K"": 1, ""kappa"": 4, ""theta"": 0.12, ""sigma"": 0.8, ""rho"": -0.1, ""r"": 0, ""label"": ""R5""}"
CORE_GRID,280,R5,FAIL,"[""solver_error""]",UNRESOLVED,UNRESOLVED,"[""coverage_core.jsonl#grid_index=280""]","{""x"": 0.1, ""v"": 0.01, ""tau"": 1, ""K"": 1, ""kappa"": 4, ""theta"": 0.12, ""sigma"": 0.8, ""rho"": -0.1, ""r"": 0, ""label"": ""R5""}"
CORE_GRID,281,R5,FAIL,"[""solver_error""]",UNRESOLVED,UNRESOLVED,"[""coverage_core.jsonl#grid_index=281""]","{""x"": 0.1, ""v"": 0.01, ""tau"": 2, ""K"": 1, ""kappa"": 4, ""theta"": 0.12, ""sigma"": 0.8, ""rho"": -0.1, ""r"": 0, ""label"": ""R5""}"
CORE_GRID,282,R5,FAIL,"[""solver_error"", ""FD_uncertainty_budget_unresolved""]",UNRESOLVED,UNRESOLVED,"[""coverage_core.jsonl#grid_index=282""]","{""x"": 0.1, ""v"": 0.04, ""tau"": 0.003968253968253968, ""K"": 1, ""kappa"": 4, ""theta"": 0.12, ""sigma"": 0.8, ""rho"": -0.1, ""r"": 0, ""label"": ""R5""}"
CORE_GRID,283,R5,FAIL,"[""solver_error""]",UNRESOLVED,UNRESOLVED,"[""coverage_core.jsonl#grid_index=283""]","{""x"": 0.1, ""v"": 0.04, ""tau"": 0.01, ""K"": 1, ""kappa"": 4, ""theta"": 0.12, ""sigma"": 0.8, ""rho"": -0.1, ""r"": 0, ""label"": ""R5""}"
CORE_GRID,284,R5,FAIL,"[""solver_error""]",UNRESOLVED,UNRESOLVED,"[""coverage_core.jsonl#grid_index=284""]","{""x"": 0.1, ""v"": 0.04, ""tau"": 0.1, ""K"": 1, ""kappa"": 4, ""theta"": 0.12, ""sigma"": 0.8, ""rho"": -0.1, ""r"": 0, ""label"": ""R5""}"
CORE_GRID,285,R5,FAIL,"[""solver_error""]",UNRESOLVED,UNRESOLVED,"[""coverage_core.jsonl#grid_index=285""]","{""x"": 0.1, ""v"": 0.04, ""tau"": 0.5, ""K"": 1, ""kappa"": 4, ""theta"": 0.12, ""sigma"": 0.8, ""rho"": -0.1, ""r"": 0, ""label"": ""R5""}"
CORE_GRID,286,R5,FAIL,"[""solver_error""]",UNRESOLVED,UNRESOLVED,"[""coverage_core.jsonl#grid_index=286""]","{""x"": 0.1, ""v"": 0.04, ""tau"": 1, ""K"": 1, ""kappa"": 4, ""theta"": 0.12, ""sigma"": 0.8, ""rho"": -0.1, ""r"": 0, ""label"": ""R5""}"
CORE_GRID,287,R5,FAIL,"[""solver_error""]",UNRESOLVED,UNRESOLVED,"[""coverage_core.jsonl#grid_index=287""]","{""x"": 0.1, ""v"": 0.04, ""tau"": 2, ""K"": 1, ""kappa"": 4, ""theta"": 0.12, ""sigma"": 0.8, ""rho"": -0.1, ""r"": 0, ""label"": ""R5""}"
CORE_GRID,288,R5,FAIL,"[""A_domain"", ""solver_error"", ""FD_uncertainty_budget_unresolved""]",UNRESOLVED,UNRESOLVED,"[""coverage_core.jsonl#grid_index=288""]","{""x"": 0.7, ""v"": 0.01, ""tau"": 0.003968253968253968, ""K"": 1, ""kappa"": 4, ""theta"": 0.12, ""sigma"": 0.8, ""rho"": -0.1, ""r"": 0, ""label"": ""R5""}"
CORE_GRID,289,R5,FAIL,"[""A_domain"", ""solver_error""]",UNRESOLVED,UNRESOLVED,"[""coverage_core.jsonl#grid_index=289""]","{""x"": 0.7, ""v"": 0.01, ""tau"": 0.01, ""K"": 1, ""kappa"": 4, ""theta"": 0.12, ""sigma"": 0.8, ""rho"": -0.1, ""r"": 0, ""label"": ""R5""}"
CORE_GRID,290,R5,FAIL,"[""solver_error""]",UNRESOLVED,UNRESOLVED,"[""coverage_core.jsonl#grid_index=290""]","{""x"": 0.7, ""v"": 0.01, ""tau"": 0.1, ""K"": 1, ""kappa"": 4, ""theta"": 0.12, ""sigma"": 0.8, ""rho"": -0.1, ""r"": 0, ""label"": ""R5""}"
CORE_GRID,291,R5,FAIL,"[""solver_error""]",UNRESOLVED,UNRESOLVED,"[""coverage_core.jsonl#grid_index=291""]","{""x"": 0.7, ""v"": 0.01, ""tau"": 0.5, ""K"": 1, ""kappa"": 4, ""theta"": 0.12, ""sigma"": 0.8, ""rho"": -0.1, ""r"": 0, ""label"": ""R5""}"
CORE_GRID,292,R5,FAIL,"[""solver_error""]",UNRESOLVED,UNRESOLVED,"[""coverage_core.jsonl#grid_index=292""]","{""x"": 0.7, ""v"": 0.01, ""tau"": 1, ""K"": 1, ""kappa"": 4, ""theta"": 0.12, ""sigma"": 0.8, ""rho"": -0.1, ""r"": 0, ""label"": ""R5""}"
CORE_GRID,293,R5,FAIL,"[""solver_error""]",UNRESOLVED,UNRESOLVED,"[""coverage_core.jsonl#grid_index=293""]","{""x"": 0.7, ""v"": 0.01, ""tau"": 2, ""K"": 1, ""kappa"": 4, ""theta"": 0.12, ""sigma"": 0.8, ""rho"": -0.1, ""r"": 0, ""label"": ""R5""}"
CORE_GRID,294,R5,FAIL,"[""solver_error""]",UNRESOLVED,UNRESOLVED,"[""coverage_core.jsonl#grid_index=294""]","{""x"": 0.7, ""v"": 0.04, ""tau"": 0.003968253968253968, ""K"": 1, ""kappa"": 4, ""theta"": 0.12, ""sigma"": 0.8, ""rho"": -0.1, ""r"": 0, ""label"": ""R5""}"
CORE_GRID,295,R5,FAIL,"[""solver_error""]",UNRESOLVED,UNRESOLVED,"[""coverage_core.jsonl#grid_index=295""]","{""x"": 0.7, ""v"": 0.04, ""tau"": 0.01, ""K"": 1, ""kappa"": 4, ""theta"": 0.12, ""sigma"": 0.8, ""rho"": -0.1, ""r"": 0, ""label"": ""R5""}"
CORE_GRID,296,R5,FAIL,"[""solver_error""]",UNRESOLVED,UNRESOLVED,"[""coverage_core.jsonl#grid_index=296""]","{""x"": 0.7, ""v"": 0.04, ""tau"": 0.1, ""K"": 1, ""kappa"": 4, ""theta"": 0.12, ""sigma"": 0.8, ""rho"": -0.1, ""r"": 0, ""label"": ""R5""}"
CORE_GRID,297,R5,FAIL,"[""solver_error""]",UNRESOLVED,UNRESOLVED,"[""coverage_core.jsonl#grid_index=297""]","{""x"": 0.7, ""v"": 0.04, ""tau"": 0.5, ""K"": 1, ""kappa"": 4, ""theta"": 0.12, ""sigma"": 0.8, ""rho"": -0.1, ""r"": 0, ""label"": ""R5""}"
CORE_GRID,298,R5,FAIL,"[""solver_error""]",UNRESOLVED,UNRESOLVED,"[""coverage_core.jsonl#grid_index=298""]","{""x"": 0.7, ""v"": 0.04, ""tau"": 1, ""K"": 1, ""kappa"": 4, ""theta"": 0.12, ""sigma"": 0.8, ""rho"": -0.1, ""r"": 0, ""label"": ""R5""}"
CORE_GRID,299,R5,FAIL,"[""solver_error""]",UNRESOLVED,UNRESOLVED,"[""coverage_core.jsonl#grid_index=299""]","{""x"": 0.7, ""v"": 0.04, ""tau"": 2, ""K"": 1, ""kappa"": 4, ""theta"": 0.12, ""sigma"": 0.8, ""rho"": -0.1, ""r"": 0, ""label"": ""R5""}"
CORE_GRID,300,sobol_0_2,FAIL,"[""solver_error"", ""FD_uncertainty_budget_unresolved""]",UNRESOLVED,UNRESOLVED,"[""coverage_core.jsonl#grid_index=300""]","{""x"": -0.5813479587435723, ""v"": 0.1113912824075669, ""tau"": 0.027671556354367306, ""K"": 1, ""kappa"": 3.655134405940771, ""theta"": 0.09009443771094085, ""sigma"": 0.7943048126995563, ""rho"": -0.4616700351238251, ""r"": 0.00748195007443428, ""label"": ""sobol_0_2""}"
CORE_GRID,301,sobol_0_3,FAIL,"[""solver_error""]",UNRESOLVED,UNRESOLVED,"[""coverage_core.jsonl#grid_index=301""]","{""x"": 0.5700742788612843, ""v"": 0.13192799570970237, ""tau"": 1.7395130016264462, ""K"": 1, ""kappa"": 3.655134405940771, ""theta"": 0.09009443771094085, ""sigma"": 0.7943048126995563, ""rho"": -0.4616700351238251, ""r"": 0.00748195007443428, ""label"": ""sobol_0_3""}"
CORE_GRID,302,sobol_0_4,FAIL,"[""solver_error""]",UNRESOLVED,UNRESOLVED,"[""coverage_core.jsonl#grid_index=302""]","{""x"": 0.2743132509291173, ""v"": 0.07525598374195397, ""tau"": 1.0963703507173157, ""K"": 1, ""kappa"": 3.655134405940771, ""theta"": 0.09009443771094085, ""sigma"": 0.7943048126995563, ""rho"": -0.4616700351238251, ""r"": 0.00748195007443428, ""label"": ""sobol_0_4""}"
CORE_GRID,303,sobol_0_10,PASS,[],NOT_APPLICABLE_STRICT_PASS,NUMERICALLY_RESOLVED,"[""coverage_core.jsonl#grid_index=303""]","{""x"": -0.01490858942270279, ""v"": 0.059563759015873075, ""tau"": 1.1616210463375503, ""K"": 1, ""kappa"": 3.655134405940771, ""theta"": 0.09009443771094085, ""sigma"": 0.7943048126995563, ""rho"": -0.4616700351238251, ""r"": 0.00748195007443428, ""label"": ""sobol_0_10""}"
CORE_GRID,304,sobol_0_14,FAIL,"[""solver_error""]",UNRESOLVED,UNRESOLVED,"[""coverage_core.jsonl#grid_index=304""]","{""x"": -0.6301003217697143, ""v"": 0.07850362197495997, ""tau"": 0.9809220626965047, ""K"": 1, ""kappa"": 3.655134405940771, ""theta"": 0.09009443771094085, ""sigma"": 0.7943048126995563, ""rho"": -0.4616700351238251, ""r"": 0.00748195007443428, ""label"": ""sobol_0_14""}"
CORE_GRID,305,sobol_1_2,FAIL,"[""solver_error"", ""FD_uncertainty_budget_unresolved""]",UNRESOLVED,UNRESOLVED,"[""coverage_core.jsonl#grid_index=305""]","{""x"": -0.3955434679985046, ""v"": 0.013807278592139482, ""tau"": 0.5511108509316627, ""K"": 1, ""kappa"": 1.9051905889064074, ""theta"": 0.04444035615772009, ""sigma"": 0.26617722474038596, ""rho"": -0.5343197703361511, ""r"": 0.05519219443202019, ""label"": ""sobol_1_2""}"
CORE_GRID,306,sobol_1_4,FAIL,"[""solver_error""]",UNRESOLVED,UNRESOLVED,"[""coverage_core.jsonl#grid_index=306""]","{""x"": 0.08850422725081453, ""v"": 0.04808078985661268, ""tau"": 1.5730181334259372, ""K"": 1, ""kappa"": 1.9051905889064074, ""theta"": 0.04444035615772009, ""sigma"": 0.26617722474038596, ""rho"": -0.5343197703361511, ""r"": 0.05519219443202019, ""label"": ""sobol_1_4""}"
CORE_GRID,307,sobol_1_10,PASS,[],NOT_APPLICABLE_STRICT_PASS,NUMERICALLY_RESOLVED,"[""coverage_core.jsonl#grid_index=307""]","{""x"": -0.20292884409427647, ""v"": 0.06328476313501596, ""tau"": 1.6364431919951348, ""K"": 1, ""kappa"": 1.9051905889064074, ""theta"": 0.04444035615772009, ""sigma"": 0.26617722474038596, ""rho"": -0.5343197703361511, ""r"": 0.05519219443202019, ""label"": ""sobol_1_10""}"
CORE_GRID,308,sobol_1_12,FAIL,"[""solver_error""]",UNRESOLVED,UNRESOLVED,"[""coverage_core.jsonl#grid_index=308""]","{""x"": 0.5146532826125623, ""v"": 0.1248276443220675, ""tau"": 0.73932170791788, ""K"": 1, ""kappa"": 1.9051905889064074, ""theta"": 0.04444035615772009, ""sigma"": 0.26617722474038596, ""rho"": -0.5343197703361511, ""r"": 0.05519219443202019, ""label"": ""sobol_1_12""}"
CORE_GRID,309,sobol_1_13,FAIL,"[""solver_error""]",UNRESOLVED,UNRESOLVED,"[""coverage_core.jsonl#grid_index=309""]","{""x"": -0.48900375366210935, ""v"": 0.135599120054394, ""tau"": 1.0317962011507165, ""K"": 1, ""kappa"": 1.9051905889064074, ""theta"": 0.04444035615772009, ""sigma"": 0.26617722474038596, ""rho"": -0.5343197703361511, ""r"": 0.05519219443202019, ""label"": ""sobol_1_13""}"
CORE_GRID,310,sobol_2_2,FAIL,"[""solver_error""]",UNRESOLVED,UNRESOLVED,"[""coverage_core.jsonl#grid_index=310""]","{""x"": -0.47794794514775274, ""v"": 0.0369552131742239, ""tau"": 1.9067193381044836, ""K"": 1, ""kappa"": 0.844264218583703, ""theta"": 0.10070577746257187, ""sigma"": 0.5631910444237291, ""rho"": -0.20670410841703413, ""r"": 0.07728554360568524, ""label"": ""sobol_2_2""}"
CORE_GRID,311,sobol_2_4,FAIL,"[""solver_error""]",UNRESOLVED,UNRESOLVED,"[""coverage_core.jsonl#grid_index=311""]","{""x"": 0.16622572839260097, ""v"": 0.02615737309679389, ""tau"": 0.9637895070482045, ""K"": 1, ""kappa"": 0.844264218583703, ""theta"": 0.10070577746257187, ""sigma"": 0.5631910444237291, ""rho"": -0.20670410841703413, ""r"": 0.07728554360568524, ""label"": ""sobol_2_4""}"
CORE_GRID,312,sobol_2_10,PASS,[],NOT_APPLICABLE_STRICT_PASS,NUMERICALLY_RESOLVED,"[""coverage_core.jsonl#grid_index=312""]","{""x"": -0.1259256519377232, ""v"": 0.10471082059666514, ""tau"": 0.7795999554828519, ""K"": 1, ""kappa"": 0.844264218583703, ""theta"": 0.10070577746257187, ""sigma"": 0.5631910444237291, ""rho"": -0.20670410841703413, ""r"": 0.07728554360568524, ""label"": ""sobol_2_10""}"
CORE_GRID,313,sobol_2_11,FAIL,"[""solver_error""]",UNRESOLVED,UNRESOLVED,"[""coverage_core.jsonl#grid_index=313""]","{""x"": 0.14659034907817836, ""v"": 0.15448760567232966, ""tau"": 1.492442221569252, ""K"": 1, ""kappa"": 0.844264218583703, ""theta"": 0.10070577746257187, ""sigma"": 0.5631910444237291, ""rho"": -0.20670410841703413, ""r"": 0.07728554360568524, ""label"": ""sobol_2_11""}"
CORE_GRID,314,sobol_2_12,FAIL,"[""solver_error""]",UNRESOLVED,UNRESOLVED,"[""coverage_core.jsonl#grid_index=314""]","{""x"": 0.43295806646347046, ""v"": 0.0821770690381527, ""tau"": 1.8473136293413561, ""K"": 1, ""kappa"": 0.844264218583703, ""theta"": 0.10070577746257187, ""sigma"": 0.5631910444237291, ""rho"": -0.20670410841703413, ""r"": 0.07728554360568524, ""label"": ""sobol_2_12""}"
CORE_GRID,315,sobol_2_13,FAIL,"[""solver_error""]",UNRESOLVED,UNRESOLVED,"[""coverage_core.jsonl#grid_index=315""]","{""x"": -0.4208079166710377, ""v"": 0.15740427747368813, ""tau"": 0.39357335841844954, ""K"": 1, ""kappa"": 0.844264218583703, ""theta"": 0.10070577746257187, ""sigma"": 0.5631910444237291, ""rho"": -0.20670410841703413, ""r"": 0.07728554360568524, ""label"": ""sobol_2_13""}"
CORE_GRID,316,sobol_3_0,FAIL,"[""solver_error""]",UNRESOLVED,UNRESOLVED,"[""coverage_core.jsonl#grid_index=316""]","{""x"": 0.6672244548797608, ""v"": 0.010154842166230083, ""tau"": 1.6806520375437917, ""K"": 1, ""kappa"": 2.5943166203796864, ""theta"": 0.04636029114946723, ""sigma"": 0.3851702732034027, ""rho"": -0.7855747565627098, ""r"": 0.025073344931006433, ""label"": ""sobol_3_0""}"
CORE_GRID,317,sobol_3_2,FAIL,"[""solver_error""]",UNRESOLVED,UNRESOLVED,"[""coverage_core.jsonl#grid_index=317""]","{""x"": -0.3636291079223156, ""v"": 0.08778534480370581, ""tau"": 1.385480690163575, ""K"": 1, ""kappa"": 2.5943166203796864, ""theta"": 0.04636029114946723, ""sigma"": 0.3851702732034027, ""rho"": -0.7855747565627098, ""r"": 0.025073344931006433, ""label"": ""sobol_3_2""}"
CORE_GRID,318,sobol_3_4,FAIL,"[""solver_error""]",UNRESOLVED,UNRESOLVED,"[""coverage_core.jsonl#grid_index=318""]","{""x"": 0.05190237611532211, ""v"": 0.10056709102354944, ""tau"": 0.4893271424622822, ""K"": 1, ""kappa"": 2.5943166203796864, ""theta"": 0.04636029114946723, ""sigma"": 0.3851702732034027, ""rho"": -0.7855747565627098, ""r"": 0.025073344931006433, ""label"": ""sobol_3_4""}"
CORE_GRID,319,sobol_3_5,FAIL,"[""solver_error""]",UNRESOLVED,UNRESOLVED,"[""coverage_core.jsonl#grid_index=319""]","{""x"": -0.06816088780760765, ""v"": 0.14448405406437814, ""tau"": 1.7788513271832869, ""K"": 1, ""kappa"": 2.5943166203796864, ""theta"": 0.04636029114946723, ""sigma"": 0.3851702732034027, ""rho"": -0.7855747565627098, ""r"": 0.025073344931006433, ""label"": ""sobol_3_5""}"
CORE_GRID,320,sobol_3_10,FAIL,"[""solver_error"", ""FD_uncertainty_budget_unresolved""]",UNRESOLVED,UNRESOLVED,"[""coverage_core.jsonl#grid_index=320""]","{""x"": -0.23777302131056788, ""v"": 0.022501477738842368, ""tau"": 0.3030644904984723, ""K"": 1, ""kappa"": 2.5943166203796864, ""theta"": 0.04636029114946723, ""sigma"": 0.3851702732034027, ""rho"": -0.7855747565627098, ""r"": 0.025073344931006433, ""label"": ""sobol_3_10""}"
CORE_GRID,321,sobol_3_12,FAIL,"[""solver_error""]",UNRESOLVED,UNRESOLVED,"[""coverage_core.jsonl#grid_index=321""]","{""x"": 0.5448099687695502, ""v"": 0.03914560959674418, ""tau"": 1.324005688130412, ""K"": 1, ""kappa"": 2.5943166203796864, ""theta"": 0.04636029114946723, ""sigma"": 0.3851702732034027, ""rho"": -0.7855747565627098, ""r"": 0.025073344931006433, ""label"": ""sobol_3_12""}"
CORE_GRID,322,sobol_4_2,FAIL,"[""solver_error""]",UNRESOLVED,UNRESOLVED,"[""coverage_core.jsonl#grid_index=322""]","{""x"": -0.5536270961165428, ""v"": 0.024760127533227205, ""tau"": 1.281266565175934, ""K"": 1, ""kappa"": 3.084778355434537, ""theta"": 0.11269531453028322, ""sigma"": 0.12422495586797595, ""rho"": -0.8239565044641495, ""r"": 0.037011805698275564, ""label"": ""sobol_4_2""}"
CORE_GRID,323,sobol_4_4,FAIL,"[""solver_error""]",UNRESOLVED,UNRESOLVED,"[""coverage_core.jsonl#grid_index=323""]","{""x"": 0.2278400994837284, ""v"": 0.03737571742385626, ""tau"": 0.3529152103721918, ""K"": 1, ""kappa"": 3.084778355434537, ""theta"": 0.11269531453028322, ""sigma"": 0.12422495586797595, ""rho"": -0.8239565044641495, ""r"": 0.037011805698275564, ""label"": ""sobol_4_4""}"
CORE_GRID,324,sobol_4_10,PASS,[],NOT_APPLICABLE_STRICT_PASS,NUMERICALLY_RESOLVED,"[""coverage_core.jsonl#grid_index=324""]","{""x"": -0.043066938221454576, ""v"": 0.0856494652107358, ""tau"": 0.4143643655725533, ""K"": 1, ""kappa"": 3.084778355434537, ""theta"": 0.11269531453028322, ""sigma"": 0.12422495586797595, ""rho"": -0.8239565044641495, ""r"": 0.037011805698275564, ""label"": ""sobol_4_10""}"
CORE_GRID,325,sobol_4_11,PASS,[],NOT_APPLICABLE_STRICT_PASS,NUMERICALLY_RESOLVED,"[""coverage_core.jsonl#grid_index=325""]","{""x"": 0.05934383645653729, ""v"": 0.15892341453582048, ""tau"": 1.8226104036365296, ""K"": 1, ""kappa"": 3.084778355434537, ""theta"": 0.11269531453028322, ""sigma"": 0.12422495586797595, ""rho"": -0.8239565044641495, ""r"": 0.037011805698275564, ""label"": ""sobol_4_11""}"
CORE_GRID,326,sobol_4_12,FAIL,"[""solver_error""]",UNRESOLVED,UNRESOLVED,"[""coverage_core.jsonl#grid_index=326""]","{""x"": 0.37354372814297676, ""v"": 0.10221516573801637, ""tau"": 1.4674329979175198, ""K"": 1, ""kappa"": 3.084778355434537, ""theta"": 0.11269531453028322, ""sigma"": 0.12422495586797595, ""rho"": -0.8239565044641495, ""r"": 0.037011805698275564, ""label"": ""sobol_4_12""}"
CORE_GRID,327,sobol_4_13,FAIL,"[""solver_error""]",UNRESOLVED,UNRESOLVED,"[""coverage_core.jsonl#grid_index=327""]","{""x"": -0.34761702865362165, ""v"": 0.15394485229626298, ""tau"": 0.800694105237545, ""K"": 1, ""kappa"": 3.084778355434537, ""theta"": 0.11269531453028322, ""sigma"": 0.12422495586797595, ""rho"": -0.8239565044641495, ""r"": 0.037011805698275564, ""label"": ""sobol_4_13""}"
CORE_GRID,328,sobol_4_14,FAIL,"[""solver_error""]",UNRESOLVED,UNRESOLVED,"[""coverage_core.jsonl#grid_index=328""]","{""x"": -0.6584074079990386, ""v"": 0.057775355875492096, ""tau"": 1.7317210385125013, ""K"": 1, ""kappa"": 3.084778355434537, ""theta"": 0.11269531453028322, ""sigma"": 0.12422495586797595, ""rho"": -0.8239565044641495, ""r"": 0.037011805698275564, ""label"": ""sobol_4_14""}"
CORE_GRID,329,sobol_5_2,FAIL,"[""solver_error""]",UNRESOLVED,UNRESOLVED,"[""coverage_core.jsonl#grid_index=329""]","{""x"": -0.4429641902446747, ""v"": 0.09903443860821426, ""tau"": 1.804818043633113, ""K"": 1, ""kappa"": 1.3348256461322308, ""theta"": 0.05776379385963083, ""sigma"": 0.6522069818340241, ""rho"": -0.1966552585363388, ""r"": 0.06534709237515926, ""label"": ""sobol_5_2""}"
CORE_GRID,330,sobol_5_3,FAIL,"[""solver_error""]",UNRESOLVED,UNRESOLVED,"[""coverage_core.jsonl#grid_index=330""]","{""x"": 0.4307957880198956, ""v"": 0.14099847036413848, ""tau"": 0.4672412357536987, ""K"": 1, ""kappa"": 1.3348256461322308, ""theta"": 0.05776379385963083, ""sigma"": 0.6522069818340241, ""rho"": -0.1966552585363388, ""r"": 0.06534709237515926, ""label"": ""sobol_5_3""}"
CORE_GRID,331,sobol_5_4,FAIL,"[""solver_error""]",UNRESOLVED,UNRESOLVED,"[""coverage_core.jsonl#grid_index=331""]","{""x"": 0.11718181595206256, ""v"": 0.08834125590510666, ""tau"": 0.8296942126028062, ""K"": 1, ""kappa"": 1.3348256461322308, ""theta"": 0.05776379385963083, ""sigma"": 0.6522069818340241, ""rho"": -0.1966552585363388, ""r"": 0.06534709237515926, ""label"": ""sobol_5_4""}"
CORE_GRID,332,sobol_5_10,FAIL,"[""solver_error""]",UNRESOLVED,UNRESOLVED,"[""coverage_core.jsonl#grid_index=332""]","{""x"": -0.15623793303966527, ""v"": 0.042509301798418164, ""tau"": 0.8890705053502368, ""K"": 1, ""kappa"": 1.3348256461322308, ""theta"": 0.05776379385963083, ""sigma"": 0.6522069818340241, ""rho"": -0.1966552585363388, ""r"": 0.06534709237515926, ""label"": ""sobol_5_10""}"
CORE_GRID,333,sobol_5_12,FAIL,"[""solver_error""]",UNRESOLVED,UNRESOLVED,"[""coverage_core.jsonl#grid_index=333""]","{""x"": 0.4867100827395916, ""v"": 0.02011452685110271, ""tau"": 1.9889154210501898, ""K"": 1, ""kappa"": 1.3348256461322308, ""theta"": 0.05776379385963083, ""sigma"": 0.6522069818340241, ""rho"": -0.1966552585363388, ""r"": 0.06534709237515926, ""label"": ""sobol_5_12""}"
CORE_GRID,334,sobol_6_2,FAIL,"[""solver_error""]",UNRESOLVED,UNRESOLVED,"[""coverage_core.jsonl#grid_index=334""]","{""x"": -0.5245679028332233, ""v"": 0.07677316688932478, ""tau"": 0.6653336785948052, ""K"": 1, ""kappa"": 1.4146481193602085, ""theta"": 0.0765041333436966, ""sigma"": 0.35245480518788097, ""rho"": -0.6693812027573586, ""r"": 0.04713068798184395, ""label"": ""sobol_6_2""}"
CORE_GRID,335,sobol_6_4,FAIL,"[""solver_error""]",UNRESOLVED,UNRESOLVED,"[""coverage_core.jsonl#grid_index=335""]","{""x"": 0.1940933972597123, ""v"": 0.11085048294626176, ""tau"": 1.7174209901279518, ""K"": 1, ""kappa"": 1.4146481193602085, ""theta"": 0.0765041333436966, ""sigma"": 0.35245480518788097, ""rho"": -0.6693812027573586, ""r"": 0.04713068798184395, ""label"": ""sobol_6_4""}"
CORE_GRID,336,sobol_6_5,FAIL,"[""solver_error""]",UNRESOLVED,UNRESOLVED,"[""coverage_core.jsonl#grid_index=336""]","{""x"": -0.21066112294793127, ""v"": 0.12943420535884798, ""tau"": 0.05364930009218081, ""K"": 1, ""kappa"": 1.4146481193602085, ""theta"": 0.0765041333436966, ""sigma"": 0.35245480518788097, ""rho"": -0.6693812027573586, ""r"": 0.04713068798184395, ""label"": ""sobol_6_5""}"
CORE_GRID,337,sobol_6_12,FAIL,"[""solver_error""]",UNRESOLVED,UNRESOLVED,"[""coverage_core.jsonl#grid_index=337""]","{""x"": 0.4043605864048003, ""v"": 0.0619356578681618, ""tau"": 0.6019360729907122, ""K"": 1, ""kappa"": 1.4146481193602085, ""theta"": 0.0765041333436966, ""sigma"": 0.35245480518788097, ""rho"": -0.6693812027573586, ""r"": 0.04713068798184395, ""label"": ""sobol_6_12""}"
CORE_GRID,338,sobol_6_15,FAIL,"[""solver_error""]",UNRESOLVED,UNRESOLVED,"[""coverage_core.jsonl#grid_index=338""]","{""x"": 0.6755526199936865, ""v"": 0.1502943194936961, ""tau"": 1.9301210073569406, ""K"": 1, ""kappa"": 1.4146481193602085, ""theta"": 0.0765041333436966, ""sigma"": 0.35245480518788097, ""rho"": -0.6693812027573586, ""r"": 0.04713068798184395, ""label"": ""sobol_6_15""}"
CORE_GRID,339,sobol_7_0,FAIL,"[""solver_error""]",UNRESOLVED,UNRESOLVED,"[""coverage_core.jsonl#grid_index=339""]","{""x"": 0.6200941264629363, ""v"": 0.09489514725282788, ""tau"": 0.9381829434599255, ""K"": 1, ""kappa"": 3.16470586694777, ""theta"": 0.031435895413160324, ""sigma"": 0.5306291075423359, ""rho"": -0.34830086976289754, ""r"": 0.015543446987867356, ""label"": ""sobol_7_0""}"
CORE_GRID,340,sobol_7_1,FAIL,"[""solver_error""]",UNRESOLVED,UNRESOLVED,"[""coverage_core.jsonl#grid_index=340""]","{""x"": -0.6085254080593586, ""v"": 0.14467093395069242, ""tau"": 1.331774882831803, ""K"": 1, ""kappa"": 3.16470586694777, ""theta"": 0.031435895413160324, ""sigma"": 0.5306291075423359, ""rho"": -0.34830086976289754, ""r"": 0.015543446987867356, ""label"": ""sobol_7_1""}"
CORE_GRID,341,sobol_7_2,FAIL,"[""solver_error"", ""FD_uncertainty_budget_unresolved""]",UNRESOLVED,UNRESOLVED,"[""coverage_core.jsonl#grid_index=341""]","{""x"": -0.3353906504809856, ""v"": 0.049493083730340004, ""tau"": 0.14396736544320388, ""K"": 1, ""kappa"": 3.16470586694777, ""theta"": 0.031435895413160324, ""sigma"": 0.5306291075423359, ""rho"": -0.34830086976289754, ""r"": 0.015543446987867356, ""label"": ""sobol_7_2""}"
CORE_GRID,342,sobol_7_4,FAIL,"[""solver_error""]",UNRESOLVED,UNRESOLVED,"[""coverage_core.jsonl#grid_index=342""]","{""x"": 0.004920785129070238, ""v"": 0.013371368404477835, ""tau"": 1.2428423817166023, ""K"": 1, ""kappa"": 3.16470586694777, ""theta"": 0.031435895413160324, ""sigma"": 0.5306291075423359, ""rho"": -0.34830086976289754, ""r"": 0.015543446987867356, ""label"": ""sobol_7_4""}"
CORE_GRID,343,sobol_7_10,FAIL,"[""solver_error""]",UNRESOLVED,UNRESOLVED,"[""coverage_core.jsonl#grid_index=343""]","{""x"": -0.26556941494345665, ""v"": 0.12134014023467898, ""tau"": 1.0529002628237423, ""K"": 1, ""kappa"": 3.16470586694777, ""theta"": 0.031435895413160324, ""sigma"": 0.5306291075423359, ""rho"": -0.34830086976289754, ""r"": 0.015543446987867356, ""label"": ""sobol_7_10""}"
CORE_GRID,344,sobol_7_11,FAIL,"[""solver_error""]",UNRESOLVED,UNRESOLVED,"[""coverage_core.jsonl#grid_index=344""]","{""x"": 0.2870967909693718, ""v"": 0.13406457705423236, ""tau"": 0.7143052641065821, ""K"": 1, ""kappa"": 3.16470586694777, ""theta"": 0.031435895413160324, ""sigma"": 0.5306291075423359, ""rho"": -0.34830086976289754, ""r"": 0.015543446987867356, ""label"": ""sobol_7_11""}"
CORE_GRID,345,sobol_7_12,FAIL,"[""solver_error""]",UNRESOLVED,UNRESOLVED,"[""coverage_core.jsonl#grid_index=345""]","{""x"": 0.5913540735840797, ""v"": 0.0657958835363388, ""tau"": 0.07874055360517805, ""K"": 1, ""kappa"": 3.16470586694777, ""theta"": 0.031435895413160324, ""sigma"": 0.5306291075423359, ""rho"": -0.34830086976289754, ""r"": 0.015543446987867356, ""label"": ""sobol_7_12""}"
CORE_GRID,346,sobol_8_2,FAIL,"[""solver_error""]",UNRESOLVED,UNRESOLVED,"[""coverage_core.jsonl#grid_index=346""]","{""x"": -0.5710936032235622, ""v"": 0.05621814471669495, ""tau"": 0.8197497422067773, ""K"": 1, ""kappa"": 3.536630821414292, ""theta"": 0.10301886273548008, ""sigma"": 0.3089997572824359, ""rho"": -0.10741197168827055, ""r"": 0.05085143618285656, ""label"": ""sobol_8_2""}"
CORE_GRID,347,sobol_8_10,FAIL,"[""solver_error""]",UNRESOLVED,UNRESOLVED,"[""coverage_core.jsonl#grid_index=347""]","{""x"": -0.03278044983744621, ""v"": 0.11669912259094417, ""tau"": 1.9986461903382506, ""K"": 1, ""kappa"": 3.536630821414292, ""theta"": 0.10301886273548008, ""sigma"": 0.3089997572824359, ""rho"": -0.10741197168827055, ""r"": 0.05085143618285656, ""label"": ""sobol_8_10""}"
CORE_GRID,348,sobol_8_11,PASS,[],NOT_APPLICABLE_STRICT_PASS,NUMERICALLY_RESOLVED,"[""coverage_core.jsonl#grid_index=348""]","{""x"": 0.015944941341877072, ""v"": 0.12740835617296398, ""tau"": 0.2714620175261405, ""K"": 1, ""kappa"": 3.536630821414292, ""theta"": 0.10301886273548008, ""sigma"": 0.3089997572824359, ""rho"": -0.10741197168827055, ""r"": 0.05085143618285656, ""label"": ""sobol_8_11""}"
CORE_GRID,349,sobol_8_12,FAIL,"[""solver_error""]",UNRESOLVED,UNRESOLVED,"[""coverage_core.jsonl#grid_index=349""]","{""x"": 0.30231280177831654, ""v"": 0.07068086345680058, ""tau"": 0.8831773289471924, ""K"": 1, ""kappa"": 3.536630821414292, ""theta"": 0.10301886273548008, ""sigma"": 0.3089997572824359, ""rho"": -0.10741197168827055, ""r"": 0.05085143618285656, ""label"": ""sobol_8_12""}"
CORE_GRID,350,sobol_8_14,FAIL,"[""solver_error"", ""FD_uncertainty_budget_unresolved""]",UNRESOLVED,UNRESOLVED,"[""coverage_core.jsonl#grid_index=350""]","{""x"": -0.6175033248960972, ""v"": 0.02723290561698377, ""tau"": 0.18252570928251816, ""K"": 1, ""kappa"": 3.536630821414292, ""theta"": 0.10301886273548008, ""sigma"": 0.3089997572824359, ""rho"": -0.10741197168827055, ""r"": 0.05085143618285656, ""label"": ""sobol_8_14""}"
CORE_GRID,351,sobol_9_0,FAIL,"[""solver_error""]",UNRESOLVED,UNRESOLVED,"[""coverage_core.jsonl#grid_index=351""]","{""x"": 0.6865057334303855, ""v"": 0.02160904323682189, ""tau"": 0.5937129284166509, ""K"": 1, ""kappa"": 1.7865717178210616, ""theta"": 0.05492289511486888, ""sigma"": 0.48623146880418056, ""rho"": -0.8846715778112412, ""r"": 0.0018227943032979965, ""label"": ""sobol_9_0""}"
CORE_GRID,352,sobol_9_2,FAIL,"[""solver_error"", ""FD_uncertainty_budget_unresolved""]",UNRESOLVED,UNRESOLVED,"[""coverage_core.jsonl#grid_index=352""]","{""x"": -0.3829462565481663, ""v"": 0.0680038845166564, ""tau"": 0.35893021488473525, ""K"": 1, ""kappa"": 1.7865717178210616, ""theta"": 0.05492289511486888, ""sigma"": 0.48623146880418056, ""rho"": -0.8846715778112412, ""r"": 0.0018227943032979965, ""label"": ""sobol_9_2""}"
CORE_GRID,353,sobol_9_4,FAIL,"[""solver_error""]",UNRESOLVED,UNRESOLVED,"[""coverage_core.jsonl#grid_index=353""]","{""x"": 0.10871944427490243, ""v"": 0.11986408429220319, ""tau"": 1.271657623997372, ""K"": 1, ""kappa"": 1.7865717178210616, ""theta"": 0.05492289511486888, ""sigma"": 0.48623146880418056, ""rho"": -0.8846715778112412, ""r"": 0.0018227943032979965, ""label"": ""sobol_9_4""}"
CORE_GRID,354,sobol_9_5,FAIL,"[""solver_error""]",UNRESOLVED,UNRESOLVED,"[""coverage_core.jsonl#grid_index=354""]","{""x"": -0.08747817948460579, ""v"": 0.14033903228119016, ""tau"": 0.9945258583045667, ""K"": 1, ""kappa"": 1.7865717178210616, ""theta"": 0.05492289511486888, ""sigma"": 0.48623146880418056, ""rho"": -0.8846715778112412, ""r"": 0.0018227943032979965, ""label"": ""sobol_9_5""}"
CORE_GRID,355,sobol_9_10,FAIL,"[""solver_error""]",UNRESOLVED,UNRESOLVED,"[""coverage_core.jsonl#grid_index=355""]","{""x"": -0.21845541670918467, ""v"": 0.011032240930944681, ""tau"": 1.461691589863409, ""K"": 1, ""kappa"": 1.7865717178210616, ""theta"": 0.05492289511486888, ""sigma"": 0.48623146880418056, ""rho"": -0.8846715778112412, ""r"": 0.0018227943032979965, ""label"": ""sobol_9_10""}"
CORE_GRID,356,sobol_9_12,FAIL,"[""solver_error""]",UNRESOLVED,UNRESOLVED,"[""coverage_core.jsonl#grid_index=356""]","{""x"": 0.4879924267530442, ""v"": 0.051099312491714954, ""tau"": 0.42418700785908314, ""K"": 1, ""kappa"": 1.7865717178210616, ""theta"": 0.05492289511486888, ""sigma"": 0.48623146880418056, ""rho"": -0.8846715778112412, ""r"": 0.0018227943032979965, ""label"": ""sobol_9_12""}"
CORE_GRID,357,sobol_10_2,FAIL,"[""solver_error""]",UNRESOLVED,UNRESOLVED,"[""coverage_core.jsonl#grid_index=357""]","{""x"": -0.45070255100727075, ""v"": 0.10775053268298507, ""tau"": 1.2486746849617847, ""K"": 1, ""kappa"": 0.9641572525724769, ""theta"": 0.08618268657475711, ""sigma"": 0.1680249090306461, ""rho"": -0.36179205328226094, ""r"": 0.02065441384911537, ""label"": ""sobol_10_2""}"
CORE_GRID,358,sobol_10_3,FAIL,"[""solver_error""]",UNRESOLVED,UNRESOLVED,"[""coverage_core.jsonl#grid_index=358""]","{""x"": 0.47692907676100726, ""v"": 0.15172780072316527, ""tau"": 0.5204744628216658, ""K"": 1, ""kappa"": 0.9641572525724769, ""theta"": 0.08618268657475711, ""sigma"": 0.1680249090306461, ""rho"": -0.36179205328226094, ""r"": 0.02065441384911537, ""label"": ""sobol_10_3""}"
CORE_GRID,359,sobol_10_4,FAIL,"[""solver_error""]",UNRESOLVED,UNRESOLVED,"[""coverage_core.jsonl#grid_index=359""]","{""x"": 0.1811679057776927, ""v"": 0.0793811995536089, ""tau"": 0.1341756560751015, ""K"": 1, ""kappa"": 0.9641572525724769, ""theta"": 0.08618268657475711, ""sigma"": 0.1680249090306461, ""rho"": -0.36179205328226094, ""r"": 0.02065441384911537, ""label"": ""sobol_10_4""}"
CORE_GRID,360,sobol_10_10,FAIL,"[""solver_error""]",UNRESOLVED,UNRESOLVED,"[""coverage_core.jsonl#grid_index=360""]","{""x"": -0.14555418491363525, ""v"": 0.03195526450872421, ""tau"": 0.07269461617420708, ""K"": 1, ""kappa"": 0.9641572525724769, ""theta"": 0.08618268657475711, ""sigma"": 0.1680249090306461, ""rho"": -0.36179205328226094, ""r"": 0.02065441384911537, ""label"": ""sobol_10_10""}"
CORE_GRID,361,sobol_10_12,FAIL,"[""solver_error""]",UNRESOLVED,UNRESOLVED,"[""coverage_core.jsonl#grid_index=361""]","{""x"": 0.4197740279138089, ""v"": 0.030912525486201048, ""tau"": 1.0624183088112327, ""K"": 1, ""kappa"": 0.9641572525724769, ""theta"": 0.08618268657475711, ""sigma"": 0.1680249090306461, ""rho"": -0.36179205328226094, ""r"": 0.02065441384911537, ""label"": ""sobol_10_12""}"
CORE_GRID,362,sobol_11_0,FAIL,"[""solver_error""]",UNRESOLVED,UNRESOLVED,"[""coverage_core.jsonl#grid_index=362""]","{""x"": 0.654040201753378, ""v"": 0.06436047446914017, ""tau"": 1.4746810417245364, ""K"": 1, ""kappa"": 2.7141077714040875, ""theta"": 0.03427812669426203, ""sigma"": 0.695577039476484, ""rho"": -0.6328305557370186, ""r"": 0.07170454129576684, ""label"": ""sobol_11_0""}"
CORE_GRID,363,sobol_11_2,FAIL,"[""solver_error""]",UNRESOLVED,UNRESOLVED,"[""coverage_core.jsonl#grid_index=363""]","{""x"": -0.33872606903314584, ""v"": 0.017966620391234756, ""tau"": 1.7077811160309624, ""K"": 1, ""kappa"": 2.7141077714040875, ""theta"": 0.03427812669426203, ""sigma"": 0.695577039476484, ""rho"": -0.6328305557370186, ""r"": 0.07170454129576684, ""label"": ""sobol_11_2""}"
CORE_GRID,364,sobol_11_4,FAIL,"[""solver_error""]",UNRESOLVED,UNRESOLVED,"[""coverage_core.jsonl#grid_index=364""]","{""x"": 0.06918676570057869, ""v"": 0.04441354447044432, ""tau"": 0.6712577879162771, ""K"": 1, ""kappa"": 2.7141077714040875, ""theta"": 0.03427812669426203, ""sigma"": 0.695577039476484, ""rho"": -0.6328305557370186, ""r"": 0.07170454129576684, ""label"": ""sobol_11_4""}"
CORE_GRID,365,sobol_11_10,FAIL,"[""solver_error""]",UNRESOLVED,UNRESOLVED,"[""coverage_core.jsonl#grid_index=365""]","{""x"": -0.25974605530500416, ""v"": 0.09037424833513796, ""tau"": 0.6118496104683135, ""K"": 1, ""kappa"": 2.7141077714040875, ""theta"": 0.03427812669426203, ""sigma"": 0.695577039476484, ""rho"": -0.6328305557370186, ""r"": 0.07170454129576684, ""label"": ""sobol_11_10""}"
CORE_GRID,366,sobol_11_12,FAIL,"[""solver_error""]",UNRESOLVED,UNRESOLVED,"[""coverage_core.jsonl#grid_index=366""]","{""x"": 0.5339705742895604, ""v"": 0.09724606364034116, ""tau"": 1.5235937952049194, ""K"": 1, ""kappa"": 2.7141077714040875, ""theta"": 0.03427812669426203, ""sigma"": 0.695577039476484, ""rho"": -0.6328305557370186, ""r"": 0.07170454129576684, ""label"": ""sobol_11_12""}"
CORE_GRID,367,sobol_11_13,FAIL,"[""solver_error"", ""FD_uncertainty_budget_unresolved""]",UNRESOLVED,UNRESOLVED,"[""coverage_core.jsonl#grid_index=367""]","{""x"": -0.5458208218216896, ""v"": 0.14708267687819898, ""tau"": 0.24942756653763354, ""K"": 1, ""kappa"": 2.7141077714040875, ""theta"": 0.03427812669426203, ""sigma"": 0.695577039476484, ""rho"": -0.6328305557370186, ""r"": 0.07170454129576684, ""label"": ""sobol_11_13""}"
CORE_GRID,368,sobol_12_2,FAIL,"[""solver_error""]",UNRESOLVED,UNRESOLVED,"[""coverage_core.jsonl#grid_index=368""]","{""x"": -0.542786481231451, ""v"": 0.08091368805617094, ""tau"": 1.5671244439528516, ""K"": 1, ""kappa"": 2.3296704506501555, ""theta"": 0.07419144593179226, ""sigma"": 0.6068197236396372, ""rho"": -0.5696498095989228, ""r"": 0.06100629583001137, ""label"": ""sobol_12_2""}"
CORE_GRID,369,sobol_12_4,FAIL,"[""solver_error""]",UNRESOLVED,UNRESOLVED,"[""coverage_core.jsonl#grid_index=369""]","{""x"": 0.2498120561242103, ""v"": 0.1071944278664887, ""tau"": 0.5608421184181694, ""K"": 1, ""kappa"": 2.3296704506501555, ""theta"": 0.07419144593179226, ""sigma"": 0.6068197236396372, ""rho"": -0.5696498095989228, ""r"": 0.06100629583001137, ""label"": ""sobol_12_4""}"
CORE_GRID,370,sobol_12_5,FAIL,"[""solver_error""]",UNRESOLVED,UNRESOLVED,"[""coverage_core.jsonl#grid_index=370""]","{""x"": -0.2288795582950115, ""v"": 0.1492187944240868, ""tau"": 1.2122230550444255, ""K"": 1, ""kappa"": 2.3296704506501555, ""theta"": 0.07419144593179226, ""sigma"": 0.6068197236396372, ""rho"": -0.5696498095989228, ""r"": 0.06100629583001137, ""label"": ""sobol_12_5""}"
CORE_GRID,371,sobol_12_10,FAIL,"[""solver_error""]",UNRESOLVED,UNRESOLVED,"[""coverage_core.jsonl#grid_index=371""]","{""x"": -0.06035253927111617, ""v"": 0.027549026999622583, ""tau"": 0.7449407747924505, ""K"": 1, ""kappa"": 2.3296704506501555, ""theta"": 0.07419144593179226, ""sigma"": 0.6068197236396372, ""rho"": -0.5696498095989228, ""r"": 0.06100629583001137, ""label"": ""sobol_12_10""}"
CORE_GRID,372,sobol_12_12,FAIL,"[""solver_error""]",UNRESOLVED,UNRESOLVED,"[""coverage_core.jsonl#grid_index=372""]","{""x"": 0.3486417576670646, ""v"": 0.034342379309237, ""tau"": 1.6264992197975516, ""K"": 1, ""kappa"": 2.3296704506501555, ""theta"": 0.07419144593179226, ""sigma"": 0.6068197236396372, ""rho"": -0.5696498095989228, ""r"": 0.06100629583001137, ""label"": ""sobol_12_12""}"
CORE_GRID,373,sobol_12_14,FAIL,"[""solver_error""]",UNRESOLVED,UNRESOLVED,"[""coverage_core.jsonl#grid_index=373""]","{""x"": -0.6452242232859134, ""v"": 0.11001883773133159, ""tau"": 1.4248918307693823, ""K"": 1, ""kappa"": 2.3296704506501555, ""theta"": 0.07419144593179226, ""sigma"": 0.6068197236396372, ""rho"": -0.5696498095989228, ""r"": 0.06100629583001137, ""label"": ""sobol_12_14""}"
CORE_GRID,374,sobol_12_15,FAIL,"[""solver_error""]",UNRESOLVED,UNRESOLVED,"[""coverage_core.jsonl#grid_index=374""]","{""x"": 0.6573699384927749, ""v"": 0.13049472449347377, ""tau"": 0.8431286430466802, ""K"": 1, ""kappa"": 2.3296704506501555, ""theta"": 0.07419144593179226, ""sigma"": 0.6068197236396372, ""rho"": -0.5696498095989228, ""r"": 0.06100629583001137, ""label"": ""sobol_12_15""}"
CORE_GRID,375,sobol_13_2,FAIL,"[""solver_error""]",UNRESOLVED,UNRESOLVED,"[""coverage_core.jsonl#grid_index=375""]","{""x"": -0.42978136315941806, ""v"": 0.045810596318915486, ""tau"": 1.1061924948053996, ""K"": 1, ""kappa"": 0.5796194048598409, ""theta"": 0.02287291742861271, ""sigma"": 0.4293944475241005, ""rho"": -0.44705570936203004, ""r"": 0.03135268792510033, ""label"": ""sobol_13_2""}"
CORE_GRID,376,sobol_13_4,FAIL,"[""solver_error"", ""FD_uncertainty_budget_unresolved""]",UNRESOLVED,UNRESOLVED,"[""coverage_core.jsonl#grid_index=376""]","{""x"": 0.13681141734123226, ""v"": 0.017545952228829265, ""tau"": 0.021930661370297744, ""K"": 1, ""kappa"": 0.5796194048598409, ""theta"": 0.02287291742861271, ""sigma"": 0.4293944475241005, ""rho"": -0.44705570936203004, ""r"": 0.03135268792510033, ""label"": ""sobol_13_4""}"
CORE_GRID,377,sobol_13_10,FAIL,"[""solver_error""]",UNRESOLVED,UNRESOLVED,"[""coverage_core.jsonl#grid_index=377""]","{""x"": -0.17117889001965514, ""v"": 0.09377383138053119, ""tau"": 0.2081024181430361, ""K"": 1, ""kappa"": 0.5796194048598409, ""theta"": 0.02287291742861271, ""sigma"": 0.4293944475241005, ""rho"": -0.44705570936203004, ""r"": 0.03135268792510033, ""label"": ""sobol_13_10""}"
CORE_GRID,378,sobol_13_11,FAIL,"[""solver_error""]",UNRESOLVED,UNRESOLVED,"[""coverage_core.jsonl#grid_index=378""]","{""x"": 0.15520647168159485, ""v"": 0.1455633759032935, ""tau"": 1.5610371820761688, ""K"": 1, ""kappa"": 0.5796194048598409, ""theta"": 0.02287291742861271, ""sigma"": 0.4293944475241005, ""rho"": -0.44705570936203004, ""r"": 0.03135268792510033, ""label"": ""sobol_13_11""}"
CORE_GRID,379,sobol_13_12,FAIL,"[""solver_error""]",UNRESOLVED,UNRESOLVED,"[""coverage_core.jsonl#grid_index=379""]","{""x"": 0.45946361124515533, ""v"": 0.09287009690888226, ""tau"": 1.1676365639201352, ""K"": 1, ""kappa"": 0.5796194048598409, ""theta"": 0.02287291742861271, ""sigma"": 0.4293944475241005, ""rho"": -0.44705570936203004, ""r"": 0.03135268792510033, ""label"": ""sobol_13_12""}"
CORE_GRID,380,sobol_14_4,FAIL,"[""solver_error""]",UNRESOLVED,UNRESOLVED,"[""coverage_core.jsonl#grid_index=380""]","{""x"": 0.20962119027972226, ""v"": 0.05665386118926108, ""tau"": 1.3794351914446683, ""K"": 1, ""kappa"": 2.171143596060574, ""theta"": 0.1166074367053807, ""sigma"": 0.7503366939723491, ""rho"": -0.724420516192913, ""r"": 0.011124554201960565, ""label"": ""sobol_14_4""}"
CORE_GRID,381,sobol_14_10,PASS,[],NOT_APPLICABLE_STRICT_PASS,NUMERICALLY_RESOLVED,"[""coverage_core.jsonl#grid_index=381""]","{""x"": -0.09878545403480521, ""v"": 0.07416856125928462, ""tau"": 1.31421352517865, ""K"": 1, ""kappa"": 2.171143596060574, ""theta"": 0.1166074367053807, ""sigma"": 0.7503366939723491, ""rho"": -0.724420516192913, ""r"": 0.011124554201960565, ""label"": ""sobol_14_10""}"
CORE_GRID,382,sobol_14_12,FAIL,"[""solver_error""]",UNRESOLVED,UNRESOLVED,"[""coverage_core.jsonl#grid_index=382""]","{""x"": 0.391762163490057, ""v"": 0.11418816610239446, ""tau"": 0.3088972324557188, ""K"": 1, ""kappa"": 2.171143596060574, ""theta"": 0.1166074367053807, ""sigma"": 0.7503366939723491, ""rho"": -0.724420516192913, ""r"": 0.011124554201960565, ""label"": ""sobol_14_12""}"
CORE_GRID,383,sobol_14_13,FAIL,"[""solver_error""]",UNRESOLVED,UNRESOLVED,"[""coverage_core.jsonl#grid_index=383""]","{""x"": -0.40333568751811977, ""v"": 0.12685039057396352, ""tau"": 1.9573261949514587, ""K"": 1, ""kappa"": 2.171143596060574, ""theta"": 0.1166074367053807, ""sigma"": 0.7503366939723491, ""rho"": -0.724420516192913, ""r"": 0.011124554201960565, ""label"": ""sobol_14_13""}"
CORE_GRID,384,sobol_14_14,FAIL,"[""solver_error"", ""FD_uncertainty_budget_unresolved""]",UNRESOLVED,UNRESOLVED,"[""coverage_core.jsonl#grid_index=384""]","{""x"": -0.6765899732708931, ""v"": 0.03851269488222897, ""tau"": 0.5126748110929001, ""K"": 1, ""kappa"": 2.171143596060574, ""theta"": 0.1166074367053807, ""sigma"": 0.7503366939723491, ""rho"": -0.724420516192913, ""r"": 0.011124554201960565, ""label"": ""sobol_14_14""}"
CORE_GRID,385,sobol_15_0,FAIL,"[""solver_error""]",UNRESOLVED,UNRESOLVED,"[""coverage_core.jsonl#grid_index=385""]","{""x"": 0.6074960611760616, ""v"": 0.04167747776955366, ""tau"": 0.2260563543125514, ""K"": 1, ""kappa"": 3.9210896035656333, ""theta"": 0.06792562844231725, ""sigma"": 0.22297549955546855, ""rho"": -0.2956053122878074, ""r"": 0.041549647673964504, ""label"": ""sobol_15_0""}"
CORE_GRID,386,sobol_15_2,FAIL,"[""solver_error""]",UNRESOLVED,UNRESOLVED,"[""coverage_core.jsonl#grid_index=386""]","{""x"": -0.31107387095689776, ""v"": 0.11834670742973685, ""tau"": 0.958078593200457, ""K"": 1, ""kappa"": 3.9210896035656333, ""theta"": 0.06792562844231725, ""sigma"": 0.22297549955546855, ""rho"": -0.2956053122878074, ""r"": 0.041549647673964504, ""label"": ""sobol_15_2""}"
CORE_GRID,387,sobol_15_3,FAIL,"[""solver_error""]",UNRESOLVED,UNRESOLVED,"[""coverage_core.jsonl#grid_index=387""]","{""x"": 0.3364052630960941, ""v"": 0.13686869433149695, ""tau"": 1.3120163194576486, ""K"": 1, ""kappa"": 3.9210896035656333, ""theta"": 0.06792562844231725, ""sigma"": 0.22297549955546855, ""rho"": -0.2956053122878074, ""r"": 0.041549647673964504, ""label"": ""sobol_15_3""}"
CORE_GRID,388,sobol_15_4,PASS,[],NOT_APPLICABLE_STRICT_PASS,NUMERICALLY_RESOLVED,"[""coverage_core.jsonl#grid_index=388""]","{""x"": 0.022791434079408646, ""v"": 0.06854452006518841, ""tau"": 1.9166333291657447, ""K"": 1, ""kappa"": 3.9210896035656333, ""theta"": 0.06792562844231725, ""sigma"": 0.22297549955546855, ""rho"": -0.2956053122878074, ""r"": 0.041549647673964504, ""label"": ""sobol_15_4""}"
CORE_GRID,389,sobol_15_10,FAIL,"[""solver_error""]",UNRESOLVED,UNRESOLVED,"[""coverage_core.jsonl#grid_index=389""]","{""x"": -0.28812870830297466, ""v"": 0.054447758942842484, ""tau"": 1.8532372999507638, ""K"": 1, ""kappa"": 3.9210896035656333, ""theta"": 0.06792562844231725, ""sigma"": 0.22297549955546855, ""rho"": -0.2956053122878074, ""r"": 0.041549647673964504, ""label"": ""sobol_15_10""}"
CORE_GRID,390,sobol_16_4,FAIL,"[""solver_error""]",UNRESOLVED,UNRESOLVED,"[""coverage_core.jsonl#grid_index=390""]","{""x"": 0.26853966861963263, ""v"": 0.05406606220640242, ""tau"": 0.853890287161376, ""K"": 1, ""kappa"": 3.7881909529678524, ""theta"": 0.11826723774895073, ""sigma"": 0.46378102824091905, ""rho"": -0.6919052444398404, ""r"": 0.027861051112413406, ""label"": ""sobol_16_4""}"
CORE_GRID,391,sobol_16_10,PASS,[],NOT_APPLICABLE_STRICT_PASS,NUMERICALLY_RESOLVED,"[""coverage_core.jsonl#grid_index=391""]","{""x"": -0.0041522495448589325, ""v"": 0.06901823938824236, ""tau"": 0.9192023987527049, ""K"": 1, ""kappa"": 3.7881909529678524, ""theta"": 0.11826723774895073, ""sigma"": 0.46378102824091905, ""rho"": -0.6919052444398404, ""r"": 0.027861051112413406, ""label"": ""sobol_16_10""}"
CORE_GRID,392,sobol_16_12,FAIL,"[""solver_error""]",UNRESOLVED,UNRESOLVED,"[""coverage_core.jsonl#grid_index=392""]","{""x"": 0.3299323126673699, ""v"": 0.11885020672343671, ""tau"": 1.9567126951675626, ""K"": 1, ""kappa"": 3.7881909529678524, ""theta"": 0.11826723774895073, ""sigma"": 0.46378102824091905, ""rho"": -0.6919052444398404, ""r"": 0.027861051112413406, ""label"": ""sobol_16_12""}"
CORE_GRID,393,sobol_16_13,FAIL,"[""solver_error""]",UNRESOLVED,UNRESOLVED,"[""coverage_core.jsonl#grid_index=393""]","{""x"": -0.31864510998129847, ""v"": 0.13743379502557218, ""tau"": 0.3153485695772346, ""K"": 1, ""kappa"": 3.7881909529678524, ""theta"": 0.11826723774895073, ""sigma"": 0.46378102824091905, ""rho"": -0.6919052444398404, ""r"": 0.027861051112413406, ""label"": ""sobol_16_13""}"
CORE_GRID,394,sobol_16_14,FAIL,"[""solver_error""]",UNRESOLVED,UNRESOLVED,"[""coverage_core.jsonl#grid_index=394""]","{""x"": -0.6264966107904911, ""v"": 0.041205398039892316, ""tau"": 1.2229524129255127, ""K"": 1, ""kappa"": 3.7881909529678524, ""theta"": 0.11826723774895073, ""sigma"": 0.46378102824091905, ""rho"": -0.6919052444398404, ""r"": 0.027861051112413406, ""label"": ""sobol_16_14""}"
CORE_GRID,395,sobol_17_0,FAIL,"[""solver_error""]",UNRESOLVED,UNRESOLVED,"[""coverage_core.jsonl#grid_index=395""]","{""x"": 0.6956662103533744, ""v"": 0.03901625331491232, ""tau"": 1.5093566852710432, ""K"": 1, ""kappa"": 2.038134796079248, ""theta"": 0.06626507079228759, ""sigma"": 0.2863330494612455, ""rho"": -0.3130811356008053, ""r"": 0.07946716949343681, ""label"": ""sobol_17_0""}"
CORE_GRID,396,sobol_17_2,FAIL,"[""solver_error""]",UNRESOLVED,UNRESOLVED,"[""coverage_core.jsonl#grid_index=396""]","{""x"": -0.4109805084764957, ""v"": 0.11371423816308379, ""tau"": 1.307743607857634, ""K"": 1, ""kappa"": 2.038134796079248, ""theta"": 0.06626507079228759, ""sigma"": 0.2863330494612455, ""rho"": -0.3130811356008053, ""r"": 0.07946716949343681, ""label"": ""sobol_17_2""}"
CORE_GRID,397,sobol_17_3,FAIL,"[""solver_error""]",UNRESOLVED,UNRESOLVED,"[""coverage_core.jsonl#grid_index=397""]","{""x"": 0.385362794995308, ""v"": 0.1264388388954103, ""tau"": 0.960385317067867, ""K"": 1, ""kappa"": 2.038134796079248, ""theta"": 0.06626507079228759, ""sigma"": 0.2863330494612455, ""rho"": -0.3130811356008053, ""r"": 0.07946716949343681, ""label"": ""sobol_17_3""}"
CORE_GRID,398,sobol_17_4,FAIL,"[""solver_error""]",UNRESOLVED,UNRESOLVED,"[""coverage_core.jsonl#grid_index=398""]","{""x"": 0.08051971793174739, ""v"": 0.07366527058184147, ""tau"": 0.3170576337687967, ""K"": 1, ""kappa"": 2.038134796079248, ""theta"": 0.06626507079228759, ""sigma"": 0.2863330494612455, ""rho"": -0.3130811356008053, ""r"": 0.07946716949343681, ""label"": ""sobol_17_4""}"
CORE_GRID,399,sobol_17_10,FAIL,"[""solver_error""]",UNRESOLVED,UNRESOLVED,"[""coverage_core.jsonl#grid_index=399""]","{""x"": -0.18996157720685014, ""v"": 0.05724821984767914, ""tau"": 0.3803004520900902, ""K"": 1, ""kappa"": 2.038134796079248, ""theta"": 0.06626507079228759, ""sigma"": 0.2863330494612455, ""rho"": -0.3130811356008053, ""r"": 0.07946716949343681, ""label"": ""sobol_17_10""}"
CORE_GRID,400,sobol_18_2,FAIL,"[""solver_error"", ""FD_uncertainty_budget_unresolved""]",UNRESOLVED,UNRESOLVED,"[""coverage_core.jsonl#grid_index=400""]","{""x"": -0.47919882237911227, ""v"": 0.0932823708280921, ""tau"": 0.16825909410337253, ""K"": 1, ""kappa"": 0.7107020965777338, ""theta"": 0.07253016408532859, ""sigma"": 0.6729123161174356, ""rho"": -0.8404518909752369, ""r"": 0.057976849004626275, ""label"": ""sobol_18_2""}"
CORE_GRID,401,sobol_18_4,FAIL,"[""B_N"", ""solver_error""]",COS_RESOLVED,NUMERICALLY_RESOLVED,"[""coverage_core.jsonl#grid_index=401"", ""mp_cases\\0d22a41ca723\\576564beceef430589ea.json""]","{""x"": 0.1534210436046124, ""v"": 0.09433746384456754, ""tau"": 1.20478432206437, ""K"": 1, ""kappa"": 0.7107020965777338, ""theta"": 0.07253016408532859, ""sigma"": 0.6729123161174356, ""rho"": -0.8404518909752369, ""r"": 0.057976849004626275, ""label"": ""sobol_18_4""}"
CORE_GRID,402,sobol_18_5,PASS,[],NOT_APPLICABLE_STRICT_PASS,NUMERICALLY_RESOLVED,"[""coverage_core.jsonl#grid_index=402""]","{""x"": -0.17406265139579769, ""v"": 0.14606737392023206, ""tau"": 0.5624193830955182, ""K"": 1, ""kappa"": 0.7107020965777338, ""theta"": 0.07253016408532859, ""sigma"": 0.6729123161174356, ""rho"": -0.8404518909752369, ""r"": 0.057976849004626275, ""label"": ""sobol_18_5""}"
CORE_GRID,403,sobol_18_10,FAIL,"[""B_N"", ""solver_error""]",COS_RESOLVED,NUMERICALLY_RESOLVED,"[""coverage_core.jsonl#grid_index=403"", ""mp_cases\\0d22a41ca723\\a6c96386af1c9956b80a.json""]","{""x"": -0.11751320958137512, ""v"": 0.017012352589517832, ""tau"": 1.0205343063100285, ""K"": 1, ""kappa"": 0.7107020965777338, ""theta"": 0.07253016408532859, ""sigma"": 0.6729123161174356, ""rho"": -0.8404518909752369, ""r"": 0.057976849004626275, ""label"": ""sobol_18_10""}"
CORE_GRID,404,sobol_18_12,FAIL,"[""solver_error""]",UNRESOLVED,UNRESOLVED,"[""coverage_core.jsonl#grid_index=404""]","{""x"": 0.4479807637631894, ""v"": 0.045367334969341755, ""tau"": 0.10879202141973471, ""K"": 1, ""kappa"": 0.7107020965777338, ""theta"": 0.07253016408532859, ""sigma"": 0.6729123161174356, ""rho"": -0.8404518909752369, ""r"": 0.057976849004626275, ""label"": ""sobol_18_12""}"
CORE_GRID,405,sobol_19_0,FAIL,"[""solver_error""]",UNRESOLVED,UNRESOLVED,"[""coverage_core.jsonl#grid_index=405""]","{""x"": 0.6637879036366938, ""v"": 0.10957706696353853, ""tau"": 0.4255448477231853, ""K"": 1, ""kappa"": 2.4606496687047184, ""theta"": 0.024531904868781568, ""sigma"": 0.14557115407660604, ""rho"": -0.1678547985851765, ""r"": 0.009661745056509971, ""label"": ""sobol_19_0""}"
CORE_GRID,406,sobol_19_1,FAIL,"[""solver_error""]",UNRESOLVED,UNRESOLVED,"[""coverage_core.jsonl#grid_index=406""]","{""x"": -0.6375613778829574, ""v"": 0.13011300540529191, ""tau"": 1.8405435381619821, ""K"": 1, ""kappa"": 2.4606496687047184, ""theta"": 0.024531904868781568, ""sigma"": 0.14557115407660604, ""rho"": -0.1678547985851765, ""r"": 0.009661745056509971, ""label"": ""sobol_19_1""}"
CORE_GRID,407,sobol_19_2,FAIL,"[""solver_error""]",UNRESOLVED,UNRESOLVED,"[""coverage_core.jsonl#grid_index=407""]","{""x"": -0.36734725981950755, ""v"": 0.034876247169449925, ""tau"": 0.6293128713603234, ""K"": 1, ""kappa"": 2.4606496687047184, ""theta"": 0.024531904868781568, ""sigma"": 0.14557115407660604, ""rho"": -0.1678547985851765, ""r"": 0.009661745056509971, ""label"": ""sobol_19_2""}"
CORE_GRID,408,sobol_19_4,PASS,[],NOT_APPLICABLE_STRICT_PASS,NUMERICALLY_RESOLVED,"[""coverage_core.jsonl#grid_index=408""]","{""x"": 0.04157397821545605, ""v"": 0.027992020128294826, ""tau"": 1.7438176072217406, ""K"": 1, ""kappa"": 2.4606496687047184, ""theta"": 0.024531904868781568, ""sigma"": 0.14557115407660604, ""rho"": -0.1678547985851765, ""r"": 0.009661745056509971, ""label"": ""sobol_19_4""}"
CORE_GRID,409,sobol_19_10,FAIL,"[""solver_error""]",UNRESOLVED,UNRESOLVED,"[""coverage_core.jsonl#grid_index=409""]","{""x"": -0.23183686584234242, ""v"": 0.10678242216818035, ""tau"": 1.55773814728794, ""K"": 1, ""kappa"": 2.4606496687047184, ""theta"": 0.024531904868781568, ""sigma"": 0.14557115407660604, ""rho"": -0.1678547985851765, ""r"": 0.009661745056509971, ""label"": ""sobol_19_10""}"
CORE_GRID,410,sobol_19_11,FAIL,"[""solver_error""]",UNRESOLVED,UNRESOLVED,"[""coverage_core.jsonl#grid_index=410""]","{""x"": 0.24810017421841613, ""v"": 0.14874626020900905, ""tau"": 0.2133301575742071, ""K"": 1, ""kappa"": 2.4606496687047184, ""theta"": 0.024531904868781568, ""sigma"": 0.14557115407660604, ""rho"": -0.1678547985851765, ""r"": 0.009661745056509971, ""label"": ""sobol_19_11""}"
CORE_GRID,411,sobol_19_12,FAIL,"[""solver_error""]",UNRESOLVED,UNRESOLVED,"[""coverage_core.jsonl#grid_index=411""]","{""x"": 0.5622999407351017, ""v"": 0.0803497873712331, ""tau"": 0.5680201616256483, ""K"": 1, ""kappa"": 2.4606496687047184, ""theta"": 0.024531904868781568, ""sigma"": 0.14557115407660604, ""rho"": -0.1678547985851765, ""r"": 0.009661745056509971, ""label"": ""sobol_19_12""}"
CORE_GRID,412,sobol_20_2,FAIL,"[""solver_error""]",UNRESOLVED,UNRESOLVED,"[""coverage_core.jsonl#grid_index=412""]","{""x"": -0.5523853026330471, ""v"": 0.09671127190813422, ""tau"": 0.5247485203010636, ""K"": 1, ""kappa"": 2.8418227708898485, ""theta"": 0.08471815481781961, ""sigma"": 0.4069011623971164, ""rho"": -0.22966798469424243, ""r"": 0.017703711912035944, ""label"": ""sobol_20_2""}"
CORE_GRID,413,sobol_20_3,FAIL,"[""solver_error""]",UNRESOLVED,UNRESOLVED,"[""coverage_core.jsonl#grid_index=413""]","{""x"": 0.5264542445540428, ""v"": 0.14648783346638083, ""tau"": 1.2463712105379692, ""K"": 1, ""kappa"": 2.8418227708898485, ""theta"": 0.08471815481781961, ""sigma"": 0.4069011623971164, ""rho"": -0.22966798469424243, ""r"": 0.017703711912035944, ""label"": ""sobol_20_3""}"
CORE_GRID,414,sobol_20_4,FAIL,"[""solver_error""]",UNRESOLVED,UNRESOLVED,"[""coverage_core.jsonl#grid_index=414""]","{""x"": 0.2406723216176032, ""v"": 0.08993217907845974, ""tau"": 1.6090046393256339, ""K"": 1, ""kappa"": 2.8418227708898485, ""theta"": 0.08471815481781961, ""sigma"": 0.4069011623971164, ""rho"": -0.22966798469424243, ""r"": 0.017703711912035944, ""label"": ""sobol_20_4""}"
CORE_GRID,415,sobol_20_10,FAIL,"[""solver_error""]",UNRESOLVED,UNRESOLVED,"[""coverage_core.jsonl#grid_index=415""]","{""x"": -0.05150691792368889, ""v"": 0.04482462629675865, ""tau"": 1.6703933898233883, ""K"": 1, ""kappa"": 2.8418227708898485, ""theta"": 0.08471815481781961, ""sigma"": 0.4069011623971164, ""rho"": -0.22966798469424243, ""r"": 0.017703711912035944, ""label"": ""sobol_20_10""}"
CORE_GRID,416,sobol_20_12,FAIL,"[""solver_error""]",UNRESOLVED,UNRESOLVED,"[""coverage_core.jsonl#grid_index=416""]","{""x"": 0.3585301145911217, ""v"": 0.01853144494816661, ""tau"": 0.7108535296357577, ""K"": 1, ""kappa"": 2.8418227708898485, ""theta"": 0.08471815481781961, ""sigma"": 0.4069011623971164, ""rho"": -0.22966798469424243, ""r"": 0.017703711912035944, ""label"": ""sobol_20_12""}"
CORE_GRID,417,sobol_20_14,FAIL,"[""solver_error"", ""FD_uncertainty_budget_unresolved""]",UNRESOLVED,UNRESOLVED,"[""coverage_core.jsonl#grid_index=417""]","{""x"": -0.6737024702131748, ""v"": 0.063947812654078, ""tau"": 0.4760803711038851, ""K"": 1, ""kappa"": 2.8418227708898485, ""theta"": 0.08471815481781961, ""sigma"": 0.4069011623971164, ""rho"": -0.22966798469424243, ""r"": 0.017703711912035944, ""label"": ""sobol_20_14""}"
CORE_GRID,418,sobol_21_2,FAIL,"[""solver_error"", ""FD_uncertainty_budget_unresolved""]",UNRESOLVED,UNRESOLVED,"[""coverage_core.jsonl#grid_index=418""]","{""x"": -0.4392186440527439, ""v"": 0.030501235043630004, ""tau"": 0.06576391734138487, ""K"": 1, ""kappa"": 1.0917754541151226, ""theta"": 0.03574342697858811, ""sigma"": 0.5841956100426614, ""rho"": -0.7506972007453442, ""r"": 0.04993487261235714, ""label"": ""sobol_21_2""}"
CORE_GRID,419,sobol_21_4,FAIL,"[""B_N"", ""solver_error""]",COS_RESOLVED,NUMERICALLY_RESOLVED,"[""coverage_core.jsonl#grid_index=419"", ""mp_cases\\0d22a41ca723\\b74a2a1c7f28b4f6c409.json""]","{""x"": 0.12750098705291757, ""v"": 0.03139064856804907, ""tau"": 1.0720443355939573, ""K"": 1, ""kappa"": 1.0917754541151226, ""theta"": 0.03574342697858811, ""sigma"": 0.5841956100426614, ""rho"": -0.7506972007453442, ""r"": 0.04993487261235714, ""label"": ""sobol_21_4""}"
CORE_GRID,420,sobol_21_10,FAIL,"[""solver_error""]",UNRESOLVED,UNRESOLVED,"[""coverage_core.jsonl#grid_index=420""]","{""x"": -0.16216486170887956, ""v"": 0.07991578266955912, ""tau"": 1.1316038798577788, ""K"": 1, ""kappa"": 1.0917754541151226, ""theta"": 0.03574342697858811, ""sigma"": 0.5841956100426614, ""rho"": -0.7506972007453442, ""r"": 0.04993487261235714, ""label"": ""sobol_21_10""}"
CORE_GRID,421,sobol_21_12,FAIL,"[""solver_error""]",UNRESOLVED,UNRESOLVED,"[""coverage_core.jsonl#grid_index=421""]","{""x"": 0.4691927164793015, ""v"": 0.10819281055592, ""tau"": 0.2500435275705679, ""K"": 1, ""kappa"": 1.0917754541151226, ""theta"": 0.03574342697858811, ""sigma"": 0.5841956100426614, ""rho"": -0.7506972007453442, ""r"": 0.04993487261235714, ""label"": ""sobol_21_12""}"
CORE_GRID,422,sobol_21_13,FAIL,"[""solver_error""]",UNRESOLVED,UNRESOLVED,"[""coverage_core.jsonl#grid_index=422""]","{""x"": -0.4570470012724399, ""v"": 0.15210996731184423, ""tau"": 1.517143015768231, ""K"": 1, ""kappa"": 1.0917754541151226, ""theta"": 0.03574342697858811, ""sigma"": 0.5841956100426614, ""rho"": -0.7506972007453442, ""r"": 0.04993487261235714, ""label"": ""sobol_21_13""}"
CORE_GRID,423,sobol_22_2,FAIL,"[""solver_error""]",UNRESOLVED,UNRESOLVED,"[""coverage_core.jsonl#grid_index=423""]","{""x"": -0.5069200068712234, ""v"": 0.051572316559031606, ""tau"": 1.4213724937437782, ""K"": 1, ""kappa"": 1.657041176687926, ""theta"": 0.10448477396741511, ""sigma"": 0.20035470556467772, ""rho"": -0.47782400622963905, ""r"": 0.06750918820500373, ""label"": ""sobol_22_2""}"
CORE_GRID,424,sobol_22_4,FAIL,"[""solver_error""]",UNRESOLVED,UNRESOLVED,"[""coverage_core.jsonl#grid_index=424""]","{""x"": 0.19989451691508298, ""v"": 0.011536455480381846, ""tau"": 0.4628158579321785, ""K"": 1, ""kappa"": 1.657041176687926, ""theta"": 0.10448477396741511, ""sigma"": 0.20035470556467772, ""rho"": -0.47782400622963905, ""r"": 0.06750918820500373, ""label"": ""sobol_22_4""}"
CORE_GRID,425,sobol_22_10,PASS,[],NOT_APPLICABLE_STRICT_PASS,NUMERICALLY_RESOLVED,"[""coverage_core.jsonl#grid_index=425""]","{""x"": -0.08935518264770503, ""v"": 0.11926880176179111, ""tau"": 0.274760494629542, ""K"": 1, ""kappa"": 1.657041176687926, ""theta"": 0.10448477396741511, ""sigma"": 0.20035470556467772, ""rho"": -0.47782400622963905, ""r"": 0.06750918820500373, ""label"": ""sobol_22_10""}"
CORE_GRID,426,sobol_22_11,FAIL,"[""solver_error""]",UNRESOLVED,UNRESOLVED,"[""coverage_core.jsonl#grid_index=426""]","{""x"": 0.10589063689112654, ""v"": 0.13980564917437732, ""tau"": 1.9934159896580415, ""K"": 1, ""kappa"": 1.657041176687926, ""theta"": 0.10448477396741511, ""sigma"": 0.20035470556467772, ""rho"": -0.47782400622963905, ""r"": 0.06750918820500373, ""label"": ""sobol_22_11""}"
CORE_GRID,427,sobol_22_12,FAIL,"[""solver_error""]",UNRESOLVED,UNRESOLVED,"[""coverage_core.jsonl#grid_index=427""]","{""x"": 0.4010658703744412, ""v"": 0.06762290303595364, ""tau"": 1.3580353597644717, ""K"": 1, ""kappa"": 1.657041176687926, ""theta"": 0.10448477396741511, ""sigma"": 0.20035470556467772, ""rho"": -0.47782400622963905, ""r"": 0.06750918820500373, ""label"": ""sobol_22_12""}"
CORE_GRID,428,sobol_23_0,FAIL,"[""solver_error""]",UNRESOLVED,UNRESOLVED,"[""coverage_core.jsonl#grid_index=428""]","{""x"": 0.6352588020265102, ""v"": 0.026850910391658545, ""tau"": 1.1796807678830292, ""K"": 1, ""kappa"": 3.4069834551773965, ""theta"": 0.05345926636829973, ""sigma"": 0.7278414295986294, ""rho"": -0.5050802387297153, ""r"": 0.039819041937589644, ""label"": ""sobol_23_0""}"
CORE_GRID,429,sobol_23_2,PASS,[],NOT_APPLICABLE_STRICT_PASS,NUMERICALLY_RESOLVED,"[""coverage_core.jsonl#grid_index=429""]","{""x"": -0.31992621570825575, ""v"": 0.07127641420811415, ""tau"": 1.8825575053943173, ""K"": 1, ""kappa"": 3.4069834551773965, ""theta"": 0.05345926636829973, ""sigma"": 0.7278414295986294, ""rho"": -0.5050802387297153, ""r"": 0.039819041937589644, ""label"": ""sobol_23_2""}"
CORE_GRID,430,sobol_23_4,PASS,[],NOT_APPLICABLE_STRICT_PASS,NUMERICALLY_RESOLVED,"[""coverage_core.jsonl#grid_index=430""]","{""x"": 0.012896067649126097, ""v"": 0.11707983585074544, ""tau"": 1.001961341841028, ""K"": 1, ""kappa"": 3.4069834551773965, ""theta"": 0.05345926636829973, ""sigma"": 0.7278414295986294, ""rho"": -0.5050802387297153, ""r"": 0.039819041937589644, ""label"": ""sobol_23_4""}"
CORE_GRID,431,sobol_23_5,PASS,[],NOT_APPLICABLE_STRICT_PASS,NUMERICALLY_RESOLVED,"[""coverage_core.jsonl#grid_index=431""]","{""x"": -0.03443738669157037, ""v"": 0.12785114767029881, ""tau"": 1.2700790134406397, ""K"": 1, ""kappa"": 3.4069834551773965, ""theta"": 0.05345926636829973, ""sigma"": 0.7278414295986294, ""rho"": -0.5050802387297153, ""r"": 0.039819041937589644, ""label"": ""sobol_23_5""}"
CORE_GRID,432,sobol_23_12,FAIL,"[""solver_error""]",UNRESOLVED,UNRESOLVED,"[""coverage_core.jsonl#grid_index=432""]","{""x"": 0.5902428187429904, ""v"": 0.0557136619463563, ""tau"": 1.8171475089620799, ""K"": 1, ""kappa"": 3.4069834551773965, ""theta"": 0.05345926636829973, ""sigma"": 0.7278414295986294, ""rho"": -0.5050802387297153, ""r"": 0.039819041937589644, ""label"": ""sobol_23_12""}"
CORE_GRID,433,sobol_24_2,FAIL,"[""solver_error""]",UNRESOLVED,UNRESOLVED,"[""coverage_core.jsonl#grid_index=433""]","{""x"": -0.572344408929348, ""v"": 0.06617641844786704, ""tau"": 1.0778771072943947, ""K"": 1, ""kappa"": 3.2393352915532887, ""theta"": 0.08109352353960277, ""sigma"": 0.243723720125854, ""rho"": -0.7392068259418011, ""r"": 0.07388616733253002, ""label"": ""sobol_24_2""}"
CORE_GRID,434,sobol_24_4,FAIL,"[""solver_error""]",UNRESOLVED,UNRESOLVED,"[""coverage_core.jsonl#grid_index=434""]","{""x"": 0.2840665675699712, ""v"": 0.12193551263771951, ""tau"": 0.05597172464643206, ""K"": 1, ""kappa"": 3.2393352915532887, ""theta"": 0.08109352353960277, ""sigma"": 0.243723720125854, ""rho"": -0.7392068259418011, ""r"": 0.07388616733253002, ""label"": ""sobol_24_4""}"
CORE_GRID,435,sobol_24_5,FAIL,"[""solver_error""]",UNRESOLVED,UNRESOLVED,"[""coverage_core.jsonl#grid_index=435""]","{""x"": -0.2672083809971809, ""v"": 0.13459787121973932, ""tau"": 1.7131658902147873, ""K"": 1, ""kappa"": 3.2393352915532887, ""theta"": 0.08109352353960277, ""sigma"": 0.243723720125854, ""rho"": -0.7392068259418011, ""r"": 0.07388616733253002, ""label"": ""sobol_24_5""}"
CORE_GRID,436,sobol_24_10,PASS,[],NOT_APPLICABLE_STRICT_PASS,NUMERICALLY_RESOLVED,"[""coverage_core.jsonl#grid_index=436""]","{""x"": -0.024367792904377072, ""v"": 0.012867064913734794, ""tau"": 0.24399805859485196, ""K"": 1, ""kappa"": 3.2393352915532887, ""theta"": 0.08109352353960277, ""sigma"": 0.243723720125854, ""rho"": -0.7392068259418011, ""r"": 0.07388616733253002, ""label"": ""sobol_24_10""}"
CORE_GRID,437,sobol_24_12,FAIL,"[""solver_error""]",UNRESOLVED,UNRESOLVED,"[""coverage_core.jsonl#grid_index=437""]","{""x"": 0.3173354275524616, ""v"": 0.049020527163520455, ""tau"": 1.1411214425184186, ""K"": 1, ""kappa"": 3.2393352915532887, ""theta"": 0.08109352353960277, ""sigma"": 0.243723720125854, ""rho"": -0.7392068259418011, ""r"": 0.07388616733253002, ""label"": ""sobol_24_12""}"
CORE_GRID,438,sobol_24_14,FAIL,"[""solver_error""]",UNRESOLVED,UNRESOLVED,"[""coverage_core.jsonl#grid_index=438""]","{""x"": -0.602180939912796, ""v"": 0.09539816970936954, ""tau"": 1.9375621978681357, ""K"": 1, ""kappa"": 3.2393352915532887, ""theta"": 0.08109352353960277, ""sigma"": 0.243723720125854, ""rho"": -0.7392068259418011, ""r"": 0.07388616733253002, ""label"": ""sobol_24_14""}"
CORE_GRID,439,sobol_24_15,FAIL,"[""solver_error""]",UNRESOLVED,UNRESOLVED,"[""coverage_core.jsonl#grid_index=439""]","{""x"": 0.6278304688632488, ""v"": 0.14523555780760944, ""tau"": 0.3343924970240406, ""K"": 1, ""kappa"": 3.2393352915532887, ""theta"": 0.08109352353960277, ""sigma"": 0.243723720125854, ""rho"": -0.7392068259418011, ""r"": 0.07388616733253002, ""label"": ""sobol_24_15""}"
CORE_GRID,440,sobol_25_0,FAIL,"[""solver_error""]",UNRESOLVED,UNRESOLVED,"[""coverage_core.jsonl#grid_index=440""]","{""x"": 0.6830689676105977, ""v"": 0.10590484412387013, ""tau"": 1.3350714600888924, ""K"": 1, ""kappa"": 1.4893943690694869, ""theta"": 0.02684573668986559, ""sigma"": 0.771640339680016, ""rho"": -0.268123310059309, ""r"": 0.023442120179533957, ""label"": ""sobol_25_0""}"
CORE_GRID,441,sobol_25_1,FAIL,"[""solver_error"", ""FD_uncertainty_budget_unresolved""]",UNRESOLVED,UNRESOLVED,"[""coverage_core.jsonl#grid_index=441""]","{""x"": -0.6943426474928855, ""v"": 0.14988324465230107, ""tau"": 0.9329508354976064, ""K"": 1, ""kappa"": 1.4893943690694869, ""theta"": 0.02684573668986559, ""sigma"": 0.771640339680016, ""rho"": -0.268123310059309, ""r"": 0.023442120179533957, ""label"": ""sobol_25_1""}"
CORE_GRID,442,sobol_25_2,FAIL,"[""solver_error""]",UNRESOLVED,UNRESOLVED,"[""coverage_core.jsonl#grid_index=442""]","{""x"": -0.386664479970932, ""v"": 0.06243969313800335, ""tau"": 1.599365248555495, ""K"": 1, ""kappa"": 1.4893943690694869, ""theta"": 0.02684573668986559, ""sigma"": 0.771640339680016, ""rho"": -0.268123310059309, ""r"": 0.023442120179533957, ""label"": ""sobol_25_2""}"
CORE_GRID,443,sobol_25_10,FAIL,"[""solver_error""]",UNRESOLVED,UNRESOLVED,"[""coverage_core.jsonl#grid_index=443""]","{""x"": -0.21251947581768038, ""v"": 0.11046967981383204, ""tau"": 0.7207675504402095, ""K"": 1, ""kappa"": 1.4893943690694869, ""theta"": 0.02684573668986559, ""sigma"": 0.771640339680016, ""rho"": -0.268123310059309, ""r"": 0.023442120179533957, ""label"": ""sobol_25_10""}"
CORE_GRID,444,sobol_25_11,FAIL,"[""solver_error""]",UNRESOLVED,UNRESOLVED,"[""coverage_core.jsonl#grid_index=444""]","{""x"": 0.1912825606763362, ""v"": 0.128991502802819, ""tau"": 1.0522958012519492, ""K"": 1, ""kappa"": 1.4893943690694869, ""theta"": 0.02684573668986559, ""sigma"": 0.771640339680016, ""rho"": -0.268123310059309, ""r"": 0.023442120179533957, ""label"": ""sobol_25_11""}"
CORE_GRID,445,sobol_25_12,FAIL,"[""solver_error""]",UNRESOLVED,UNRESOLVED,"[""coverage_core.jsonl#grid_index=445""]","{""x"": 0.5054824702441691, ""v"": 0.07617806270718575, ""tau"": 1.6646824462324499, ""K"": 1, ""kappa"": 1.4893943690694869, ""theta"": 0.02684573668986559, ""sigma"": 0.771640339680016, ""rho"": -0.268123310059309, ""r"": 0.023442120179533957, ""label"": ""sobol_25_12""}"
CORE_GRID,446,sobol_26_2,FAIL,"[""solver_error""]",UNRESOLVED,UNRESOLVED,"[""coverage_core.jsonl#grid_index=446""]","{""x"": -0.4683597452938556, ""v"": 0.019549731630831957, ""tau"": 0.9920173399002542, ""K"": 1, ""kappa"": 1.2615845301188529, ""theta"": 0.10810425875708461, ""sigma"": 0.3625038157217204, ""rho"": -0.5908555842936039, ""r"": 0.004002589136362076, ""label"": ""sobol_26_2""}"
CORE_GRID,447,sobol_26_4,FAIL,"[""solver_error""]",UNRESOLVED,UNRESOLVED,"[""coverage_core.jsonl#grid_index=447""]","{""x"": 0.17539439499378195, ""v"": 0.04209783207625151, ""tau"": 1.8881766020120787, ""K"": 1, ""kappa"": 1.2615845301188529, ""theta"": 0.10810425875708461, ""sigma"": 0.3625038157217204, ""rho"": -0.5908555842936039, ""r"": 0.004002589136362076, ""label"": ""sobol_26_4""}"
CORE_GRID,448,sobol_26_10,FAIL,"[""solver_error""]",UNRESOLVED,UNRESOLVED,"[""coverage_core.jsonl#grid_index=448""]","{""x"": -0.13479791656136508, ""v"": 0.08878371212631464, ""tau"": 1.8268787467053957, ""K"": 1, ""kappa"": 1.2615845301188529, ""theta"": 0.10810425875708461, ""sigma"": 0.3625038157217204, ""rho"": -0.5908555842936039, ""r"": 0.004002589136362076, ""label"": ""sobol_26_10""}"
CORE_GRID,449,sobol_26_12,FAIL,"[""solver_error""]",UNRESOLVED,UNRESOLVED,"[""coverage_core.jsonl#grid_index=449""]","{""x"": 0.423078042268753, ""v"": 0.09956920007243752, ""tau"": 0.8059432634839877, ""K"": 1, ""kappa"": 1.2615845301188529, ""theta"": 0.10810425875708461, ""sigma"": 0.3625038157217204, ""rho"": -0.5908555842936039, ""r"": 0.004002589136362076, ""label"": ""sobol_26_12""}"
CORE_GRID,450,sobol_26_13,FAIL,"[""solver_error""]",UNRESOLVED,UNRESOLVED,"[""coverage_core.jsonl#grid_index=450""]","{""x"": -0.44929063394665714, ""v"": 0.14159334311261773, ""tau"": 1.464153470944554, ""K"": 1, ""kappa"": 1.2615845301188529, ""theta"": 0.10810425875708461, ""sigma"": 0.3625038157217204, ""rho"": -0.5908555842936039, ""r"": 0.004002589136362076, ""label"": ""sobol_26_13""}"
CORE_GRID,451,sobol_27_0,FAIL,"[""solver_error""]",UNRESOLVED,UNRESOLVED,"[""coverage_core.jsonl#grid_index=451""]","{""x"": 0.638884824514389, ""v"": 0.058308746898546815, ""tau"": 0.7347925300783817, ""K"": 1, ""kappa"": 3.0116340373642743, ""theta"": 0.06235256714746357, ""sigma"": 0.5407408541999758, ""rho"": -0.41354486122727396, ""r"": 0.05363609060645103, ""label"": ""sobol_27_0""}"
CORE_GRID,452,sobol_27_2,FAIL,"[""solver_error""]",UNRESOLVED,UNRESOLVED,"[""coverage_core.jsonl#grid_index=452""]","{""x"": -0.3541628949344158, ""v"": 0.1017729181330651, ""tau"": 0.4688313457715724, ""K"": 1, ""kappa"": 3.0116340373642743, ""theta"": 0.06235256714746357, ""sigma"": 0.5407408541999758, ""rho"": -0.41354486122727396, ""r"": 0.05363609060645103, ""label"": ""sobol_27_2""}"
CORE_GRID,453,sobol_27_3,FAIL,"[""solver_error""]",UNRESOLVED,UNRESOLVED,"[""coverage_core.jsonl#grid_index=453""]","{""x"": 0.36604540497064586, ""v"": 0.15356265637092292, ""tau"": 1.7973940669935906, ""K"": 1, ""kappa"": 3.0116340373642743, ""theta"": 0.06235256714746357, ""sigma"": 0.5407408541999758, ""rho"": -0.41354486122727396, ""r"": 0.05363609060645103, ""label"": ""sobol_27_3""}"
CORE_GRID,454,sobol_27_4,FAIL,"[""solver_error""]",UNRESOLVED,UNRESOLVED,"[""coverage_core.jsonl#grid_index=454""]","{""x"": 0.06120218485593787, ""v"": 0.08511449513025582, ""tau"": 1.4117630841099613, ""K"": 1, ""kappa"": 3.0116340373642743, ""theta"": 0.06235256714746357, ""sigma"": 0.5407408541999758, ""rho"": -0.41354486122727396, ""r"": 0.05363609060645103, ""label"": ""sobol_27_4""}"
CORE_GRID,455,sobol_27_5,FAIL,"[""solver_error""]",UNRESOLVED,UNRESOLVED,"[""coverage_core.jsonl#grid_index=455""]","{""x"": -0.040256097167730376, ""v"": 0.15832875040359795, ""tau"": 0.82324533301243, ""K"": 1, ""kappa"": 3.0116340373642743, ""theta"": 0.06235256714746357, ""sigma"": 0.5407408541999758, ""rho"": -0.41354486122727396, ""r"": 0.05363609060645103, ""label"": ""sobol_27_5""}"
CORE_GRID,456,sobol_27_10,PASS,[],NOT_APPLICABLE_STRICT_PASS,NUMERICALLY_RESOLVED,"[""coverage_core.jsonl#grid_index=456""]","{""x"": -0.24677871689200404, ""v"": 0.037940721260383725, ""tau"": 1.3522944350372113, ""K"": 1, ""kappa"": 3.0116340373642743, ""theta"": 0.06235256714746357, ""sigma"": 0.5407408541999758, ""rho"": -0.41354486122727396, ""r"": 0.05363609060645103, ""label"": ""sobol_27_10""}"
CORE_GRID,457,sobol_27_12,FAIL,"[""solver_error""]",UNRESOLVED,UNRESOLVED,"[""coverage_core.jsonl#grid_index=457""]","{""x"": 0.5350542202591897, ""v"": 0.02517138863913715, ""tau"": 0.28458266846081687, ""K"": 1, ""kappa"": 3.0116340373642743, ""theta"": 0.06235256714746357, ""sigma"": 0.5407408541999758, ""rho"": -0.41354486122727396, ""r"": 0.05363609060645103, ""label"": ""sobol_27_12""}"
CORE_GRID,458,sobol_28_2,FAIL,"[""solver_error"", ""FD_uncertainty_budget_unresolved""]",UNRESOLVED,UNRESOLVED,"[""coverage_core.jsonl#grid_index=458""]","{""x"": -0.5251385137438774, ""v"": 0.03958878107368946, ""tau"": 0.32657570949947784, ""K"": 1, ""kappa"": 2.5177078121341765, ""theta"": 0.09592102559283376, ""sigma"": 0.6297116340138017, ""rho"": -0.3769205413758755, ""r"": 0.04435383215546608, ""label"": ""sobol_28_2""}"
CORE_GRID,459,sobol_28_4,FAIL,"[""solver_error""]",UNRESOLVED,UNRESOLVED,"[""coverage_core.jsonl#grid_index=459""]","{""x"": 0.2556129612028599, ""v"": 0.02303552394732833, ""tau"": 1.3016976406834724, ""K"": 1, ""kappa"": 2.5177078121341765, ""theta"": 0.09592102559283376, ""sigma"": 0.6297116340138017, ""rho"": -0.3769205413758755, ""r"": 0.04435383215546608, ""label"": ""sobol_28_4""}"
CORE_GRID,460,sobol_28_10,PASS,[],NOT_APPLICABLE_STRICT_PASS,NUMERICALLY_RESOLVED,"[""coverage_core.jsonl#grid_index=460""]","{""x"": -0.0711362019181252, ""v"": 0.10000301105901599, ""tau"": 1.4859795411383467, ""K"": 1, ""kappa"": 2.5177078121341765, ""theta"": 0.09592102559283376, ""sigma"": 0.6297116340138017, ""rho"": -0.3769205413758755, ""r"": 0.04435383215546608, ""label"": ""sobol_28_10""}"
CORE_GRID,461,sobol_28_11,FAIL,"[""solver_error""]",UNRESOLVED,UNRESOLVED,"[""coverage_core.jsonl#grid_index=461""]","{""x"": 0.050171879678964526, ""v"": 0.1439805026166141, ""tau"": 0.7802021193931559, ""K"": 1, ""kappa"": 2.5177078121341765, ""theta"": 0.09592102559283376, ""sigma"": 0.6297116340138017, ""rho"": -0.3769205413758755, ""r"": 0.04435383215546608, ""label"": ""sobol_28_11""}"
CORE_GRID,462,sobol_28_12,FAIL,"[""solver_error""]",UNRESOLVED,UNRESOLVED,"[""coverage_core.jsonl#grid_index=462""]","{""x"": 0.3453469701111316, ""v"": 0.08737315982580185, ""tau"": 0.3861327255920817, ""K"": 1, ""kappa"": 2.5177078121341765, ""theta"": 0.09592102559283376, ""sigma"": 0.6297116340138017, ""rho"": -0.3769205413758755, ""r"": 0.04435383215546608, ""label"": ""sobol_28_12""}"
CORE_GRID,463,sobol_28_14,FAIL,"[""solver_error"", ""FD_uncertainty_budget_unresolved""]",UNRESOLVED,UNRESOLVED,"[""coverage_core.jsonl#grid_index=463""]","{""x"": -0.6488006114959717, ""v"": 0.010720143560320139, ""tau"": 0.6834647670676488, ""K"": 1, ""kappa"": 2.5177078121341765, ""theta"": 0.09592102559283376, ""sigma"": 0.6297116340138017, ""rho"": -0.3769205413758755, ""r"": 0.04435383215546608, ""label"": ""sobol_28_14""}"
CORE_GRID,464,sobol_29_2,FAIL,"[""solver_error""]",UNRESOLVED,UNRESOLVED,"[""coverage_core.jsonl#grid_index=464""]","{""x"": -0.4143169999122619, ""v"": 0.08274088078178465, ""tau"": 0.8481798417688835, ""K"": 1, ""kappa"": 0.7677588840015233, ""theta"": 0.051145799625664956, ""sigma"": 0.10160407843068242, ""rho"": -0.6057883881032466, ""r"": 0.013284818977117538, ""label"": ""sobol_29_2""}"
CORE_GRID,465,sobol_29_3,FAIL,"[""solver_error""]",UNRESOLVED,UNRESOLVED,"[""coverage_core.jsonl#grid_index=465""]","{""x"": 0.44054796025156984, ""v"": 0.15790809714235365, ""tau"": 1.3907141440052775, ""K"": 1, ""kappa"": 0.7677588840015233, ""theta"": 0.051145799625664956, ""sigma"": 0.10160407843068242, ""rho"": -0.6057883881032466, ""r"": 0.013284818977117538, ""label"": ""sobol_29_3""}"
CORE_GRID,466,sobol_29_4,FAIL,"[""solver_error""]",UNRESOLVED,UNRESOLVED,"[""coverage_core.jsonl#grid_index=466""]","{""x"": 0.14478691443800917, ""v"": 0.1051232737954706, ""tau"": 1.7765254895978917, ""K"": 1, ""kappa"": 0.7677588840015233, ""theta"": 0.051145799625664956, ""sigma"": 0.10160407843068242, ""rho"": -0.6057883881032466, ""r"": 0.013284818977117538, ""label"": ""sobol_29_4""}"
CORE_GRID,467,sobol_29_5,PASS,[],NOT_APPLICABLE_STRICT_PASS,NUMERICALLY_RESOLVED,"[""coverage_core.jsonl#grid_index=467""]","{""x"": -0.12882802784442893, ""v"": 0.1549596933182329, ""tau"": 0.4935807329085138, ""K"": 1, ""kappa"": 0.7677588840015233, ""theta"": 0.051145799625664956, ""sigma"": 0.10160407843068242, ""rho"": -0.6057883881032466, ""r"": 0.013284818977117538, ""label"": ""sobol_29_5""}"
CORE_GRID,468,sobol_29_10,FAIL,"[""solver_error""]",UNRESOLVED,UNRESOLVED,"[""coverage_core.jsonl#grid_index=468""]","{""x"": -0.18413714468479148, ""v"": 0.02571393339894712, ""tau"": 1.9626368342322253, ""K"": 1, ""kappa"": 0.7677588840015233, ""theta"": 0.051145799625664956, ""sigma"": 0.10160407843068242, ""rho"": -0.6057883881032466, ""r"": 0.013284818977117538, ""label"": ""sobol_29_10""}"
CORE_GRID,469,sobol_29_12,FAIL,"[""solver_error""]",UNRESOLVED,UNRESOLVED,"[""coverage_core.jsonl#grid_index=469""]","{""x"": 0.4583524279296398, ""v"": 0.03642143518663943, ""tau"": 0.9095624949125247, ""K"": 1, ""kappa"": 0.7677588840015233, ""theta"": 0.051145799625664956, ""sigma"": 0.10160407843068242, ""rho"": -0.6057883881032466, ""r"": 0.013284818977117538, ""label"": ""sobol_29_12""}"
CORE_GRID,470,sobol_30_2,FAIL,"[""solver_error""]",UNRESOLVED,UNRESOLVED,"[""coverage_core.jsonl#grid_index=470""]","{""x"": -0.49666654542088506, ""v"": 0.12432453292421997, ""tau"": 1.7379244010755053, ""K"": 1, ""kappa"": 1.9831881229765713, ""theta"": 0.09488076575100422, ""sigma"": 0.5080049104988574, ""rho"": -0.1281786747276783, ""r"": 0.034159924313426016, ""label"": ""sobol_30_2""}"
CORE_GRID,471,sobol_30_3,FAIL,"[""solver_error""]",UNRESOLVED,UNRESOLVED,"[""coverage_core.jsonl#grid_index=471""]","{""x"": 0.5082352638244629, ""v"": 0.13503363239578903, ""tau"": 0.035098946025033315, ""K"": 1, ""kappa"": 1.9831881229765713, ""theta"": 0.09488076575100422, ""sigma"": 0.5080049104988574, ""rho"": -0.1281786747276783, ""r"": 0.034159924313426016, ""label"": ""sobol_30_3""}"
CORE_GRID,472,sobol_30_4,FAIL,"[""solver_error""]",UNRESOLVED,UNRESOLVED,"[""coverage_core.jsonl#grid_index=472""]","{""x"": 0.22245348393917075, ""v"": 0.06281101447530091, ""tau"": 0.6390436703915752, ""K"": 1, ""kappa"": 1.9831881229765713, ""theta"": 0.09488076575100422, ""sigma"": 0.5080049104988574, ""rho"": -0.1281786747276783, ""r"": 0.034159924313426016, ""label"": ""sobol_30_4""}"
CORE_GRID,473,sobol_30_10,PASS,[],NOT_APPLICABLE_STRICT_PASS,NUMERICALLY_RESOLVED,"[""coverage_core.jsonl#grid_index=473""]","{""x"": -0.10722550526261321, ""v"": 0.04846251686103642, ""tau"": 0.5736397118270693, ""K"": 1, ""kappa"": 1.9831881229765713, ""theta"": 0.09488076575100422, ""sigma"": 0.5080049104988574, ""rho"": -0.1281786747276783, ""r"": 0.034159924313426016, ""label"": ""sobol_30_10""}"
CORE_GRID,474,sobol_30_12,FAIL,"[""solver_error""]",UNRESOLVED,UNRESOLVED,"[""coverage_core.jsonl#grid_index=474""]","{""x"": 0.376748764514923, ""v"": 0.014401458902284503, ""tau"": 1.547793706635102, ""K"": 1, ""kappa"": 1.9831881229765713, ""theta"": 0.09488076575100422, ""sigma"": 0.5080049104988574, ""rho"": -0.1281786747276783, ""r"": 0.034159924313426016, ""label"": ""sobol_30_12""}"
CORE_GRID,475,sobol_30_14,FAIL,"[""solver_error""]",UNRESOLVED,UNRESOLVED,"[""coverage_core.jsonl#grid_index=475""]","{""x"": -0.6918849639594554, ""v"": 0.09105349541641772, ""tau"": 1.252616611383264, ""K"": 1, ""kappa"": 1.9831881229765713, ""theta"": 0.09488076575100422, ""sigma"": 0.5080049104988574, ""rho"": -0.1281786747276783, ""r"": 0.034159924313426016, ""label"": ""sobol_30_14""}"
CORE_GRID,476,sobol_31_0,FAIL,"[""solver_error""]",UNRESOLVED,UNRESOLVED,"[""coverage_core.jsonl#grid_index=476""]","{""x"": 0.6109419107437133, ""v"": 0.07909964956343174, ""tau"": 1.9795552426246956, ""K"": 1, ""kappa"": 3.73324208939448, ""theta"": 0.03965632252395153, ""sigma"": 0.32996143661439414, ""rho"": -0.8508193142712116, ""r"": 0.06316839180886745, ""label"": ""sobol_31_0""}"
CORE_GRID,477,sobol_31_4,FAIL,"[""solver_error""]",UNRESOLVED,UNRESOLVED,"[""coverage_core.jsonl#grid_index=477""]","{""x"": 0.033110533654689744, ""v"": 0.05896937008947134, ""tau"": 0.16251771579245256, ""K"": 1, ""kappa"": 3.73324208939448, ""theta"": 0.03965632252395153, ""sigma"": 0.32996143661439414, ""rho"": -0.8508193142712116, ""r"": 0.06316839180886745, ""label"": ""sobol_31_4""}"
CORE_GRID,478,sobol_31_10,FAIL,"[""solver_error"", ""FD_uncertainty_budget_unresolved""]",UNRESOLVED,UNRESOLVED,"[""coverage_core.jsonl#grid_index=478""]","{""x"": -0.29405556544661526, ""v"": 0.07575930375605822, ""tau"": 0.099183050497982, ""K"": 1, ""kappa"": 3.73324208939448, ""theta"": 0.03965632252395153, ""sigma"": 0.32996143661439414, ""rho"": -0.8508193142712116, ""r"": 0.06316839180886745, ""label"": ""sobol_31_10""}"
CORE_GRID,479,sobol_31_12,FAIL,"[""solver_error""]",UNRESOLVED,UNRESOLVED,"[""coverage_core.jsonl#grid_index=479""]","{""x"": 0.5635833576321603, ""v"": 0.11186482245102525, ""tau"": 1.0265493405657629, ""K"": 1, ""kappa"": 3.73324208939448, ""theta"": 0.03965632252395153, ""sigma"": 0.32996143661439414, ""rho"": -0.8508193142712116, ""r"": 0.06316839180886745, ""label"": ""sobol_31_12""}"
CORE_GRID,480,sobol_31_13,FAIL,"[""solver_error"", ""FD_uncertainty_budget_unresolved""]",UNRESOLVED,UNRESOLVED,"[""coverage_core.jsonl#grid_index=480""]","{""x"": -0.5889378480613231, ""v"": 0.13233993435278535, ""tau"": 0.7426016289881239, ""K"": 1, ""kappa"": 3.73324208939448, ""theta"": 0.03965632252395153, ""sigma"": 0.32996143661439414, ""rho"": -0.8508193142712116, ""r"": 0.06316839180886745, ""label"": ""sobol_31_13""}"
CORE_GRID,481,sobol_32_2,FAIL,"[""solver_error""]",UNRESOLVED,UNRESOLVED,"[""coverage_core.jsonl#grid_index=481""]","{""x"": -0.5877326175570488, ""v"": 0.03311883471906185, ""tau"": 1.1458980967179828, ""K"": 1, ""kappa"": 3.6993291210383177, ""theta"": 0.09866647047922016, ""sigma"": 0.17926793210208417, ""rho"": -0.5151290781795979, ""r"": 0.017031925171613695, ""label"": ""sobol_32_2""}"
CORE_GRID,482,sobol_32_4,FAIL,"[""solver_error""]",UNRESOLVED,UNRESOLVED,"[""coverage_core.jsonl#grid_index=482""]","{""x"": 0.28070935383439055, ""v"": 0.030237415339797735, ""tau"": 0.23317592240692603, ""K"": 1, ""kappa"": 3.6993291210383177, ""theta"": 0.09866647047922016, ""sigma"": 0.17926793210208417, ""rho"": -0.5151290781795979, ""r"": 0.017031925171613695, ""label"": ""sobol_32_4""}"
CORE_GRID,483,sobol_32_10,PASS,[],NOT_APPLICABLE_STRICT_PASS,NUMERICALLY_RESOLVED,"[""coverage_core.jsonl#grid_index=483""]","{""x"": -0.010718907415866896, ""v"": 0.10842563537880778, ""tau"": 0.043136602766545754, ""K"": 1, ""kappa"": 3.6993291210383177, ""theta"": 0.09866647047922016, ""sigma"": 0.17926793210208417, ""rho"": -0.5151290781795979, ""r"": 0.017031925171613695, ""label"": ""sobol_32_10""}"
CORE_GRID,484,sobol_32_11,PASS,[],NOT_APPLICABLE_STRICT_PASS,NUMERICALLY_RESOLVED,"[""coverage_core.jsonl#grid_index=484""]","{""x"": 0.03665004149079332, ""v"": 0.1504499721340835, ""tau"": 1.6928447604120251, ""K"": 1, ""kappa"": 3.6993291210383177, ""theta"": 0.09866647047922016, ""sigma"": 0.17926793210208417, ""rho"": -0.5151290781795979, ""r"": 0.017031925171613695, ""label"": ""sobol_32_11""}"
CORE_GRID,485,sobol_32_12,FAIL,"[""solver_error""]",UNRESOLVED,UNRESOLVED,"[""coverage_core.jsonl#grid_index=485""]","{""x"": 0.32243196442723265, ""v"": 0.07821763679385185, ""tau"": 1.0806464195724517, ""K"": 1, ""kappa"": 3.6993291210383177, ""theta"": 0.09866647047922016, ""sigma"": 0.17926793210208417, ""rho"": -0.5151290781795979, ""r"": 0.017031925171613695, ""label"": ""sobol_32_12""}"
CORE_GRID,486,sobol_33_2,FAIL,"[""solver_error""]",UNRESOLVED,UNRESOLVED,"[""coverage_core.jsonl#grid_index=486""]","{""x"": -0.39855898618698116, ""v"": 0.09165227063931525, ""tau"": 1.6828525782200612, ""K"": 1, ""kappa"": 1.949381522834301, ""theta"": 0.04676234124228358, ""sigma"": 0.7065450124442577, ""rho"": -0.4923845358192921, ""r"": 0.04560154512524605, ""label"": ""sobol_33_2""}"
CORE_GRID,487,sobol_33_4,FAIL,"[""solver_error""]",UNRESOLVED,UNRESOLVED,"[""coverage_core.jsonl#grid_index=487""]","{""x"": 0.09153118953108796, ""v"": 0.0964565014000982, ""tau"": 0.6921661245222721, ""K"": 1, ""kappa"": 1.949381522834301, ""theta"": 0.04676234124228358, ""sigma"": 0.7065450124442577, ""rho"": -0.4923845358192921, ""r"": 0.04560154512524605, ""label"": ""sobol_33_4""}"
CORE_GRID,488,sobol_33_5,FAIL,"[""solver_error""]",UNRESOLVED,UNRESOLVED,"[""coverage_core.jsonl#grid_index=488""]","{""x"": -0.1036768466234208, ""v"": 0.1482460757251829, ""tau"": 1.0477485302577003, ""K"": 1, ""kappa"": 1.949381522834301, ""theta"": 0.04676234124228358, ""sigma"": 0.7065450124442577, ""rho"": -0.4923845358192921, ""r"": 0.04560154512524605, ""label"": ""sobol_33_5""}"
CORE_GRID,489,sobol_33_10,FAIL,"[""solver_error""]",UNRESOLVED,UNRESOLVED,"[""coverage_core.jsonl#grid_index=489""]","{""x"": -0.1977137714624404, ""v"": 0.018756175180897117, ""tau"": 0.5039562490613511, ""K"": 1, ""kappa"": 1.949381522834301, ""theta"": 0.04676234124228358, ""sigma"": 0.7065450124442577, ""rho"": -0.4923845358192921, ""r"": 0.04560154512524605, ""label"": ""sobol_33_10""}"
CORE_GRID,490,sobol_33_12,FAIL,"[""solver_error""]",UNRESOLVED,UNRESOLVED,"[""coverage_core.jsonl#grid_index=490""]","{""x"": 0.5094313435256481, ""v"": 0.043135529616847634, ""tau"": 1.6194265381255675, ""K"": 1, ""kappa"": 1.949381522834301, ""theta"": 0.04676234124228358, ""sigma"": 0.7065450124442577, ""rho"": -0.4923845358192921, ""r"": 0.04560154512524605, ""label"": ""sobol_33_12""}"
CORE_GRID,491,sobol_34_2,FAIL,"[""solver_error""]",UNRESOLVED,UNRESOLVED,"[""coverage_core.jsonl#grid_index=491""]","{""x"": -0.4714053578674793, ""v"": 0.11541365715675056, ""tau"": 0.7950640203697341, ""K"": 1, ""kappa"": 0.7996413707733154, ""theta"": 0.09052093762904406, ""sigma"": 0.2981007632799446, ""rho"": -0.7665824316442013, ""r"": 0.06691639922559262, ""label"": ""sobol_34_2""}"
CORE_GRID,492,sobol_34_3,FAIL,"[""solver_error""]",UNRESOLVED,UNRESOLVED,"[""coverage_core.jsonl#grid_index=492""]","{""x"": 0.4548698186874389, ""v"": 0.12807585182599723, ""tau"": 1.4457749023937458, ""K"": 1, ""kappa"": 0.7996413707733154, ""theta"": 0.09052093762904406, ""sigma"": 0.2981007632799446, ""rho"": -0.7665824316442013, ""r"": 0.06691639922559262, ""label"": ""sobol_34_3""}"
CORE_GRID,493,sobol_34_4,FAIL,"[""solver_error""]",UNRESOLVED,UNRESOLVED,"[""coverage_core.jsonl#grid_index=493""]","{""x"": 0.1596945852041245, ""v"": 0.07147822645492852, ""tau"": 1.8315906797217885, ""K"": 1, ""kappa"": 0.7996413707733154, ""theta"": 0.09052093762904406, ""sigma"": 0.2981007632799446, ""rho"": -0.7665824316442013, ""r"": 0.06691639922559262, ""label"": ""sobol_34_4""}"
CORE_GRID,494,sobol_34_10,FAIL,"[""solver_error""]",UNRESOLVED,UNRESOLVED,"[""coverage_core.jsonl#grid_index=494""]","{""x"": -0.1299757160246373, ""v"": 0.05542077426798642, ""tau"": 1.8909954069596198, ""K"": 1, ""kappa"": 0.7996413707733154, ""theta"": 0.09052093762904406, ""sigma"": 0.2981007632799446, ""rho"": -0.7665824316442013, ""r"": 0.06691639922559262, ""label"": ""sobol_34_10""}"
CORE_GRID,495,sobol_35_0,FAIL,"[""solver_error""]",UNRESOLVED,UNRESOLVED,"[""coverage_core.jsonl#grid_index=495""]","{""x"": 0.6711921215057373, ""v"": 0.08752225153148174, ""tau"": 0.5533418374816104, ""K"": 1, ""kappa"": 2.5496975537389517, ""theta"": 0.04242540363222361, ""sigma"": 0.4756128237582743, ""rho"": -0.23761087283492088, ""r"": 0.035407327339053156, ""label"": ""sobol_35_0""}"
CORE_GRID,496,sobol_35_4,FAIL,"[""solver_error""]",UNRESOLVED,UNRESOLVED,"[""coverage_core.jsonl#grid_index=496""]","{""x"": 0.04903334230184564, ""v"": 0.051766964606940746, ""tau"": 1.3704150743553385, ""K"": 1, ""kappa"": 2.5496975537389517, ""theta"": 0.04242540363222361, ""sigma"": 0.4756128237582743, ""rho"": -0.23761087283492088, ""r"": 0.035407327339053156, ""label"": ""sobol_35_4""}"
CORE_GRID,497,sobol_35_10,PASS,[],NOT_APPLICABLE_STRICT_PASS,NUMERICALLY_RESOLVED,"[""coverage_core.jsonl#grid_index=497""]","{""x"": -0.2431414447724819, ""v"": 0.06733622495085001, ""tau"": 1.4318890948632053, ""K"": 1, ""kappa"": 2.5496975537389517, ""theta"": 0.04242540363222361, ""sigma"": 0.4756128237582743, ""rho"": -0.23761087283492088, ""r"": 0.035407327339053156, ""label"": ""sobol_35_10""}"
CORE_GRID,498,sobol_35_12,FAIL,"[""solver_error""]",UNRESOLVED,UNRESOLVED,"[""coverage_core.jsonl#grid_index=498""]","{""x"": 0.5501715257763862, ""v"": 0.12101984629407525, ""tau"": 0.44217254059197053, ""K"": 1, ""kappa"": 2.5496975537389517, ""theta"": 0.04242540363222361, ""sigma"": 0.4756128237582743, ""rho"": -0.23761087283492088, ""r"": 0.035407327339053156, ""label"": ""sobol_35_12""}"
CORE_GRID,499,sobol_35_13,FAIL,"[""solver_error""]",UNRESOLVED,UNRESOLVED,"[""coverage_core.jsonl#grid_index=499""]","{""x"": -0.5286302737891674, ""v"": 0.13954186299815774, ""tau"": 1.794802734251356, ""K"": 1, ""kappa"": 2.5496975537389517, ""theta"": 0.04242540363222361, ""sigma"": 0.4756128237582743, ""rho"": -0.23761087283492088, ""r"": 0.035407327339053156, ""label"": ""sobol_35_13""}"
CORE_GRID,500,sobol_36_2,FAIL,"[""solver_error"", ""FD_uncertainty_budget_unresolved""]",UNRESOLVED,UNRESOLVED,"[""coverage_core.jsonl#grid_index=500""]","{""x"": -0.5600872859358788, ""v"": 0.07289053522981703, ""tau"": 0.39914395690466914, ""K"": 1, ""kappa"": 2.93072459846735, ""theta"": 0.07912934355437756, ""sigma"": 0.7392831883393227, ""rho"": -0.15236634388566017, ""r"": 0.027189526781439783, ""label"": ""sobol_36_2""}"
CORE_GRID,501,sobol_36_4,FAIL,"[""solver_error""]",UNRESOLVED,UNRESOLVED,"[""coverage_core.jsonl#grid_index=501""]","{""x"": 0.23430715575814243, ""v"": 0.11497773206792772, ""tau"": 1.4833996037560855, ""K"": 1, ""kappa"": 2.93072459846735, ""theta"": 0.07912934355437756, ""sigma"": 0.7392831883393227, ""rho"": -0.15236634388566017, ""r"": 0.027189526781439783, ""label"": ""sobol_36_4""}"
CORE_GRID,502,sobol_36_5,FAIL,"[""solver_error""]",UNRESOLVED,UNRESOLVED,"[""coverage_core.jsonl#grid_index=502""]","{""x"": -0.24559442549943922, ""v"": 0.1256869954522699, ""tau"": 0.7535547021377299, ""K"": 1, ""kappa"": 2.93072459846735, ""theta"": 0.07912934355437756, ""sigma"": 0.7392831883393227, ""rho"": -0.15236634388566017, ""r"": 0.027189526781439783, ""label"": ""sobol_36_5""}"
CORE_GRID,503,sobol_36_12,FAIL,"[""solver_error""]",UNRESOLVED,UNRESOLVED,"[""coverage_core.jsonl#grid_index=503""]","{""x"": 0.3695646174252034, ""v"": 0.057931879768148065, ""tau"": 0.33769382017901134, ""K"": 1, ""kappa"": 2.93072459846735, ""theta"": 0.07912934355437756, ""sigma"": 0.7392831883393227, ""rho"": -0.15236634388566017, ""r"": 0.027189526781439783, ""label"": ""sobol_36_12""}"
CORE_GRID,504,sobol_36_14,FAIL,"[""solver_error"", ""FD_uncertainty_budget_unresolved""]",UNRESOLVED,UNRESOLVED,"[""coverage_core.jsonl#grid_index=504""]","{""x"": -0.6612764418125152, ""v"": 0.10235642711631954, ""tau"": 0.6036340652795006, ""K"": 1, ""kappa"": 2.93072459846735, ""theta"": 0.07912934355437756, ""sigma"": 0.7392831883393227, ""rho"": -0.15236634388566017, ""r"": 0.027189526781439783, ""label"": ""sobol_36_14""}"
CORE_GRID,505,sobol_36_15,FAIL,"[""solver_error""]",UNRESOLVED,UNRESOLVED,"[""coverage_core.jsonl#grid_index=505""]","{""x"": 0.6400350920855999, ""v"": 0.15414691041223705, ""tau"": 1.1381212840418493, ""K"": 1, ""kappa"": 2.93072459846735, ""theta"": 0.07912934355437756, ""sigma"": 0.7392831883393227, ""rho"": -0.15236634388566017, ""r"": 0.027189526781439783, ""label"": ""sobol_36_15""}"
CORE_GRID,506,sobol_37_2,FAIL,"[""solver_error""]",UNRESOLVED,UNRESOLVED,"[""coverage_core.jsonl#grid_index=506""]","{""x"": -0.44576227068901064, ""v"": 0.05328419245779514, ""tau"": 0.9359824325268468, ""K"": 1, ""kappa"": 1.1807823460549116, ""theta"": 0.030447965934872628, ""sigma"": 0.2118178422562778, ""rho"": -0.8297684766352177, ""r"": 0.07513419024646283, ""label"": ""sobol_37_2""}"
CORE_GRID,507,sobol_37_10,FAIL,"[""solver_error""]",UNRESOLVED,UNRESOLVED,"[""coverage_core.jsonl#grid_index=507""]","{""x"": -0.15095190703868866, ""v"": 0.11767160845920444, ""tau"": 1.7581659827144847, ""K"": 1, ""kappa"": 1.1807823460549116, ""theta"": 0.030447965934872628, ""sigma"": 0.2118178422562778, ""rho"": -0.8297684766352177, ""r"": 0.07513419024646283, ""label"": ""sobol_37_10""}"
CORE_GRID,508,sobol_37_11,FAIL,"[""solver_error""]",UNRESOLVED,UNRESOLVED,"[""coverage_core.jsonl#grid_index=508""]","{""x"": 0.17656953558325772, ""v"": 0.13814652664586902, ""tau"": 0.4827205588974591, ""K"": 1, ""kappa"": 1.1807823460549116, ""theta"": 0.030447965934872628, ""sigma"": 0.2118178422562778, ""rho"": -0.8297684766352177, ""r"": 0.07513419024646283, ""label"": ""sobol_37_11""}"
CORE_GRID,509,sobol_37_12,FAIL,"[""solver_error""]",UNRESOLVED,UNRESOLVED,"[""coverage_core.jsonl#grid_index=509""]","{""x"": 0.4814126126468181, ""v"": 0.06970807909965515, ""tau"": 0.8766051582541199, ""K"": 1, ""kappa"": 1.1807823460549116, ""theta"": 0.030447965934872628, ""sigma"": 0.2118178422562778, ""rho"": -0.8297684766352177, ""r"": 0.07513419024646283, ""label"": ""sobol_37_12""}"
CORE_GRID,510,sobol_38_2,FAIL,"[""solver_error""]",UNRESOLVED,UNRESOLVED,"[""coverage_core.jsonl#grid_index=510""]","{""x"": -0.5182473309338093, ""v"": 0.02870477782562375, ""tau"": 1.5452708761791685, ""K"": 1, ""kappa"": 1.5682754125446081, ""theta"": 0.11168281601741911, ""sigma"": 0.6175237344577909, ""rho"": -0.3042103223502636, ""r"": 0.05738379761576653, ""label"": ""sobol_38_2""}"
CORE_GRID,511,sobol_38_4,FAIL,"[""solver_error""]",UNRESOLVED,UNRESOLVED,"[""coverage_core.jsonl#grid_index=511""]","{""x"": 0.18777969181537624, ""v"": 0.03367473091930151, ""tau"": 0.586715664322828, ""K"": 1, ""kappa"": 1.5682754125446081, ""theta"": 0.11168281601741911, ""sigma"": 0.6175237344577909, ""rho"": -0.3042103223502636, ""r"": 0.05738379761576653, ""label"": ""sobol_38_4""}"
CORE_GRID,512,sobol_38_10,FAIL,"[""solver_error""]",UNRESOLVED,UNRESOLVED,"[""coverage_core.jsonl#grid_index=512""]","{""x"": -0.08269690051674838, ""v"": 0.08158134389668703, ""tau"": 0.6501122884016247, ""K"": 1, ""kappa"": 1.5682754125446081, ""theta"": 0.11168281601741911, ""sigma"": 0.6175237344577909, ""rho"": -0.3042103223502636, ""r"": 0.05738379761576653, ""label"": ""sobol_38_10""}"
CORE_GRID,513,sobol_38_12,FAIL,"[""solver_error""]",UNRESOLVED,UNRESOLVED,"[""coverage_core.jsonl#grid_index=513""]","{""x"": 0.4084747374057769, ""v"": 0.10603866958990693, ""tau"": 1.7333885774918136, ""K"": 1, ""kappa"": 1.5682754125446081, ""theta"": 0.11168281601741911, ""sigma"": 0.6175237344577909, ""rho"": -0.3042103223502636, ""r"": 0.05738379761576653, ""label"": ""sobol_38_12""}"
CORE_GRID,514,sobol_38_13,FAIL,"[""solver_error"", ""FD_uncertainty_budget_unresolved""]",UNRESOLVED,UNRESOLVED,"[""coverage_core.jsonl#grid_index=514""]","{""x"": -0.38783307150006296, ""v"": 0.15001596743240952, ""tau"": 0.00650897495345109, ""K"": 1, ""kappa"": 1.5682754125446081, ""theta"": 0.11168281601741911, ""sigma"": 0.6175237344577909, ""rho"": -0.3042103223502636, ""r"": 0.05738379761576653, ""label"": ""sobol_38_13""}"
CORE_GRID,515,sobol_38_14,FAIL,"[""solver_error""]",UNRESOLVED,UNRESOLVED,"[""coverage_core.jsonl#grid_index=515""]","{""x"": -0.6978801481425762, ""v"": 0.06161128729581833, ""tau"": 1.4691918707999683, ""K"": 1, ""kappa"": 1.5682754125446081, ""theta"": 0.11168281601741911, ""sigma"": 0.6175237344577909, ""rho"": -0.3042103223502636, ""r"": 0.05738379761576653, ""label"": ""sobol_38_14""}"
CORE_GRID,516,sobol_39_0,FAIL,"[""solver_error""]",UNRESOLVED,UNRESOLVED,"[""coverage_core.jsonl#grid_index=516""]","{""x"": 0.6242838084697724, ""v"": 0.049641974503174424, ""tau"": 1.8025870868263558, ""K"": 1, ""kappa"": 3.318322703242302, ""theta"": 0.06036472113803029, ""sigma"": 0.4402079088613391, ""rho"": -0.6753854386508464, ""r"": 0.00524968221783638, ""label"": ""sobol_39_0""}"
CORE_GRID,517,sobol_39_2,FAIL,"[""solver_error""]",UNRESOLVED,UNRESOLVED,"[""coverage_core.jsonl#grid_index=517""]","{""x"": -0.3324392192065716, ""v"": 0.0950593005400151, ""tau"": 1.0062472203798178, ""K"": 1, ""kappa"": 3.318322703242302, ""theta"": 0.06036472113803029, ""sigma"": 0.4402079088613391, ""rho"": -0.6753854386508464, ""r"": 0.00524968221783638, ""label"": ""sobol_39_2""}"
CORE_GRID,518,sobol_39_3,FAIL,"[""solver_error""]",UNRESOLVED,UNRESOLVED,"[""coverage_core.jsonl#grid_index=518""]","{""x"": 0.3161759868264198, ""v"": 0.14489588397555053, ""tau"": 0.7297855092892571, ""K"": 1, ""kappa"": 3.318322703242302, ""theta"": 0.06036472113803029, ""sigma"": 0.4402079088613391, ""rho"": -0.6753854386508464, ""r"": 0.00524968221783638, ""label"": ""sobol_39_3""}"
CORE_GRID,519,sobol_39_4,PASS,[],NOT_APPLICABLE_STRICT_PASS,NUMERICALLY_RESOLVED,"[""coverage_core.jsonl#grid_index=519""]","{""x"": 0.0019762203097344333, ""v"": 0.09207273018546402, ""tau"": 0.12565248078178792, ""K"": 1, ""kappa"": 3.318322703242302, ""theta"": 0.06036472113803029, ""sigma"": 0.4402079088613391, ""rho"": -0.6753854386508464, ""r"": 0.00524968221783638, ""label"": ""sobol_39_4""}"
CORE_GRID,520,sobol_39_10,FAIL,"[""solver_error"", ""FD_uncertainty_budget_unresolved""]",UNRESOLVED,UNRESOLVED,"[""coverage_core.jsonl#grid_index=520""]","{""x"": -0.27072040066123004, ""v"": 0.04660797049291432, ""tau"": 0.19087831109451753, ""K"": 1, ""kappa"": 3.318322703242302, ""theta"": 0.06036472113803029, ""sigma"": 0.4402079088613391, ""rho"": -0.6753854386508464, ""r"": 0.00524968221783638, ""label"": ""sobol_39_10""}"
CORE_GRID,521,sobol_39_12,FAIL,"[""solver_error""]",UNRESOLVED,UNRESOLVED,"[""coverage_core.jsonl#grid_index=521""]","{""x"": 0.5964936152100564, ""v"": 0.016260475618764758, ""tau"": 1.196190320797974, ""K"": 1, ""kappa"": 3.318322703242302, ""theta"": 0.06036472113803029, ""sigma"": 0.4402079088613391, ""rho"": -0.6753854386508464, ""r"": 0.00524968221783638, ""label"": ""sobol_39_12""}"
CORE_GRID,522,sobol_40_2,PASS,[],NOT_APPLICABLE_STRICT_PASS,NUMERICALLY_RESOLVED,"[""coverage_core.jsonl#grid_index=522""]","{""x"": -0.5657595120370388, ""v"": 0.10391364758834243, ""tau"": 1.952236833856515, ""K"": 1, ""kappa"": 3.3830047799274325, ""theta"": 0.08819601934403182, ""sigma"": 0.5743353398516774, ""rho"": -0.8662650026381016, ""r"": 0.041182576045393944, ""label"": ""sobol_40_2""}"
CORE_GRID,523,sobol_40_3,FAIL,"[""solver_error""]",UNRESOLVED,UNRESOLVED,"[""coverage_core.jsonl#grid_index=523""]","{""x"": 0.5867239102721213, ""v"": 0.15564336394891143, ""tau"": 0.28669863623300834, ""K"": 1, ""kappa"": 3.3830047799274325, ""theta"": 0.08819601934403182, ""sigma"": 0.5743353398516774, ""rho"": -0.8662650026381016, ""r"": 0.041182576045393944, ""label"": ""sobol_40_3""}"
CORE_GRID,524,sobol_40_4,FAIL,"[""solver_error""]",UNRESOLVED,UNRESOLVED,"[""coverage_core.jsonl#grid_index=524""]","{""x"": 0.2915488198399543, ""v"": 0.08346270211040974, ""tau"": 0.9303328825996094, ""K"": 1, ""kappa"": 3.3830047799274325, ""theta"": 0.08819601934403182, ""sigma"": 0.5743353398516774, ""rho"": -0.8662650026381016, ""r"": 0.041182576045393944, ""label"": ""sobol_40_4""}"
CORE_GRID,525,sobol_40_5,PASS,[],NOT_APPLICABLE_STRICT_PASS,NUMERICALLY_RESOLVED,"[""coverage_core.jsonl#grid_index=525""]","{""x"": -0.27968462035059927, ""v"": 0.15673662163317204, ""tau"": 1.339762476206358, ""K"": 1, ""kappa"": 3.3830047799274325, ""theta"": 0.08819601934403182, ""sigma"": 0.5743353398516774, ""rho"": -0.8662650026381016, ""r"": 0.041182576045393944, ""label"": ""sobol_40_5""}"
CORE_GRID,526,sobol_40_10,FAIL,"[""solver_error""]",UNRESOLVED,UNRESOLVED,"[""coverage_core.jsonl#grid_index=526""]","{""x"": -0.035622017830610364, ""v"": 0.03566957265138626, ""tau"": 0.8669043738202797, ""K"": 1, ""kappa"": 3.3830047799274325, ""theta"": 0.08819601934403182, ""sigma"": 0.5743353398516774, ""rho"": -0.8662650026381016, ""r"": 0.041182576045393944, ""label"": ""sobol_40_10""}"
CORE_GRID,527,sobol_40_12,FAIL,"[""solver_error""]",UNRESOLVED,UNRESOLVED,"[""coverage_core.jsonl#grid_index=527""]","{""x"": 0.3051475033164024, ""v"": 0.026954553555697203, ""tau"": 1.7640291891349036, ""K"": 1, ""kappa"": 3.3830047799274325, ""theta"": 0.08819601934403182, ""sigma"": 0.5743353398516774, ""rho"": -0.8662650026381016, ""r"": 0.041182576045393944, ""label"": ""sobol_40_12""}"
CORE_GRID,528,sobol_40_14,FAIL,"[""solver_error"", ""FD_uncertainty_budget_unresolved""]",UNRESOLVED,UNRESOLVED,"[""coverage_core.jsonl#grid_index=528""]","{""x"": -0.6134166397154331, ""v"": 0.07041776645928621, ""tau"": 1.0612533405267943, ""K"": 1, ""kappa"": 3.3830047799274325, ""theta"": 0.08819601934403182, ""sigma"": 0.5743353398516774, ""rho"": -0.8662650026381016, ""r"": 0.041182576045393944, ""label"": ""sobol_40_14""}"
CORE_GRID,529,sobol_41_0,FAIL,"[""solver_error""]",UNRESOLVED,UNRESOLVED,"[""coverage_core.jsonl#grid_index=529""]","{""x"": 0.6894113883376121, ""v"": 0.06821357202716172, ""tau"": 1.7104232501430763, ""K"": 1, ""kappa"": 1.6329552987590432, ""theta"": 0.03385019477456808, ""sigma"": 0.3962478218600154, ""rho"": -0.13890486732125285, ""r"": 0.011450808569788933, ""label"": ""sobol_41_0""}"
CORE_GRID,530,sobol_41_2,FAIL,"[""solver_error""]",UNRESOLVED,UNRESOLVED,"[""coverage_core.jsonl#grid_index=530""]","{""x"": -0.3789305247366428, ""v"": 0.021833993261680007, ""tau"": 1.4774145692261675, ""K"": 1, ""kappa"": 1.6329552987590432, ""theta"": 0.03385019477456808, ""sigma"": 0.3962478218600154, ""rho"": -0.13890486732125285, ""r"": 0.011450808569788933, ""label"": ""sobol_41_2""}"
CORE_GRID,531,sobol_41_4,FAIL,"[""solver_error""]",UNRESOLVED,UNRESOLVED,"[""coverage_core.jsonl#grid_index=531""]","{""x"": 0.10471515655517583, ""v"": 0.04030155413784087, ""tau"": 0.40872291322901017, ""K"": 1, ""kappa"": 1.6329552987590432, ""theta"": 0.03385019477456808, ""sigma"": 0.3962478218600154, ""rho"": -0.13890486732125285, ""r"": 0.011450808569788933, ""label"": ""sobol_41_4""}"
CORE_GRID,532,sobol_41_10,FAIL,"[""solver_error""]",UNRESOLVED,UNRESOLVED,"[""coverage_core.jsonl#grid_index=532""]","{""x"": -0.2249590940773487, ""v"": 0.08662939281202853, ""tau"": 0.3434651982157476, ""K"": 1, ""kappa"": 1.6329552987590432, ""theta"": 0.03385019477456808, ""sigma"": 0.3962478218600154, ""rho"": -0.13890486732125285, ""r"": 0.011450808569788933, ""label"": ""sobol_41_10""}"
CORE_GRID,533,sobol_41_12,FAIL,"[""solver_error""]",UNRESOLVED,UNRESOLVED,"[""coverage_core.jsonl#grid_index=533""]","{""x"": 0.49448923766613007, ""v"": 0.1012345829512924, ""tau"": 1.287381525399045, ""K"": 1, ""kappa"": 1.6329552987590432, ""theta"": 0.03385019477456808, ""sigma"": 0.3962478218600154, ""rho"": -0.13890486732125285, ""r"": 0.011450808569788933, ""label"": ""sobol_41_12""}"
CORE_GRID,534,sobol_41_13,FAIL,"[""solver_error""]",UNRESOLVED,UNRESOLVED,"[""coverage_core.jsonl#grid_index=534""]","{""x"": -0.5104480661451817, ""v"": 0.14319858490489423, ""tau"": 0.9476291596416443, ""K"": 1, ""kappa"": 1.6329552987590432, ""theta"": 0.03385019477456808, ""sigma"": 0.3962478218600154, ""rho"": -0.13890486732125285, ""r"": 0.011450808569788933, ""label"": ""sobol_41_13""}"
CORE_GRID,535,sobol_42_2,FAIL,"[""solver_error"", ""FD_uncertainty_budget_unresolved""]",UNRESOLVED,UNRESOLVED,"[""coverage_core.jsonl#grid_index=535""]","{""x"": -0.4558787137269974, ""v"": 0.06023905915208161, ""tau"": 0.11985016982662418, ""K"": 1, ""kappa"": 1.1182114267721772, ""theta"": 0.10261518990620971, ""sigma"": 0.783499330934137, ""rho"": -0.6146162442862988, ""r"": 0.031066454499959945, ""label"": ""sobol_42_2""}"
CORE_GRID,536,sobol_42_10,PASS,[],NOT_APPLICABLE_STRICT_PASS,NUMERICALLY_RESOLVED,"[""coverage_core.jsonl#grid_index=536""]","{""x"": -0.14257299900054932, ""v"": 0.11255467752926052, ""tau"": 1.2022662505189636, ""K"": 1, ""kappa"": 1.1182114267721772, ""theta"": 0.10261518990620971, ""sigma"": 0.783499330934137, ""rho"": -0.6146162442862988, ""r"": 0.031066454499959945, ""label"": ""sobol_42_10""}"
CORE_GRID,537,sobol_42_11,FAIL,"[""solver_error""]",UNRESOLVED,UNRESOLVED,"[""coverage_core.jsonl#grid_index=537""]","{""x"": 0.1310041956603527, ""v"": 0.13113842974416912, ""tau"": 0.5357101000032373, ""K"": 1, ""kappa"": 1.1182114267721772, ""theta"": 0.10261518990620971, ""sigma"": 0.783499330934137, ""rho"": -0.6146162442862988, ""r"": 0.031066454499959945, ""label"": ""sobol_42_11""}"
CORE_GRID,538,sobol_42_12,FAIL,"[""solver_error""]",UNRESOLVED,UNRESOLVED,"[""coverage_core.jsonl#grid_index=538""]","{""x"": 0.41678597554564467, ""v"": 0.07458069105632603, ""tau"": 0.18133028768860393, ""K"": 1, ""kappa"": 1.1182114267721772, ""theta"": 0.10261518990620971, ""sigma"": 0.783499330934137, ""rho"": -0.6146162442862988, ""r"": 0.031066454499959945, ""label"": ""sobol_42_12""}"
CORE_GRID,539,sobol_43_0,FAIL,"[""solver_error""]",UNRESOLVED,UNRESOLVED,"[""coverage_core.jsonl#grid_index=539""]","{""x"": 0.6509766183793544, ""v"": 0.01769589399918914, ""tau"": 0.36163329651268816, ""K"": 1, ""kappa"": 2.868152323178947, ""theta"": 0.05696077307686209, ""sigma"": 0.2554331908933818, ""rho"": -0.3934833161532879, ""r"": 0.061257205158472064, ""label"": ""sobol_43_0""}"
CORE_GRID,540,sobol_43_2,FAIL,"[""solver_error""]",UNRESOLVED,UNRESOLVED,"[""coverage_core.jsonl#grid_index=540""]","{""x"": -0.3428768411278724, ""v"": 0.06407449301332235, ""tau"": 0.5963855158382406, ""K"": 1, ""kappa"": 2.868152323178947, ""theta"": 0.05696077307686209, ""sigma"": 0.2554331908933818, ""rho"": -0.3934833161532879, ""r"": 0.061257205158472064, ""label"": ""sobol_43_2""}"
CORE_GRID,541,sobol_43_4,FAIL,"[""solver_error""]",UNRESOLVED,UNRESOLVED,"[""coverage_core.jsonl#grid_index=541""]","{""x"": 0.07334898188710204, ""v"": 0.12354981200769544, ""tau"": 1.539316774567678, ""K"": 1, ""kappa"": 2.868152323178947, ""theta"": 0.05696077307686209, ""sigma"": 0.2554331908933818, ""rho"": -0.3934833161532879, ""r"": 0.061257205158472064, ""label"": ""sobol_43_4""}"
CORE_GRID,542,sobol_43_5,FAIL,"[""solver_error""]",UNRESOLVED,UNRESOLVED,"[""coverage_core.jsonl#grid_index=542""]","{""x"": -0.047994558513164476, ""v"": 0.13627421902492642, ""tau"": 0.2025318494000073, ""K"": 1, ""kappa"": 2.868152323178947, ""theta"": 0.05696077307686209, ""sigma"": 0.2554331908933818, ""rho"": -0.3934833161532879, ""r"": 0.061257205158472064, ""label"": ""sobol_43_5""}"
CORE_GRID,543,sobol_43_10,FAIL,"[""solver_error""]",UNRESOLVED,UNRESOLVED,"[""coverage_core.jsonl#grid_index=543""]","{""x"": -0.2533957287669182, ""v"": 0.015085103455930948, ""tau"": 1.7235050174326354, ""K"": 1, ""kappa"": 2.868152323178947, ""theta"": 0.05696077307686209, ""sigma"": 0.2554331908933818, ""rho"": -0.3934833161532879, ""r"": 0.061257205158472064, ""label"": ""sobol_43_10""}"
CORE_GRID,544,sobol_43_12,FAIL,"[""solver_error""]",UNRESOLVED,UNRESOLVED,"[""coverage_core.jsonl#grid_index=544""]","{""x"": 0.5276133812963963, ""v"": 0.04729106742888689, ""tau"": 0.6557927712472895, ""K"": 1, ""kappa"": 2.868152323178947, ""theta"": 0.05696077307686209, ""sigma"": 0.2554331908933818, ""rho"": -0.3934833161532879, ""r"": 0.061257205158472064, ""label"": ""sobol_43_12""}"
CORE_GRID,545,sobol_44_4,FAIL,"[""solver_error""]",UNRESOLVED,UNRESOLVED,"[""coverage_core.jsonl#grid_index=545""]","{""x"": 0.24456036239862433, ""v"": 0.06077970960177481, ""tau"": 1.6731522324982853, ""K"": 1, ""kappa"": 2.374292046763003, ""theta"": 0.11400813216343524, ""sigma"": 0.34146278919652107, ""rho"": -0.4035512812435627, ""r"": 0.07071518287062645, ""label"": ""sobol_44_4""}"
CORE_GRID,546,sobol_44_10,PASS,[],NOT_APPLICABLE_STRICT_PASS,NUMERICALLY_RESOLVED,"[""coverage_core.jsonl#grid_index=546""]","{""x"": -0.06341612264513974, ""v"": 0.07792912260629237, ""tau"": 1.6137765346146706, ""K"": 1, ""kappa"": 2.374292046763003, ""theta"": 0.11400813216343524, ""sigma"": 0.34146278919652107, ""rho"": -0.4035512812435627, ""r"": 0.07071518287062645, ""label"": ""sobol_44_10""}"
CORE_GRID,547,sobol_44_12,FAIL,"[""solver_error""]",UNRESOLVED,UNRESOLVED,"[""coverage_core.jsonl#grid_index=547""]","{""x"": 0.3516938969492913, ""v"": 0.11018298729322851, ""tau"": 0.5139311430236649, ""K"": 1, ""kappa"": 2.374292046763003, ""theta"": 0.11400813216343524, ""sigma"": 0.34146278919652107, ""rho"": -0.4035512812435627, ""r"": 0.07071518287062645, ""label"": ""sobol_44_12""}"
CORE_GRID,548,sobol_44_13,FAIL,"[""solver_error""]",UNRESOLVED,UNRESOLVED,"[""coverage_core.jsonl#grid_index=548""]","{""x"": -0.3685521505773067, ""v"": 0.1307196707930416, ""tau"": 1.2279307761503058, ""K"": 1, ""kappa"": 2.374292046763003, ""theta"": 0.11400813216343524, ""sigma"": 0.34146278919652107, ""rho"": -0.4035512812435627, ""r"": 0.07071518287062645, ""label"": ""sobol_44_13""}"
CORE_GRID,549,sobol_44_14,FAIL,"[""solver_error"", ""FD_uncertainty_budget_unresolved""]",UNRESOLVED,UNRESOLVED,"[""coverage_core.jsonl#grid_index=549""]","{""x"": -0.64106200709939, ""v"": 0.03449127380736172, ""tau"": 0.3100622304833479, ""K"": 1, ""kappa"": 2.374292046763003, ""theta"": 0.11400813216343524, ""sigma"": 0.34146278919652107, ""rho"": -0.4035512812435627, ""r"": 0.07071518287062645, ""label"": ""sobol_44_14""}"
CORE_GRID,550,sobol_45_2,FAIL,"[""solver_error""]",UNRESOLVED,UNRESOLVED,"[""coverage_core.jsonl#grid_index=550""]","{""x"": -0.42554819360375407, ""v"": 0.1221373095177114, ""tau"": 0.2233228565541111, ""K"": 1, ""kappa"": 0.6242380542680621, ""theta"": 0.06893955597653985, ""sigma"": 0.5193994463421404, ""rho"": -0.5762397833168507, ""r"": 0.021608448177576064, ""label"": ""sobol_45_2""}"
CORE_GRID,551,sobol_45_3,FAIL,"[""solver_error""]",UNRESOLVED,UNRESOLVED,"[""coverage_core.jsonl#grid_index=551""]","{""x"": 0.4467850238084794, ""v"": 0.1329088150523603, ""tau"": 1.5146135488628514, ""K"": 1, ""kappa"": 0.6242380542680621, ""theta"": 0.06893955597653985, ""sigma"": 0.5193994463421404, ""rho"": -0.5762397833168507, ""r"": 0.021608448177576064, ""label"": ""sobol_45_3""}"
CORE_GRID,552,sobol_45_4,FAIL,"[""solver_error""]",UNRESOLVED,UNRESOLVED,"[""coverage_core.jsonl#grid_index=552""]","{""x"": 0.13258511424064645, ""v"": 0.06451025418937206, ""tau"": 1.1516699283383787, ""K"": 1, ""kappa"": 0.6242380542680621, ""theta"": 0.06893955597653985, ""sigma"": 0.5193994463421404, ""rho"": -0.5762397833168507, ""r"": 0.021608448177576064, ""label"": ""sobol_45_4""}"
CORE_GRID,553,sobol_45_10,FAIL,"[""solver_error""]",UNRESOLVED,UNRESOLVED,"[""coverage_core.jsonl#grid_index=553""]","{""x"": -0.17761161401867875, ""v"": 0.050778720527887344, ""tau"": 1.0902249371847286, ""K"": 1, ""kappa"": 0.6242380542680621, ""theta"": 0.06893955597653985, ""sigma"": 0.5193994463421404, ""rho"": -0.5762397833168507, ""r"": 0.021608448177576064, ""label"": ""sobol_45_10""}"
CORE_GRID,554,sobol_45_12,FAIL,"[""A_domain"", ""solver_error""]",UNRESOLVED,UNRESOLVED,"[""coverage_core.jsonl#grid_index=554""]","{""x"": 0.46588489115238185, ""v"": 0.01257419167086482, ""tau"": 0.03715202182028738, ""K"": 1, ""kappa"": 0.6242380542680621, ""theta"": 0.06893955597653985, ""sigma"": 0.5193994463421404, ""rho"": -0.5762397833168507, ""r"": 0.021608448177576064, ""label"": ""sobol_45_12""}"
CORE_GRID,555,sobol_46_2,FAIL,"[""solver_error""]",UNRESOLVED,UNRESOLVED,"[""coverage_core.jsonl#grid_index=555""]","{""x"": -0.5033063024282455, ""v"": 0.08485973905771971, ""tau"": 1.3608665378793838, ""K"": 1, ""kappa"": 2.126948463730514, ""theta"": 0.07518099516630174, ""sigma"": 0.13488362394273282, ""rho"": -0.25229314789175983, ""r"": 0.0009088476747274399, ""label"": ""sobol_46_2""}"
CORE_GRID,556,sobol_46_4,FAIL,"[""solver_error""]",UNRESOLVED,UNRESOLVED,"[""coverage_core.jsonl#grid_index=556""]","{""x"": 0.2150262348353862, ""v"": 0.10349299432709813, ""tau"": 0.26198533502229976, ""K"": 1, ""kappa"": 2.126948463730514, ""theta"": 0.07518099516630174, ""sigma"": 0.13488362394273282, ""rho"": -0.25229314789175983, ""r"": 0.0009088476747274399, ""label"": ""sobol_46_4""}"
CORE_GRID,557,sobol_46_5,FAIL,"[""solver_error""]",UNRESOLVED,UNRESOLVED,"[""coverage_core.jsonl#grid_index=557""]","{""x"": -0.18881358504295354, ""v"": 0.15326974960044026, ""tau"": 1.973034897582635, ""K"": 1, ""kappa"": 2.126948463730514, ""theta"": 0.07518099516630174, ""sigma"": 0.13488362394273282, ""rho"": -0.25229314789175983, ""r"": 0.0009088476747274399, ""label"": ""sobol_46_5""}"
CORE_GRID,558,sobol_46_10,FAIL,"[""solver_error""]",UNRESOLVED,UNRESOLVED,"[""coverage_core.jsonl#grid_index=558""]","{""x"": -0.09587979912757882, ""v"": 0.023482306394726038, ""tau"": 0.4519337594716085, ""K"": 1, ""kappa"": 2.126948463730514, ""theta"": 0.07518099516630174, ""sigma"": 0.13488362394273282, ""rho"": -0.25229314789175983, ""r"": 0.0009088476747274399, ""label"": ""sobol_46_10""}"
CORE_GRID,559,sobol_46_12,FAIL,"[""solver_error""]",UNRESOLVED,UNRESOLVED,"[""coverage_core.jsonl#grid_index=559""]","{""x"": 0.3888450644910335, ""v"": 0.03816543612629175, ""tau"": 1.4260872821064874, ""K"": 1, ""kappa"": 2.126948463730514, ""theta"": 0.07518099516630174, ""sigma"": 0.13488362394273282, ""rho"": -0.25229314789175983, ""r"": 0.0009088476747274399, ""label"": ""sobol_46_12""}"
CORE_GRID,560,sobol_46_14,FAIL,"[""solver_error""]",UNRESOLVED,UNRESOLVED,"[""coverage_core.jsonl#grid_index=560""]","{""x"": -0.6805942609906196, ""v"": 0.11385616986081004, ""tau"": 1.6277251058546383, ""K"": 1, ""kappa"": 2.126948463730514, ""theta"": 0.07518099516630174, ""sigma"": 0.13488362394273282, ""rho"": -0.25229314789175983, ""r"": 0.0009088476747274399, ""label"": ""sobol_46_14""}"
CORE_GRID,561,sobol_46_15,FAIL,"[""solver_error""]",UNRESOLVED,UNRESOLVED,"[""coverage_core.jsonl#grid_index=561""]","{""x"": 0.6968528486788272, ""v"": 0.1265796679072082, ""tau"": 0.11203536022424934, ""K"": 1, ""kappa"": 2.126948463730514, ""theta"": 0.07518099516630174, ""sigma"": 0.13488362394273282, ""rho"": -0.25229314789175983, ""r"": 0.0009088476747274399, ""label"": ""sobol_46_15""}"
CORE_GRID,562,sobol_47_0,FAIL,"[""solver_error""]",UNRESOLVED,UNRESOLVED,"[""coverage_core.jsonl#grid_index=562""]","{""x"": 0.6046544931828974, ""v"": 0.11848797253333032, ""tau"": 1.1034894429206374, ""K"": 1, ""kappa"": 3.8768974179401994, ""theta"": 0.020249139219522476, ""sigma"": 0.663097996264696, ""rho"": -0.7312088571488857, ""r"": 0.05172456555068493, ""label"": ""sobol_47_0""}"
CORE_GRID,563,sobol_47_1,FAIL,"[""solver_error"", ""FD_uncertainty_budget_unresolved""]",UNRESOLVED,UNRESOLVED,"[""coverage_core.jsonl#grid_index=563""]","{""x"": -0.6253191322088242, ""v"": 0.13707075617276132, ""tau"": 0.6324062598684418, ""K"": 1, ""kappa"": 3.8768974179401994, ""theta"": 0.020249139219522476, ""sigma"": 0.663097996264696, ""rho"": -0.7312088571488857, ""r"": 0.05172456555068493, ""label"": ""sobol_47_1""}"
CORE_GRID,564,sobol_47_2,FAIL,"[""solver_error""]",UNRESOLVED,UNRESOLVED,"[""coverage_core.jsonl#grid_index=564""]","{""x"": -0.3151536896824837, ""v"": 0.04183399793691933, ""tau"": 1.8372706643690073, ""K"": 1, ""kappa"": 3.8768974179401994, ""theta"": 0.020249139219522476, ""sigma"": 0.663097996264696, ""rho"": -0.7312088571488857, ""r"": 0.05172456555068493, ""label"": ""sobol_47_2""}"
CORE_GRID,565,sobol_47_4,FAIL,"[""solver_error""]",UNRESOLVED,UNRESOLVED,"[""coverage_core.jsonl#grid_index=565""]","{""x"": 0.026878119260072664, ""v"": 0.021277933148667216, ""tau"": 0.7851809733805971, ""K"": 1, ""kappa"": 3.8768974179401994, ""theta"": 0.020249139219522476, ""sigma"": 0.663097996264696, ""rho"": -0.7312088571488857, ""r"": 0.05172456555068493, ""label"": ""sobol_47_4""}"
CORE_GRID,566,sobol_47_10,FAIL,"[""solver_error""]",UNRESOLVED,UNRESOLVED,"[""coverage_core.jsonl#grid_index=566""]","{""x"": -0.28156094402074816, ""v"": 0.09787103976123035, ""tau"": 0.9732999536504466, ""K"": 1, ""kappa"": 3.8768974179401994, ""theta"": 0.020249139219522476, ""sigma"": 0.663097996264696, ""rho"": -0.7312088571488857, ""r"": 0.05172456555068493, ""label"": ""sobol_47_10""}"
CORE_GRID,567,sobol_47_11,FAIL,"[""solver_error""]",UNRESOLVED,UNRESOLVED,"[""coverage_core.jsonl#grid_index=567""]","{""x"": 0.2696785099804402, ""v"": 0.14178803260438144, ""tau"": 1.2655917047190346, ""K"": 1, ""kappa"": 3.8768974179401994, ""theta"": 0.020249139219522476, ""sigma"": 0.663097996264696, ""rho"": -0.7312088571488857, ""r"": 0.05172456555068493, ""label"": ""sobol_47_11""}"
CORE_GRID,568,sobol_47_12,FAIL,"[""solver_error""]",UNRESOLVED,UNRESOLVED,"[""coverage_core.jsonl#grid_index=568""]","{""x"": 0.5745217300951482, ""v"": 0.0890165523160249, ""tau"": 1.9006657715450737, ""K"": 1, ""kappa"": 3.8768974179401994, ""theta"": 0.020249139219522476, ""sigma"": 0.663097996264696, ""rho"": -0.7312088571488857, ""r"": 0.05172456555068493, ""label"": ""sobol_47_12""}"
CORE_GRID,569,sobol_48_2,FAIL,"[""solver_error""]",UNRESOLVED,UNRESOLVED,"[""coverage_core.jsonl#grid_index=569""]","{""x"": -0.5938287757337093, ""v"": 0.08958090748637915, ""tau"": 0.90398196034163, ""K"": 1, ""kappa"": 3.949020096566528, ""theta"": 0.0705915055051446, ""sigma"": 0.3737552043050527, ""rho"": -0.33129564374685283, ""r"": 0.037605585306882856, ""label"": ""sobol_48_2""}"
CORE_GRID,570,sobol_48_4,FAIL,"[""solver_error""]",UNRESOLVED,UNRESOLVED,"[""coverage_core.jsonl#grid_index=570""]","{""x"": 0.26335206180810933, ""v"": 0.09828354464843869, ""tau"": 1.972679330749319, ""K"": 1, ""kappa"": 3.949020096566528, ""theta"": 0.0705915055051446, ""sigma"": 0.3737552043050527, ""rho"": -0.33129564374685283, ""r"": 0.037605585306882856, ""label"": ""sobol_48_4""}"
CORE_GRID,571,sobol_48_5,FAIL,"[""solver_error""]",UNRESOLVED,UNRESOLVED,"[""coverage_core.jsonl#grid_index=571""]","{""x"": -0.2892786853015423, ""v"": 0.14226100640371442, ""tau"": 0.26820919622061035, ""K"": 1, ""kappa"": 3.949020096566528, ""theta"": 0.0705915055051446, ""sigma"": 0.3737552043050527, ""rho"": -0.33129564374685283, ""r"": 0.037605585306882856, ""label"": ""sobol_48_5""}"
CORE_GRID,572,sobol_48_10,FAIL,"[""solver_error""]",UNRESOLVED,UNRESOLVED,"[""coverage_core.jsonl#grid_index=572""]","{""x"": -0.00713343545794487, ""v"": 0.020835379604250193, ""tau"": 1.7825795394841522, ""K"": 1, ""kappa"": 3.949020096566528, ""theta"": 0.0705915055051446, ""sigma"": 0.3737552043050527, ""rho"": -0.33129564374685283, ""r"": 0.037605585306882856, ""label"": ""sobol_48_10""}"
CORE_GRID,573,sobol_48_12,FAIL,"[""solver_error""]",UNRESOLVED,UNRESOLVED,"[""coverage_core.jsonl#grid_index=573""]","{""x"": 0.3329203650355339, ""v"": 0.0413006441667676, ""tau"": 0.8386689267113864, ""K"": 1, ""kappa"": 3.949020096566528, ""theta"": 0.0705915055051446, ""sigma"": 0.3737552043050527, ""rho"": -0.33129564374685283, ""r"": 0.037605585306882856, ""label"": ""sobol_48_12""}"
CORE_GRID,574,sobol_48_14,FAIL,"[""solver_error"", ""FD_uncertainty_budget_unresolved""]",UNRESOLVED,UNRESOLVED,"[""coverage_core.jsonl#grid_index=574""]","{""x"": -0.6222703076899051, ""v"": 0.11893019778653979, ""tau"": 0.1065610274339893, ""K"": 1, ""kappa"": 3.949020096566528, ""theta"": 0.0705915055051446, ""sigma"": 0.3737552043050527, ""rho"": -0.33129564374685283, ""r"": 0.037605585306882856, ""label"": ""sobol_48_14""}"
CORE_GRID,575,sobol_48_15,FAIL,"[""solver_error""]",UNRESOLVED,UNRESOLVED,"[""coverage_core.jsonl#grid_index=575""]","{""x"": 0.6063114792108535, ""v"": 0.13745298935100436, ""tau"": 1.631266763285985, ""K"": 1, ""kappa"": 3.949020096566528, ""theta"": 0.0705915055051446, ""sigma"": 0.3737552043050527, ""rho"": -0.33129564374685283, ""r"": 0.037605585306882856, ""label"": ""sobol_48_15""}"
CORE_GRID,576,sobol_49_0,FAIL,"[""solver_error""]",UNRESOLVED,UNRESOLVED,"[""coverage_core.jsonl#grid_index=576""]","{""x"": 0.698729793727398, ""v"": 0.11332144564948976, ""tau"": 0.6310717814217602, ""K"": 1, ""kappa"": 2.1989676686935127, ""theta"": 0.024839386232197287, ""sigma"": 0.551711893826723, ""rho"": -0.6602145597338677, ""r"": 0.06975857928395271, ""label"": ""sobol_49_0""}"
CORE_GRID,577,sobol_49_1,FAIL,"[""solver_error"", ""FD_uncertainty_budget_unresolved""]",UNRESOLVED,UNRESOLVED,"[""coverage_core.jsonl#grid_index=577""]","{""x"": -0.6777653954923153, ""v"": 0.12598477280698717, ""tau"": 1.1106817461291536, ""K"": 1, ""kappa"": 2.1989676686935127, ""theta"": 0.024839386232197287, ""sigma"": 0.551711893826723, ""rho"": -0.6602145597338677, ""r"": 0.06975857928395271, ""label"": ""sobol_49_1""}"
CORE_GRID,578,sobol_49_2,FAIL,"[""solver_error"", ""FD_uncertainty_budget_unresolved""]",UNRESOLVED,UNRESOLVED,"[""coverage_core.jsonl#grid_index=578""]","{""x"": -0.4068297363817691, ""v"": 0.03860819828696549, ""tau"": 0.4272123495235093, ""K"": 1, ""kappa"": 2.1989676686935127, ""theta"": 0.024839386232197287, ""sigma"": 0.551711893826723, ""rho"": -0.6602145597338677, ""r"": 0.06975857928395271, ""label"": ""sobol_49_2""}"
CORE_GRID,579,sobol_49_4,FAIL,"[""solver_error""]",UNRESOLVED,UNRESOLVED,"[""coverage_core.jsonl#grid_index=579""]","{""x"": 0.07635750174522404, ""v"": 0.02401545154862106, ""tau"": 1.4491182080625247, ""K"": 1, ""kappa"": 2.1989676686935127, ""theta"": 0.024839386232197287, ""sigma"": 0.551711893826723, ""rho"": -0.6602145597338677, ""r"": 0.06975857928395271, ""label"": ""sobol_49_4""}"
CORE_GRID,580,sobol_49_10,FAIL,"[""solver_error""]",UNRESOLVED,UNRESOLVED,"[""coverage_core.jsonl#grid_index=580""]","{""x"": -0.1963119037449359, ""v"": 0.1029288477730006, ""tau"": 1.261091517195815, ""K"": 1, ""kappa"": 2.1989676686935127, ""theta"": 0.024839386232197287, ""sigma"": 0.551711893826723, ""rho"": -0.6602145597338677, ""r"": 0.06975857928395271, ""label"": ""sobol_49_10""}"
CORE_GRID,581,sobol_49_11,FAIL,"[""solver_error""]",UNRESOLVED,UNRESOLVED,"[""coverage_core.jsonl#grid_index=581""]","{""x"": 0.20848036408424386, ""v"": 0.15276529709808528, ""tau"": 0.9758646104684365, ""K"": 1, ""kappa"": 2.1989676686935127, ""theta"": 0.024839386232197287, ""sigma"": 0.551711893826723, ""rho"": -0.6602145597338677, ""r"": 0.06975857928395271, ""label"": ""sobol_49_11""}"
CORE_GRID,582,sobol_49_12,FAIL,"[""solver_error""]",UNRESOLVED,UNRESOLVED,"[""coverage_core.jsonl#grid_index=582""]","{""x"": 0.5220943361520767, ""v"": 0.08444702555425465, ""tau"": 0.3639686091633011, ""K"": 1, ""kappa"": 2.1989676686935127, ""theta"": 0.024839386232197287, ""sigma"": 0.551711893826723, ""rho"": -0.6602145597338677, ""r"": 0.06975857928395271, ""label"": ""sobol_49_12""}"
CORE_GRID,583,sobol_49_13,FAIL,"[""solver_error""]",UNRESOLVED,UNRESOLVED,"[""coverage_core.jsonl#grid_index=583""]","{""x"": -0.5014479495584965, ""v"": 0.15961421211250126, ""tau"": 1.9042074289764204, ""K"": 1, ""kappa"": 2.1989676686935127, ""theta"": 0.024839386232197287, ""sigma"": 0.551711893826723, ""rho"": -0.6602145597338677, ""r"": 0.06975857928395271, ""label"": ""sobol_49_13""}"
CORE_GRID,584,sobol_50_2,FAIL,"[""solver_error""]",UNRESOLVED,UNRESOLVED,"[""coverage_core.jsonl#grid_index=584""]","{""x"": -0.48453291356563566, ""v"": 0.01219178712926805, ""tau"": 1.036500941891785, ""K"": 1, ""kappa"": 0.550299312453717, ""theta"": 0.11859909741207958, ""sigma"": 0.2328117293305695, ""rho"": -0.18626157045364378, ""r"": 0.047801634296774864, ""label"": ""sobol_50_2""}"
CORE_GRID,585,sobol_50_4,FAIL,"[""solver_error""]",UNRESOLVED,UNRESOLVED,"[""coverage_core.jsonl#grid_index=585""]","{""x"": 0.1587436906993389, ""v"": 0.05018390738405287, ""tau"": 0.09357158300865974, ""K"": 1, ""kappa"": 0.550299312453717, ""theta"": 0.11859909741207958, ""sigma"": 0.2328117293305695, ""rho"": -0.18626157045364378, ""r"": 0.047801634296774864, ""label"": ""sobol_50_4""}"
CORE_GRID,586,sobol_50_10,FAIL,"[""solver_error""]",UNRESOLVED,UNRESOLVED,"[""coverage_core.jsonl#grid_index=586""]","{""x"": -0.11467164158821097, ""v"": 0.06501303077675402, ""tau"": 0.1530377336533829, ""K"": 1, ""kappa"": 0.550299312453717, ""theta"": 0.11859909741207958, ""sigma"": 0.2328117293305695, ""rho"": -0.18626157045364378, ""r"": 0.047801634296774864, ""label"": ""sobol_50_10""}"
CORE_GRID,587,sobol_50_12,FAIL,"[""solver_error""]",UNRESOLVED,UNRESOLVED,"[""coverage_core.jsonl#grid_index=587""]","{""x"": 0.44514606222510333, ""v"": 0.12261079787276685, ""tau"": 1.220751879685041, ""K"": 1, ""kappa"": 0.550299312453717, ""theta"": 0.11859909741207958, ""sigma"": 0.2328117293305695, ""rho"": -0.18626157045364378, ""r"": 0.047801634296774864, ""label"": ""sobol_50_12""}"
CORE_GRID,588,sobol_50_13,FAIL,"[""solver_error""]",UNRESOLVED,UNRESOLVED,"[""coverage_core.jsonl#grid_index=588""]","{""x"": -0.4285784214735031, ""v"": 0.13331986754201353, ""tau"": 0.5152790282135977, ""K"": 1, ""kappa"": 0.550299312453717, ""theta"": 0.11859909741207958, ""sigma"": 0.2328117293305695, ""rho"": -0.18626157045364378, ""r"": 0.047801634296774864, ""label"": ""sobol_50_13""}"
CORE_GRID,589,sobol_51_0,FAIL,"[""solver_error""]",UNRESOLVED,UNRESOLVED,"[""coverage_core.jsonl#grid_index=589""]","{""x"": 0.6608822487294674, ""v"": 0.034963867627084255, ""tau"": 1.3094415778390294, ""K"": 1, ""kappa"": 2.300243155565113, ""theta"": 0.06435088587924838, ""sigma"": 0.7610033989883959, ""rho"": -0.808959573507309, ""r"": 0.019877157136797906, ""label"": ""sobol_51_0""}"
CORE_GRID,590,sobol_51_2,PASS,[],NOT_APPLICABLE_STRICT_PASS,NUMERICALLY_RESOLVED,"[""coverage_core.jsonl#grid_index=590""]","{""x"": -0.37136299163103104, ""v"": 0.10967994248494506, ""tau"": 1.5110851345872063, ""K"": 1, ""kappa"": 2.300243155565113, ""theta"": 0.06435088587924838, ""sigma"": 0.7610033989883959, ""rho"": -0.808959573507309, ""r"": 0.019877157136797906, ""label"": ""sobol_51_2""}"
CORE_GRID,591,sobol_51_3,FAIL,"[""solver_error""]",UNRESOLVED,UNRESOLVED,"[""coverage_core.jsonl#grid_index=591""]","{""x"": 0.3498355485498905, ""v"": 0.13015508418902755, ""tau"": 0.22881043250007288, ""K"": 1, ""kappa"": 2.300243155565113, ""theta"": 0.06435088587924838, ""sigma"": 0.7610033989883959, ""rho"": -0.808959573507309, ""r"": 0.019877157136797906, ""label"": ""sobol_51_3""}"
CORE_GRID,592,sobol_51_4,FAIL,"[""solver_error""]",UNRESOLVED,UNRESOLVED,"[""coverage_core.jsonl#grid_index=592""]","{""x"": 0.04557826593518266, ""v"": 0.0774559024721384, ""tau"": 0.6149320590590673, ""K"": 1, ""kappa"": 2.300243155565113, ""theta"": 0.06435088587924838, ""sigma"": 0.7610033989883959, ""rho"": -0.808959573507309, ""r"": 0.019877157136797906, ""label"": ""sobol_51_4""}"
CORE_GRID,593,sobol_51_10,FAIL,"[""solver_error""]",UNRESOLVED,UNRESOLVED,"[""coverage_core.jsonl#grid_index=593""]","{""x"": -0.22533318847417827, ""v"": 0.06116184592247009, ""tau"": 0.6762238467548279, ""K"": 1, ""kappa"": 2.300243155565113, ""theta"": 0.06435088587924838, ""sigma"": 0.7610033989883959, ""rho"": -0.808959573507309, ""r"": 0.019877157136797906, ""label"": ""sobol_51_10""}"
CORE_GRID,594,sobol_52_2,FAIL,"[""solver_error""]",UNRESOLVED,UNRESOLVED,"[""coverage_core.jsonl#grid_index=594""]","{""x"": -0.5469871245324611, ""v"": 0.04779503610916436, ""tau"": 1.6546704104606298, ""K"": 1, ""kappa"": 2.7907457533292472, ""theta"": 0.10740003230050207, ""sigma"": 0.49694833820685747, ""rho"": -0.794009168446064, ""r"": 0.008075381740927697, ""label"": ""sobol_52_2""}"
CORE_GRID,595,sobol_52_4,FAIL,"[""solver_error""]",UNRESOLVED,UNRESOLVED,"[""coverage_core.jsonl#grid_index=595""]","{""x"": 0.23526727706193928, ""v"": 0.015557399718090892, ""tau"": 0.7263176242658307, ""K"": 1, ""kappa"": 2.7907457533292472, ""theta"": 0.10740003230050207, ""sigma"": 0.49694833820685747, ""rho"": -0.794009168446064, ""r"": 0.008075381740927697, ""label"": ""sobol_52_4""}"
CORE_GRID,596,sobol_52_10,PASS,[],NOT_APPLICABLE_STRICT_PASS,NUMERICALLY_RESOLVED,"[""coverage_core.jsonl#grid_index=596""]","{""x"": -0.054412572830915495, ""v"": 0.12316859955899417, ""tau"": 0.5402135369700513, ""K"": 1, ""kappa"": 2.7907457533292472, ""theta"": 0.10740003230050207, ""sigma"": 0.49694833820685747, ""rho"": -0.794009168446064, ""r"": 0.008075381740927697, ""label"": ""sobol_52_10""}"
CORE_GRID,597,sobol_52_11,FAIL,"[""solver_error""]",UNRESOLVED,UNRESOLVED,"[""coverage_core.jsonl#grid_index=597""]","{""x"": 0.06568618565797801, ""v"": 0.13583098794333637, ""tau"": 1.1997029395803573, ""K"": 1, ""kappa"": 2.7907457533292472, ""theta"": 0.10740003230050207, ""sigma"": 0.49694833820685747, ""rho"": -0.794009168446064, ""r"": 0.008075381740927697, ""label"": ""sobol_52_11""}"
CORE_GRID,598,sobol_52_12,FAIL,"[""solver_error""]",UNRESOLVED,UNRESOLVED,"[""coverage_core.jsonl#grid_index=598""]","{""x"": 0.3614472135901452, ""v"": 0.06347848777659237, ""tau"": 1.5932807379239609, ""K"": 1, ""kappa"": 2.7907457533292472, ""theta"": 0.10740003230050207, ""sigma"": 0.49694833820685747, ""rho"": -0.794009168446064, ""r"": 0.008075381740927697, ""label"": ""sobol_52_12""}"
CORE_GRID,599,sobol_52_14,FAIL,"[""solver_error""]",UNRESOLVED,UNRESOLVED,"[""coverage_core.jsonl#grid_index=599""]","{""x"": -0.6696981824934483, ""v"": 0.018077375134453177, ""tau"": 1.3602663240070263, ""K"": 1, ""kappa"": 2.7907457533292472, ""theta"": 0.10740003230050207, ""sigma"": 0.49694833820685747, ""rho"": -0.794009168446064, ""r"": 0.008075381740927697, ""label"": ""sobol_52_14""}"
CORE_GRID,600,sobol_53_2,FAIL,"[""solver_error""]",UNRESOLVED,UNRESOLVED,"[""coverage_core.jsonl#grid_index=600""]","{""x"": -0.435138825327158, ""v"": 0.07496211212128401, ""tau"": 1.1780132363395144, ""K"": 1, ""kappa"": 1.0406880318187177, ""theta"": 0.052175161410123114, ""sigma"": 0.3187954138033092, ""rho"": -0.22287906557321546, ""r"": 0.059603419229388235, ""label"": ""sobol_53_2""}"
CORE_GRID,601,sobol_53_4,FAIL,"[""solver_error""]",UNRESOLVED,UNRESOLVED,"[""coverage_core.jsonl#grid_index=601""]","{""x"": 0.12341430187225333, ""v"": 0.11315047414973378, ""tau"": 0.20288797391815083, ""K"": 1, ""kappa"": 1.0406880318187177, ""theta"": 0.052175161410123114, ""sigma"": 0.3187954138033092, ""rho"": -0.22287906557321546, ""r"": 0.059603419229388235, ""label"": ""sobol_53_4""}"
CORE_GRID,602,sobol_53_5,FAIL,"[""solver_error""]",UNRESOLVED,UNRESOLVED,"[""coverage_core.jsonl#grid_index=602""]","{""x"": -0.14906391575932498, ""v"": 0.13167226733639836, ""tau"": 1.5330953746184057, ""K"": 1, ""kappa"": 1.0406880318187177, ""theta"": 0.052175161410123114, ""sigma"": 0.3187954138033092, ""rho"": -0.22287906557321546, ""r"": 0.059603419229388235, ""label"": ""sobol_53_5""}"
CORE_GRID,603,sobol_53_12,FAIL,"[""solver_error""]",UNRESOLVED,UNRESOLVED,"[""coverage_core.jsonl#grid_index=603""]","{""x"": 0.475771924853325, ""v"": 0.05976655427366495, ""tau"": 1.1184527700367783, ""K"": 1, ""kappa"": 1.0406880318187177, ""theta"": 0.052175161410123114, ""sigma"": 0.3187954138033092, ""rho"": -0.22287906557321546, ""r"": 0.059603419229388235, ""label"": ""sobol_53_12""}"
CORE_GRID,604,sobol_54_2,FAIL,"[""solver_error"", ""FD_uncertainty_budget_unresolved""]",UNRESOLVED,UNRESOLVED,"[""coverage_core.jsonl#grid_index=604""]","{""x"": -0.5121785670518875, ""v"": 0.10079274466261268, ""tau"": 0.29022458925961503, ""K"": 1, ""kappa"": 1.70854622265324, ""theta"": 0.08340979076921941, ""sigma"": 0.6404339404776692, ""rho"": -0.5485844701528549, ""r"": 0.07795683786273003, ""label"": ""sobol_54_2""}"
CORE_GRID,605,sobol_54_3,FAIL,"[""solver_error""]",UNRESOLVED,UNRESOLVED,"[""coverage_core.jsonl#grid_index=605""]","{""x"": 0.49151392802596083, ""v"": 0.14281691750511527, ""tau"": 1.9467487002257258, ""K"": 1, ""kappa"": 1.70854622265324, ""theta"": 0.08340979076921941, ""sigma"": 0.6404339404776692, ""rho"": -0.5485844701528549, ""r"": 0.07795683786273003, ""label"": ""sobol_54_3""}"
CORE_GRID,606,sobol_54_4,FAIL,"[""solver_error""]",UNRESOLVED,UNRESOLVED,"[""coverage_core.jsonl#grid_index=606""]","{""x"": 0.20514621064066896, ""v"": 0.08609532378613949, ""tau"": 1.3423123804017132, ""K"": 1, ""kappa"": 1.70854622265324, ""theta"": 0.08340979076921941, ""sigma"": 0.6404339404776692, ""rho"": -0.5485844701528549, ""r"": 0.07795683786273003, ""label"": ""sobol_54_4""}"
CORE_GRID,607,sobol_54_10,FAIL,"[""solver_error""]",UNRESOLVED,UNRESOLVED,"[""coverage_core.jsonl#grid_index=607""]","{""x"": -0.08629159927368169, ""v"": 0.04086662456393242, ""tau"": 1.4056485923421052, ""K"": 1, ""kappa"": 1.70854622265324, ""theta"": 0.08340979076921941, ""sigma"": 0.6404339404776692, ""rho"": -0.5485844701528549, ""r"": 0.07795683786273003, ""label"": ""sobol_54_10""}"
CORE_GRID,608,sobol_54_12,FAIL,"[""solver_error""]",UNRESOLVED,UNRESOLVED,"[""coverage_core.jsonl#grid_index=608""]","{""x"": 0.3980137310922145, ""v"": 0.022245782893151045, ""tau"": 0.47828087460116614, ""K"": 1, ""kappa"": 1.70854622265324, ""theta"": 0.08340979076921941, ""sigma"": 0.6404339404776692, ""rho"": -0.5485844701528549, ""r"": 0.07795683786273003, ""label"": ""sobol_54_12""}"
CORE_GRID,609,sobol_55_0,FAIL,"[""solver_error""]",UNRESOLVED,UNRESOLVED,"[""coverage_core.jsonl#grid_index=609""]","{""x"": 0.6322776161134243, ""v"": 0.07082997378893197, ""tau"": 0.06406591761679876, ""K"": 1, ""kappa"": 3.458498905878514, ""theta"": 0.038634140118956564, ""sigma"": 0.11243053656071425, ""rho"": -0.4712334543466568, ""r"": 0.029407317191362383, ""label"": ""sobol_55_0""}"
CORE_GRID,610,sobol_55_2,FAIL,"[""solver_error""]",UNRESOLVED,UNRESOLVED,"[""coverage_core.jsonl#grid_index=610""]","{""x"": -0.32415938526391985, ""v"": 0.02638921490870416, ""tau"": 0.7646813695614655, ""K"": 1, ""kappa"": 3.458498905878514, ""theta"": 0.038634140118956564, ""sigma"": 0.11243053656071425, ""rho"": -0.4712334543466568, ""r"": 0.029407317191362383, ""label"": ""sobol_55_2""}"
CORE_GRID,611,sobol_55_4,PASS,[],NOT_APPLICABLE_STRICT_PASS,NUMERICALLY_RESOLVED,"[""coverage_core.jsonl#grid_index=611""]","{""x"": 0.0171223707497119, ""v"": 0.03525805124081671, ""tau"": 1.8635568654438155, ""K"": 1, ""kappa"": 3.458498905878514, ""theta"": 0.038634140118956564, ""sigma"": 0.11243053656071425, ""rho"": -0.4712334543466568, ""r"": 0.029407317191362383, ""label"": ""sobol_55_4""}"
CORE_GRID,612,sobol_55_10,PASS,[],NOT_APPLICABLE_STRICT_PASS,NUMERICALLY_RESOLVED,"[""coverage_core.jsonl#grid_index=612""]","{""x"": -0.2720947310328483, ""v"": 0.08390427217818797, ""tau"": 1.9289659398371384, ""K"": 1, ""kappa"": 3.458498905878514, ""theta"": 0.038634140118956564, ""sigma"": 0.11243053656071425, ""rho"": -0.4712334543466568, ""r"": 0.029407317191362383, ""label"": ""sobol_55_10""}"
CORE_GRID,613,sobol_55_11,FAIL,"[""solver_error""]",UNRESOLVED,UNRESOLVED,"[""coverage_core.jsonl#grid_index=613""]","{""x"": 0.2980397410690785, ""v"": 0.1571185572538525, ""tau"": 0.34309583054190235, ""K"": 1, ""kappa"": 3.458498905878514, ""theta"": 0.038634140118956564, ""sigma"": 0.11243053656071425, ""rho"": -0.4712334543466568, ""r"": 0.029407317191362383, ""label"": ""sobol_55_11""}"
CORE_GRID,614,sobol_55_12,FAIL,"[""solver_error""]",UNRESOLVED,UNRESOLVED,"[""coverage_core.jsonl#grid_index=614""]","{""x"": 0.5838215388357639, ""v"": 0.10444798483513296, ""tau"": 0.9548067102275256, ""K"": 1, ""kappa"": 3.458498905878514, ""theta"": 0.038634140118956564, ""sigma"": 0.11243053656071425, ""rho"": -0.4712334543466568, ""r"": 0.029407317191362383, ""label"": ""sobol_55_12""}"
CORE_GRID,615,sobol_55_13,FAIL,"[""solver_error""]",UNRESOLVED,UNRESOLVED,"[""coverage_core.jsonl#grid_index=615""]","{""x"": -0.5675629511475563, ""v"": 0.1562376932706684, ""tau"": 1.286030390765518, ""K"": 1, ""kappa"": 3.458498905878514, ""theta"": 0.038634140118956564, ""sigma"": 0.11243053656071425, ""rho"": -0.4712334543466568, ""r"": 0.029407317191362383, ""label"": ""sobol_55_13""}"
CORE_GRID,616,sobol_56_2,FAIL,"[""solver_error"", ""FD_uncertainty_budget_unresolved""]",UNRESOLVED,UNRESOLVED,"[""coverage_core.jsonl#grid_index=616""]","{""x"": -0.5788869962096214, ""v"": 0.015848774928599596, ""tau"": 0.1970861314182421, ""K"": 1, ""kappa"": 3.187830662820488, ""theta"": 0.11002311816439034, ""sigma"": 0.6840489970520138, ""rho"": -0.2871162012219429, ""r"": 0.06409938536584378, ""label"": ""sobol_56_2""}"
CORE_GRID,617,sobol_56_4,FAIL,"[""solver_error""]",UNRESOLVED,UNRESOLVED,"[""coverage_core.jsonl#grid_index=617""]","{""x"": 0.29059771075844765, ""v"": 0.046042452566325665, ""tau"": 1.1877744849623433, ""K"": 1, ""kappa"": 3.187830662820488, ""theta"": 0.11002311816439034, ""sigma"": 0.6840489970520138, ""rho"": -0.2871162012219429, ""r"": 0.06409938536584378, ""label"": ""sobol_56_4""}"
CORE_GRID,618,sobol_56_10,PASS,[],NOT_APPLICABLE_STRICT_PASS,NUMERICALLY_RESOLVED,"[""coverage_core.jsonl#grid_index=618""]","{""x"": -0.020317728817462966, ""v"": 0.09260724578052759, ""tau"": 1.1245291682130227, ""K"": 1, ""kappa"": 3.187830662820488, ""theta"": 0.11002311816439034, ""sigma"": 0.6840489970520138, ""rho"": -0.2871162012219429, ""r"": 0.06409938536584378, ""label"": ""sobol_56_10""}"
CORE_GRID,619,sobol_56_12,FAIL,"[""solver_error""]",UNRESOLVED,UNRESOLVED,"[""coverage_core.jsonl#grid_index=619""]","{""x"": 0.3132922299206258, ""v"": 0.09550104895606637, ""tau"": 0.009060778995118444, ""K"": 1, ""kappa"": 3.187830662820488, ""theta"": 0.11002311816439034, ""sigma"": 0.6840489970520138, ""rho"": -0.2871162012219429, ""r"": 0.06409938536584378, ""label"": ""sobol_56_12""}"
CORE_GRID,620,sobol_56_13,PASS,[],NOT_APPLICABLE_STRICT_PASS,NUMERICALLY_RESOLVED,"[""coverage_core.jsonl#grid_index=620""]","{""x"": -0.33422465175390237, ""v"": 0.14527764031663537, ""tau"": 1.7288736410638583, ""K"": 1, ""kappa"": 3.187830662820488, ""theta"": 0.11002311816439034, ""sigma"": 0.6840489970520138, ""rho"": -0.2871162012219429, ""r"": 0.06409938536584378, ""label"": ""sobol_56_13""}"
CORE_GRID,621,sobol_56_14,FAIL,"[""solver_error""]",UNRESOLVED,UNRESOLVED,"[""coverage_core.jsonl#grid_index=621""]","{""x"": -0.6049858868122101, ""v"": 0.04910814389586449, ""tau"": 0.8032401892918325, ""K"": 1, ""kappa"": 3.187830662820488, ""theta"": 0.11002311816439034, ""sigma"": 0.6840489970520138, ""rho"": -0.2871162012219429, ""r"": 0.06409938536584378, ""label"": ""sobol_56_14""}"
CORE_GRID,622,sobol_57_0,FAIL,"[""solver_error""]",UNRESOLVED,UNRESOLVED,"[""coverage_core.jsonl#grid_index=622""]","{""x"": 0.679101300984621, ""v"": 0.06205452629365027, ""tau"": 0.47005725413605215, ""K"": 1, ""kappa"": 1.4378801700659096, ""theta"": 0.0620251882635057, ""sigma"": 0.15664638709276915, ""rho"": -0.7083002462983131, ""r"": 0.033264712616801265, ""label"": ""sobol_57_0""}"
CORE_GRID,623,sobol_57_2,FAIL,"[""solver_error""]",UNRESOLVED,UNRESOLVED,"[""coverage_core.jsonl#grid_index=623""]","{""x"": -0.38954495787620547, ""v"": 0.10550442221574485, ""tau"": 0.7359879591080937, ""K"": 1, ""kappa"": 1.4378801700659096, ""theta"": 0.0620251882635057, ""sigma"": 0.15664638709276915, ""rho"": -0.7083002462983131, ""r"": 0.033264712616801265, ""label"": ""sobol_57_2""}"
CORE_GRID,624,sobol_57_3,FAIL,"[""solver_error""]",UNRESOLVED,UNRESOLVED,"[""coverage_core.jsonl#grid_index=624""]","{""x"": 0.4055174343287944, ""v"": 0.1494215491693467, ""tau"": 1.005872138295441, ""K"": 1, ""kappa"": 1.4378801700659096, ""theta"": 0.0620251882635057, ""sigma"": 0.15664638709276915, ""rho"": -0.7083002462983131, ""r"": 0.033264712616801265, ""label"": ""sobol_57_3""}"
CORE_GRID,625,sobol_57_4,FAIL,"[""solver_error""]",UNRESOLVED,UNRESOLVED,"[""coverage_core.jsonl#grid_index=625""]","{""x"": 0.1012602947652339, ""v"": 0.08113932725973427, ""tau"": 1.6487158403938844, ""K"": 1, ""kappa"": 1.4378801700659096, ""theta"": 0.0620251882635057, ""sigma"": 0.15664638709276915, ""rho"": -0.7083002462983131, ""r"": 0.033264712616801265, ""label"": ""sobol_57_4""}"
CORE_GRID,626,sobol_57_10,PASS,[],NOT_APPLICABLE_STRICT_PASS,NUMERICALLY_RESOLVED,"[""coverage_core.jsonl#grid_index=626""]","{""x"": -0.20715105235576625, ""v"": 0.03408669983036816, ""tau"": 1.5833976611916332, ""K"": 1, ""kappa"": 1.4378801700659096, ""theta"": 0.0620251882635057, ""sigma"": 0.15664638709276915, ""rho"": -0.7083002462983131, ""r"": 0.033264712616801265, ""label"": ""sobol_57_10""}"
CORE_GRID,627,sobol_57_12,FAIL,"[""solver_error""]",UNRESOLVED,UNRESOLVED,"[""coverage_core.jsonl#grid_index=627""]","{""x"": 0.5001209132373332, ""v"": 0.029270027531310916, ""tau"": 0.5458935513604609, ""K"": 1, ""kappa"": 1.4378801700659096, ""theta"": 0.0620251882635057, ""sigma"": 0.15664638709276915, ""rho"": -0.7083002462983131, ""r"": 0.033264712616801265, ""label"": ""sobol_57_12""}"
CORE_GRID,628,sobol_58_2,FAIL,"[""solver_error""]",UNRESOLVED,UNRESOLVED,"[""coverage_core.jsonl#grid_index=628""]","{""x"": -0.4619750864803791, ""v"": 0.07030369737185538, ""tau"": 1.8735317891493204, ""K"": 1, ""kappa"": 1.3126627993769944, ""theta"": 0.08079071369022131, ""sigma"": 0.45298929428681733, ""rho"": -0.43273611962795255, ""r"": 0.014296040385961533, ""label"": ""sobol_58_2""}"
CORE_GRID,629,sobol_58_4,FAIL,"[""solver_error""]",UNRESOLVED,UNRESOLVED,"[""coverage_core.jsonl#grid_index=629""]","{""x"": 0.1689982920885087, ""v"": 0.11805285117588937, ""tau"": 0.7590313363073778, ""K"": 1, ""kappa"": 1.3126627993769944, ""theta"": 0.08079071369022131, ""sigma"": 0.45298929428681733, ""rho"": -0.43273611962795255, ""r"": 0.014296040385961533, ""label"": ""sobol_58_4""}"
CORE_GRID,630,sobol_58_5,FAIL,"[""solver_error""]",UNRESOLVED,UNRESOLVED,"[""coverage_core.jsonl#grid_index=630""]","{""x"": -0.15742485299706455, ""v"": 0.13858972839079797, ""tau"": 1.4798621438325397, ""K"": 1, ""kappa"": 1.3126627993769944, ""theta"": 0.08079071369022131, ""sigma"": 0.45298929428681733, ""rho"": -0.43273611962795255, ""r"": 0.014296040385961533, ""label"": ""sobol_58_5""}"
CORE_GRID,631,sobol_58_12,FAIL,"[""solver_error""]",UNRESOLVED,UNRESOLVED,"[""coverage_core.jsonl#grid_index=631""]","{""x"": 0.4272745907306672, ""v"": 0.052780611673370004, ""tau"": 1.934828662930707, ""K"": 1, ""kappa"": 1.3126627993769944, ""theta"": 0.08079071369022131, ""sigma"": 0.45298929428681733, ""rho"": -0.43273611962795255, ""r"": 0.014296040385961533, ""label"": ""sobol_58_12""}"
CORE_GRID,632,sobol_59_0,FAIL,"[""solver_error""]",UNRESOLVED,UNRESOLVED,"[""coverage_core.jsonl#grid_index=632""]","{""x"": 0.6430104196071624, ""v"": 0.10185290547087789, ""tau"": 1.6005302094041356, ""K"": 1, ""kappa"": 3.0627218768931925, ""theta"": 0.0287888790294528, ""sigma"": 0.27560806227847934, ""rho"": -0.5601412683725357, ""r"": 0.04338266506791115, ""label"": ""sobol_59_0""}"
CORE_GRID,633,sobol_59_1,FAIL,"[""solver_error"", ""FD_uncertainty_budget_unresolved""]",UNRESOLVED,UNRESOLVED,"[""coverage_core.jsonl#grid_index=633""]","{""x"": -0.6595459587872028, ""v"": 0.1535818469710648, ""tau"": 0.13922827131676652, ""K"": 1, ""kappa"": 3.0627218768931925, ""theta"": 0.0287888790294528, ""sigma"": 0.27560806227847934, ""rho"": -0.5601412683725357, ""r"": 0.04338266506791115, ""label"": ""sobol_59_1""}"
CORE_GRID,634,sobol_59_2,FAIL,"[""solver_error""]",UNRESOLVED,UNRESOLVED,"[""coverage_core.jsonl#grid_index=634""]","{""x"": -0.3511473767459392, ""v"": 0.058403996750712395, ""tau"": 1.3363278291986458, ""K"": 1, ""kappa"": 3.0627218768931925, ""theta"": 0.0287888790294528, ""sigma"": 0.27560806227847934, ""rho"": -0.5601412683725357, ""r"": 0.04338266506791115, ""label"": ""sobol_59_2""}"
CORE_GRID,635,sobol_59_10,FAIL,"[""solver_error""]",UNRESOLVED,UNRESOLVED,"[""coverage_core.jsonl#grid_index=635""]","{""x"": -0.25199378952384, ""v"": 0.11438190517947078, ""tau"": 0.48405273596475284, ""K"": 1, ""kappa"": 3.0627218768931925, ""theta"": 0.0287888790294528, ""sigma"": 0.27560806227847934, ""rho"": -0.5601412683725357, ""r"": 0.04338266506791115, ""label"": ""sobol_59_10""}"
CORE_GRID,636,sobol_59_11,FAIL,"[""solver_error""]",UNRESOLVED,UNRESOLVED,"[""coverage_core.jsonl#grid_index=636""]","{""x"": 0.22666233032941818, ""v"": 0.12515318719670177, ""tau"": 1.7509694819981676, ""K"": 1, ""kappa"": 3.0627218768931925, ""theta"": 0.0287888790294528, ""sigma"": 0.27560806227847934, ""rho"": -0.5601412683725357, ""r"": 0.04338266506791115, ""label"": ""sobol_59_11""}"
CORE_GRID,637,sobol_59_12,FAIL,"[""solver_error""]",UNRESOLVED,UNRESOLVED,"[""coverage_core.jsonl#grid_index=637""]","{""x"": 0.5402761593461036, ""v"": 0.07250950112938881, ""tau"": 1.3957954967460995, ""K"": 1, ""kappa"": 3.0627218768931925, ""theta"": 0.0287888790294528, ""sigma"": 0.27560806227847934, ""rho"": -0.5601412683725357, ""r"": 0.04338266506791115, ""label"": ""sobol_59_12""}"
CORE_GRID,638,sobol_60_2,FAIL,"[""solver_error""]",UNRESOLVED,UNRESOLVED,"[""coverage_core.jsonl#grid_index=638""]","{""x"": -0.5314590856432915, ""v"": 0.1205468054395169, ""tau"": 1.4395701549134203, ""K"": 1, ""kappa"": 2.67811017902568, ""theta"": 0.0919853810966015, ""sigma"": 0.18936500521376728, ""rho"": -0.6498783692717552, ""r"": 0.05394418701529503, ""label"": ""sobol_60_2""}"
CORE_GRID,639,sobol_60_3,FAIL,"[""solver_error""]",UNRESOLVED,UNRESOLVED,"[""coverage_core.jsonl#grid_index=639""]","{""x"": 0.5482945270836352, ""v"": 0.13913036393932998, ""tau"": 0.795438708356833, ""K"": 1, ""kappa"": 2.67811017902568, ""theta"": 0.0919853810966015, ""sigma"": 0.18936500521376728, ""rho"": -0.6498783692717552, ""r"": 0.05394418701529503, ""label"": ""sobol_60_3""}"
CORE_GRID,640,sobol_60_4,FAIL,"[""solver_error""]",UNRESOLVED,UNRESOLVED,"[""coverage_core.jsonl#grid_index=640""]","{""x"": 0.26192666664719577, ""v"": 0.06683335942216218, ""tau"": 0.4332883089876896, ""K"": 1, ""kappa"": 2.67811017902568, ""theta"": 0.0919853810966015, ""sigma"": 0.18936500521376728, ""rho"": -0.6498783692717552, ""r"": 0.05394418701529503, ""label"": ""sobol_60_4""}"
CORE_GRID,641,sobol_60_10,FAIL,"[""solver_error""]",UNRESOLVED,UNRESOLVED,"[""coverage_core.jsonl#grid_index=641""]","{""x"": -0.06701060682535176, ""v"": 0.05236186762340367, ""tau"": 0.3737303113697895, ""K"": 1, ""kappa"": 2.67811017902568, ""theta"": 0.0919853810966015, ""sigma"": 0.18936500521376728, ""rho"": -0.6498783692717552, ""r"": 0.05394418701529503, ""label"": ""sobol_60_10""}"
CORE_GRID,642,sobol_60_12,FAIL,"[""solver_error""]",UNRESOLVED,UNRESOLVED,"[""coverage_core.jsonl#grid_index=642""]","{""x"": 0.341232819110155, ""v"": 0.010258444352075458, ""tau"": 1.2552892359838421, ""K"": 1, ""kappa"": 2.67811017902568, ""theta"": 0.0919853810966015, ""sigma"": 0.18936500521376728, ""rho"": -0.6498783692717552, ""r"": 0.05394418701529503, ""label"": ""sobol_60_12""}"
CORE_GRID,643,sobol_60_14,FAIL,"[""solver_error""]",UNRESOLVED,UNRESOLVED,"[""coverage_core.jsonl#grid_index=643""]","{""x"": -0.6518275737762451, ""v"": 0.08692672313190997, ""tau"": 1.5504967510840664, ""K"": 1, ""kappa"": 2.67811017902568, ""theta"": 0.0919853810966015, ""sigma"": 0.18936500521376728, ""rho"": -0.6498783692717552, ""r"": 0.05394418701529503, ""label"": ""sobol_60_14""}"
CORE_GRID,644,sobol_61_4,FAIL,"[""solver_error""]",UNRESOLVED,UNRESOLVED,"[""coverage_core.jsonl#grid_index=644""]","{""x"": 0.1477314792573452, ""v"": 0.055038548074662685, ""tau"": 0.8940984300256426, ""K"": 1, ""kappa"": 0.9281641454435885, ""theta"": 0.0409602028131485, ""sigma"": 0.7166193828918039, ""rho"": -0.37091612070798874, ""r"": 0.003734547048807144, ""label"": ""sobol_61_4""}"
CORE_GRID,645,sobol_61_10,FAIL,"[""solver_error""]",UNRESOLVED,UNRESOLVED,"[""coverage_core.jsonl#grid_index=645""]","{""x"": -0.17898615896701808, ""v"": 0.07195153553038836, ""tau"": 0.8327147953567051, ""K"": 1, ""kappa"": 0.9281641454435885, ""theta"": 0.0409602028131485, ""sigma"": 0.7166193828918039, ""rho"": -0.37091612070798874, ""r"": 0.003734547048807144, ""label"": ""sobol_61_10""}"
CORE_GRID,646,sobol_61_12,FAIL,"[""solver_error""]",UNRESOLVED,UNRESOLVED,"[""coverage_core.jsonl#grid_index=646""]","{""x"": 0.4532128863036633, ""v"": 0.1159162544645369, ""tau"": 1.7922494207427555, ""K"": 1, ""kappa"": 0.9281641454435885, ""theta"": 0.0409602028131485, ""sigma"": 0.7166193828918039, ""rho"": -0.37091612070798874, ""r"": 0.003734547048807144, ""label"": ""sobol_61_12""}"
CORE_GRID,647,sobol_61_13,FAIL,"[""solver_error""]",UNRESOLVED,UNRESOLVED,"[""coverage_core.jsonl#grid_index=647""]","{""x"": -0.47445423603057857, ""v"": 0.1286408849991858, ""tau"": 0.4466840639887821, ""K"": 1, ""kappa"": 0.9281641454435885, ""theta"": 0.0409602028131485, ""sigma"": 0.7166193828918039, ""rho"": -0.37091612070798874, ""r"": 0.003734547048807144, ""label"": ""sobol_61_13""}"
CORE_GRID,648,sobol_62_2,FAIL,"[""solver_error"", ""FD_uncertainty_budget_unresolved""]",UNRESOLVED,UNRESOLVED,"[""coverage_core.jsonl#grid_index=648""]","{""x"": -0.4902063556015491, ""v"": 0.043668853119015694, ""tau"": 0.6207952952226772, ""K"": 1, ""kappa"": 1.8223577276803553, ""theta"": 0.09720045605674386, ""sigma"": 0.41754078380763526, ""rho"": -0.8951076626777649, ""r"": 0.023826238736510276, ""label"": ""sobol_62_2""}"
CORE_GRID,649,sobol_62_4,FAIL,"[""solver_error""]",UNRESOLVED,UNRESOLVED,"[""coverage_core.jsonl#grid_index=649""]","{""x"": 0.21598642766475673, ""v"": 0.019199115689843893, ""tau"": 1.5013843204101756, ""K"": 1, ""kappa"": 1.8223577276803553, ""theta"": 0.09720045605674386, ""sigma"": 0.41754078380763526, ""rho"": -0.8951076626777649, ""r"": 0.023826238736510276, ""label"": ""sobol_62_4""}"
CORE_GRID,650,sobol_62_10,FAIL,"[""solver_error""]",UNRESOLVED,UNRESOLVED,"[""coverage_core.jsonl#grid_index=650""]","{""x"": -0.1111931718885899, ""v"": 0.09604360861703753, ""tau"": 1.691515996375875, ""K"": 1, ""kappa"": 1.8223577276803553, ""theta"": 0.09720045605674386, ""sigma"": 0.41754078380763526, ""rho"": -0.8951076626777649, ""r"": 0.023826238736510276, ""label"": ""sobol_62_10""}"
CORE_GRID,651,sobol_62_11,FAIL,"[""solver_error""]",UNRESOLVED,UNRESOLVED,"[""coverage_core.jsonl#grid_index=651""]","{""x"": 0.08496670424938202, ""v"": 0.14777348889037967, ""tau"": 0.050334612949795667, ""K"": 1, ""kappa"": 1.8223577276803553, ""theta"": 0.09720045605674386, ""sigma"": 0.41754078380763526, ""rho"": -0.8951076626777649, ""r"": 0.023826238736510276, ""label"": ""sobol_62_11""}"
CORE_GRID,652,sobol_62_12,FAIL,"[""solver_error""]",UNRESOLVED,UNRESOLVED,"[""coverage_core.jsonl#grid_index=652""]","{""x"": 0.3807278752326966, ""v"": 0.0910879448056221, ""tau"": 0.6861982722618868, ""K"": 1, ""kappa"": 1.8223577276803553, ""theta"": 0.09720045605674386, ""sigma"": 0.41754078380763526, ""rho"": -0.8951076626777649, ""r"": 0.023826238736510276, ""label"": ""sobol_62_12""}"
CORE_GRID,653,sobol_62_14,FAIL,"[""solver_error"", ""FD_uncertainty_budget_unresolved""]",UNRESOLVED,UNRESOLVED,"[""coverage_core.jsonl#grid_index=653""]","{""x"": -0.689015930145979, ""v"": 0.014420653227716684, ""tau"": 0.3887748820115886, ""K"": 1, ""kappa"": 1.8223577276803553, ""theta"": 0.09720045605674386, ""sigma"": 0.41754078380763526, ""rho"": -0.8951076626777649, ""r"": 0.023826238736510276, ""label"": ""sobol_62_14""}"
CORE_GRID,654,sobol_63_2,FAIL,"[""solver_error"", ""FD_uncertainty_budget_unresolved""]",UNRESOLVED,UNRESOLVED,"[""coverage_core.jsonl#grid_index=654""]","{""x"": -0.30453002974390986, ""v"": 0.07863032096065581, ""tau"": 0.0837189856110998, ""K"": 1, ""kappa"": 3.572408799547702, ""theta"": 0.048226060513407, ""sigma"": 0.5950728766620159, ""rho"": -0.1223665177822113, ""r"": 0.07353783063590527, ""label"": ""sobol_63_2""}"
CORE_GRID,655,sobol_63_4,FAIL,"[""solver_error""]",UNRESOLVED,UNRESOLVED,"[""coverage_core.jsonl#grid_index=655""]","{""x"": 0.030305586755275726, ""v"": 0.10899016982875764, ""tau"": 1.0422722901853303, ""K"": 1, ""kappa"": 3.572408799547702, ""theta"": 0.048226060513407, ""sigma"": 0.5950728766620159, ""rho"": -0.1223665177822113, ""r"": 0.07353783063590527, ""label"": ""sobol_63_4""}"
CORE_GRID,656,sobol_63_5,PASS,[],NOT_APPLICABLE_STRICT_PASS,NUMERICALLY_RESOLVED,"[""coverage_core.jsonl#grid_index=656""]","{""x"": -0.01845526322722435, ""v"": 0.15095403767190874, ""tau"": 0.6957058821073068, ""K"": 1, ""kappa"": 3.572408799547702, ""theta"": 0.048226060513407, ""sigma"": 0.5950728766620159, ""rho"": -0.1223665177822113, ""r"": 0.07353783063590527, ""label"": ""sobol_63_5""}"
CORE_GRID,657,sobol_63_10,FAIL,"[""solver_error""]",UNRESOLVED,UNRESOLVED,"[""coverage_core.jsonl#grid_index=657""]","{""x"": -0.29934159144759176, ""v"": 0.029703883221372962, ""tau"": 1.2303308657525729, ""K"": 1, ""kappa"": 3.572408799547702, ""theta"": 0.048226060513407, ""sigma"": 0.5950728766620159, ""rho"": -0.1223665177822113, ""r"": 0.07353783063590527, ""label"": ""sobol_63_10""}"
CORE_GRID,658,sobol_63_12,FAIL,"[""solver_error""]",UNRESOLVED,UNRESOLVED,"[""coverage_core.jsonl#grid_index=658""]","{""x"": 0.5688808277249335, ""v"": 0.03267610282637179, ""tau"": 0.14705266938027406, ""K"": 1, ""kappa"": 3.572408799547702, ""theta"": 0.048226060513407, ""sigma"": 0.5950728766620159, ""rho"": -0.1223665177822113, ""r"": 0.07353783063590527, ""label"": ""sobol_63_12""}"
CORE_GRID,659,sobol_64_2,FAIL,"[""solver_error"", ""FD_uncertainty_budget_unresolved""]",UNRESOLVED,UNRESOLVED,"[""coverage_core.jsonl#grid_index=659""]","{""x"": -0.583888278901577, ""v"": 0.030084507772699, ""tau"": 0.5825482826561682, ""K"": 1, ""kappa"": 3.590177777223289, ""theta"": 0.11071862511336804, ""sigma"": 0.43718175990507, ""rho"": -0.7017316184937954, ""r"": 0.04594753980636597, ""label"": ""sobol_64_2""}"
CORE_GRID,660,sobol_64_4,FAIL,"[""solver_error""]",UNRESOLVED,UNRESOLVED,"[""coverage_core.jsonl#grid_index=660""]","{""x"": 0.27217522636055946, ""v"": 0.03302408545278013, ""tau"": 1.541077796395661, ""K"": 1, ""kappa"": 3.590177777223289, ""theta"": 0.11071862511336804, ""sigma"": 0.43718175990507, ""rho"": -0.7017316184937954, ""r"": 0.04594753980636597, ""label"": ""sobol_64_4""}"
CORE_GRID,661,sobol_64_10,PASS,[],NOT_APPLICABLE_STRICT_PASS,NUMERICALLY_RESOLVED,"[""coverage_core.jsonl#grid_index=661""]","{""x"": -0.017495258152484983, ""v"": 0.07824992365203798, ""tau"": 1.729289724136747, ""K"": 1, ""kappa"": 3.590177777223289, ""theta"": 0.11071862511336804, ""sigma"": 0.43718175990507, ""rho"": -0.7017316184937954, ""r"": 0.04594753980636597, ""label"": ""sobol_64_10""}"
CORE_GRID,662,sobol_64_12,FAIL,"[""solver_error""]",UNRESOLVED,UNRESOLVED,"[""coverage_core.jsonl#grid_index=662""]","{""x"": 0.3245185263454915, ""v"": 0.1086419599596411, ""tau"": 0.6459725084160233, ""K"": 1, ""kappa"": 3.590177777223289, ""theta"": 0.11071862511336804, ""sigma"": 0.43718175990507, ""rho"": -0.7017316184937954, ""r"": 0.04594753980636597, ""label"": ""sobol_64_12""}"
CORE_GRID,663,sobol_64_13,FAIL,"[""solver_error""]",UNRESOLVED,UNRESOLVED,"[""coverage_core.jsonl#grid_index=663""]","{""x"": -0.30300237983465195, ""v"": 0.15060223662294447, ""tau"": 1.125095394913048, ""K"": 1, ""kappa"": 3.590177777223289, ""theta"": 0.11071862511336804, ""sigma"": 0.43718175990507, ""rho"": -0.7017316184937954, ""r"": 0.04594753980636597, ""label"": ""sobol_64_13""}"
CORE_GRID,664,sobol_64_14,FAIL,"[""solver_error"", ""FD_uncertainty_budget_unresolved""]",UNRESOLVED,UNRESOLVED,"[""coverage_core.jsonl#grid_index=664""]","{""x"": -0.632788234949112, ""v"": 0.059317464707419276, ""tau"": 0.41290482444437365, ""K"": 1, ""kappa"": 3.590177777223289, ""theta"": 0.11071862511336804, ""sigma"": 0.43718175990507, ""rho"": -0.7017316184937954, ""r"": 0.04594753980636597, ""label"": ""sobol_64_14""}"
CORE_GRID,665,sobol_65_2,FAIL,"[""solver_error"", ""FD_uncertainty_budget_unresolved""]",UNRESOLVED,UNRESOLVED,"[""coverage_core.jsonl#grid_index=665""]","{""x"": -0.39823138117790224, ""v"": 0.09667029231786728, ""tau"": 0.12149272080776947, ""K"": 1, ""kappa"": 1.8402368808165193, ""theta"": 0.059791058376431463, ""sigma"": 0.6096282786689698, ""rho"": -0.2805985115468502, ""r"": 0.016372667253017427, ""label"": ""sobol_65_2""}"
CORE_GRID,666,sobol_65_3,FAIL,"[""solver_error""]",UNRESOLVED,UNRESOLVED,"[""coverage_core.jsonl#grid_index=666""]","{""x"": 0.3816707365214824, ""v"": 0.1483961045742035, ""tau"": 1.6457113858851944, ""K"": 1, ""kappa"": 1.8402368808165193, ""theta"": 0.059791058376431463, ""sigma"": 0.6096282786689698, ""rho"": -0.2805985115468502, ""r"": 0.016372667253017427, ""label"": ""sobol_65_3""}"
CORE_GRID,667,sobol_65_4,FAIL,"[""solver_error""]",UNRESOLVED,UNRESOLVED,"[""coverage_core.jsonl#grid_index=667""]","{""x"": 0.08651379570364948, ""v"": 0.09168577892705798, ""tau"": 1.0020465337752646, ""K"": 1, ""kappa"": 1.8402368808165193, ""theta"": 0.059791058376431463, ""sigma"": 0.6096282786689698, ""rho"": -0.2805985115468502, ""r"": 0.016372667253017427, ""label"": ""sobol_65_4""}"
CORE_GRID,668,sobol_65_10,FAIL,"[""solver_error""]",UNRESOLVED,UNRESOLVED,"[""coverage_core.jsonl#grid_index=668""]","{""x"": -0.20566081702709194, ""v"": 0.043042419012635946, ""tau"": 1.1920838606218616, ""K"": 1, ""kappa"": 1.8402368808165193, ""theta"": 0.059791058376431463, ""sigma"": 0.6096282786689698, ""rho"": -0.2805985115468502, ""r"": 0.016372667253017427, ""label"": ""sobol_65_10""}"
CORE_GRID,669,sobol_65_12,FAIL,"[""solver_error""]",UNRESOLVED,UNRESOLVED,"[""coverage_core.jsonl#grid_index=669""]","{""x"": 0.5126886002719402, ""v"": 0.018601031973958015, ""tau"": 0.18674615280155743, ""K"": 1, ""kappa"": 1.8402368808165193, ""theta"": 0.059791058376431463, ""sigma"": 0.6096282786689698, ""rho"": -0.2805985115468502, ""r"": 0.016372667253017427, ""label"": ""sobol_65_12""}"
CORE_GRID,670,sobol_66_2,FAIL,"[""solver_error""]",UNRESOLVED,UNRESOLVED,"[""coverage_core.jsonl#grid_index=670""]","{""x"": -0.47525202110409737, ""v"": 0.07132484251633286, ""tau"": 1.4792940879262806, ""K"": 1, ""kappa"": 0.9092467287555337, ""theta"": 0.07853134440258146, ""sigma"": 0.23057054858654738, ""rho"": -0.5533803768455983, ""r"": 0.036144247427582744, ""label"": ""sobol_66_2""}"
CORE_GRID,671,sobol_66_4,FAIL,"[""solver_error""]",UNRESOLVED,UNRESOLVED,"[""coverage_core.jsonl#grid_index=671""]","{""x"": 0.16822645962238303, ""v"": 0.11531842965632677, ""tau"": 0.3950108393938059, ""K"": 1, ""kappa"": 0.9092467287555337, ""theta"": 0.07853134440258146, ""sigma"": 0.23057054858654738, ""rho"": -0.5533803768455983, ""r"": 0.036144247427582744, ""label"": ""sobol_66_4""}"
CORE_GRID,672,sobol_66_5,PASS,[],NOT_APPLICABLE_STRICT_PASS,NUMERICALLY_RESOLVED,"[""coverage_core.jsonl#grid_index=672""]","{""x"": -0.18038820996880522, ""v"": 0.128046621568501, ""tau"": 1.8731176839986194, ""K"": 1, ""kappa"": 0.9092467287555337, ""theta"": 0.07853134440258146, ""sigma"": 0.23057054858654738, ""rho"": -0.5533803768455983, ""r"": 0.036144247427582744, ""label"": ""sobol_66_5""}"
CORE_GRID,673,sobol_66_12,FAIL,"[""solver_error""]",UNRESOLVED,UNRESOLVED,"[""coverage_core.jsonl#grid_index=673""]","{""x"": 0.4349124491214753, ""v"": 0.05563662247732282, ""tau"": 1.2930325067173394, ""K"": 1, ""kappa"": 0.9092467287555337, ""theta"": 0.07853134440258146, ""sigma"": 0.23057054858654738, ""rho"": -0.5533803768455983, ""r"": 0.036144247427582744, ""label"": ""sobol_66_12""}"
CORE_GRID,674,sobol_67_0,FAIL,"[""solver_error""]",UNRESOLVED,UNRESOLVED,"[""coverage_core.jsonl#grid_index=674""]","{""x"": 0.6691788375377654, ""v"": 0.10031486512161791, ""tau"": 1.2374805339560326, ""K"": 1, ""kappa"": 2.659296209923923, ""theta"": 0.029459247905761005, ""sigma"": 0.7533375175669789, ""rho"": -0.42602006271481513, ""r"": 0.06649060554802418, ""label"": ""sobol_67_0""}"
CORE_GRID,675,sobol_67_1,FAIL,"[""solver_error"", ""FD_uncertainty_budget_unresolved""]",UNRESOLVED,UNRESOLVED,"[""coverage_core.jsonl#grid_index=675""]","{""x"": -0.6532270319759845, ""v"": 0.1442274919245392, ""tau"": 0.5315206042742209, ""K"": 1, ""kappa"": 2.659296209923923, ""theta"": 0.029459247905761005, ""sigma"": 0.7533375175669789, ""rho"": -0.42602006271481513, ""r"": 0.06649060554802418, ""label"": ""sobol_67_1""}"
CORE_GRID,676,sobol_67_2,FAIL,"[""solver_error""]",UNRESOLVED,UNRESOLVED,"[""coverage_core.jsonl#grid_index=676""]","{""x"": -0.3610784880816936, ""v"": 0.051981233758851886, ""tau"": 1.9381644844691017, ""K"": 1, ""kappa"": 2.659296209923923, ""theta"": 0.029459247905761005, ""sigma"": 0.7533375175669789, ""rho"": -0.42602006271481513, ""r"": 0.06649060554802418, ""label"": ""sobol_67_2""}"
CORE_GRID,677,sobol_67_10,PASS,[],NOT_APPLICABLE_STRICT_PASS,NUMERICALLY_RESOLVED,"[""coverage_core.jsonl#grid_index=677""]","{""x"": -0.23519665226340292, ""v"": 0.12092721206136048, ""tau"": 0.8724387358053631, ""K"": 1, ""kappa"": 2.659296209923923, ""theta"": 0.029459247905761005, ""sigma"": 0.7533375175669789, ""rho"": -0.42602006271481513, ""r"": 0.06649060554802418, ""label"": ""sobol_67_10""}"
CORE_GRID,678,sobol_67_11,FAIL,"[""solver_error""]",UNRESOLVED,UNRESOLVED,"[""coverage_core.jsonl#grid_index=678""]","{""x"": 0.26111169308423987, ""v"": 0.1395148087758571, ""tau"": 1.3996229304725096, ""K"": 1, ""kappa"": 2.659296209923923, ""theta"": 0.029459247905761005, ""sigma"": 0.7533375175669789, ""rho"": -0.42602006271481513, ""r"": 0.06649060554802418, ""label"": ""sobol_67_11""}"
CORE_GRID,679,sobol_67_12,FAIL,"[""solver_error""]",UNRESOLVED,UNRESOLVED,"[""coverage_core.jsonl#grid_index=679""]","{""x"": 0.5469119444489479, ""v"": 0.06718155997805297, ""tau"": 1.7539719585846696, ""K"": 1, ""kappa"": 2.659296209923923, ""theta"": 0.029459247905761005, ""sigma"": 0.7533375175669789, ""rho"": -0.42602006271481513, ""r"": 0.06649060554802418, ""label"": ""sobol_67_12""}"
CORE_GRID,680,sobol_68_2,FAIL,"[""solver_error""]",UNRESOLVED,UNRESOLVED,"[""coverage_core.jsonl#grid_index=680""]","{""x"": -0.5557279273867607, ""v"": 0.11476253345608711, ""tau"": 1.835757109606343, ""K"": 1, ""kappa"": 3.040303253568709, ""theta"": 0.09109452290460468, ""sigma"": 0.4895752497017384, ""rho"": -0.3643965117633343, ""r"": 0.07579237498342992, ""label"": ""sobol_68_2""}"
CORE_GRID,681,sobol_68_3,FAIL,"[""solver_error""]",UNRESOLVED,UNRESOLVED,"[""coverage_core.jsonl#grid_index=681""]","{""x"": 0.5394806452095509, ""v"": 0.12553740665316582, ""tau"": 0.4362836472084006, ""K"": 1, ""kappa"": 3.040303253568709, ""theta"": 0.09109452290460468, ""sigma"": 0.4895752497017384, ""rho"": -0.3643965117633343, ""r"": 0.07579237498342992, ""label"": ""sobol_68_3""}"
CORE_GRID,682,sobol_68_4,FAIL,"[""solver_error""]",UNRESOLVED,UNRESOLVED,"[""coverage_core.jsonl#grid_index=682""]","{""x"": 0.2252625860273838, ""v"": 0.07285748003050685, ""tau"": 0.7992580519353468, ""K"": 1, ""kappa"": 3.040303253568709, ""theta"": 0.09109452290460468, ""sigma"": 0.4895752497017384, ""rho"": -0.3643965117633343, ""r"": 0.07579237498342992, ""label"": ""sobol_68_4""}"
CORE_GRID,683,sobol_68_10,PASS,[],NOT_APPLICABLE_STRICT_PASS,NUMERICALLY_RESOLVED,"[""coverage_core.jsonl#grid_index=683""]","{""x"": -0.04521411806344977, ""v"": 0.05802358826622367, ""tau"": 0.9833524550333441, ""K"": 1, ""kappa"": 3.040303253568709, ""theta"": 0.09109452290460468, ""sigma"": 0.4895752497017384, ""rho"": -0.3643965117633343, ""r"": 0.07579237498342992, ""label"": ""sobol_68_10""}"
CORE_GRID,684,sobol_68_14,FAIL,"[""solver_error""]",UNRESOLVED,UNRESOLVED,"[""coverage_core.jsonl#grid_index=684""]","{""x"": -0.6603629350662231, ""v"": 0.08590510161593556, ""tau"": 1.1630815689910263, ""K"": 1, ""kappa"": 3.040303253568709, ""theta"": 0.09109452290460468, ""sigma"": 0.4895752497017384, ""rho"": -0.3643965117633343, ""r"": 0.07579237498342992, ""label"": ""sobol_68_14""}"
CORE_GRID,685,sobol_68_15,FAIL,"[""solver_error""]",UNRESOLVED,UNRESOLVED,"[""coverage_core.jsonl#grid_index=685""]","{""x"": 0.6443927340209483, ""v"": 0.15917656244710088, ""tau"": 0.5747463258301159, ""K"": 1, ""kappa"": 3.040303253568709, ""theta"": 0.09109452290460468, ""sigma"": 0.4895752497017384, ""rho"": -0.3643965117633343, ""r"": 0.07579237498342992, ""label"": ""sobol_68_15""}"
CORE_GRID,686,sobol_69_4,FAIL,"[""solver_error""]",UNRESOLVED,UNRESOLVED,"[""coverage_core.jsonl#grid_index=686""]","{""x"": 0.11445899829268447, ""v"": 0.05337843461893499, ""tau"": 0.2601105454895231, ""K"": 1, ""kappa"": 1.2903542993590236, ""theta"": 0.04338970778509975, ""sigma"": 0.31693510375916956, ""rho"": -0.6433124236762524, ""r"": 0.026842468455433845, ""label"": ""sobol_69_4""}"
CORE_GRID,687,sobol_69_10,PASS,[],NOT_APPLICABLE_STRICT_PASS,NUMERICALLY_RESOLVED,"[""coverage_core.jsonl#grid_index=687""]","{""x"": -0.15823751986026768, ""v"": 0.06967725954018533, ""tau"": 0.4462780489859777, ""K"": 1, ""kappa"": 1.2903542993590236, ""theta"": 0.04338970778509975, ""sigma"": 0.31693510375916956, ""rho"": -0.6433124236762524, ""r"": 0.026842468455433845, ""label"": ""sobol_69_10""}"
CORE_GRID,688,sobol_69_12,FAIL,"[""solver_error""]",UNRESOLVED,UNRESOLVED,"[""coverage_core.jsonl#grid_index=688""]","{""x"": 0.48401301428675647, ""v"": 0.1174547711852938, ""tau"": 1.4360222049382707, ""K"": 1, ""kappa"": 1.2903542993590236, ""theta"": 0.04338970778509975, ""sigma"": 0.31693510375916956, ""rho"": -0.6433124236762524, ""r"": 0.026842468455433845, ""label"": ""sobol_69_12""}"
CORE_GRID,689,sobol_69_13,FAIL,"[""solver_error""]",UNRESOLVED,UNRESOLVED,"[""coverage_core.jsonl#grid_index=689""]","{""x"": -0.46335539817810056, ""v"": 0.13799571641720831, ""tau"": 0.832153877816237, ""K"": 1, ""kappa"": 1.2903542993590236, ""theta"": 0.04338970778509975, ""sigma"": 0.31693510375916956, ""rho"": -0.6433124236762524, ""r"": 0.026842468455433845, ""label"": ""sobol_69_13""}"
CORE_GRID,690,sobol_70_2,FAIL,"[""solver_error"", ""FD_uncertainty_budget_unresolved""]",UNRESOLVED,UNRESOLVED,"[""coverage_core.jsonl#grid_index=690""]","{""x"": -0.5226043649017811, ""v"": 0.03346001054160297, ""tau"": 0.2372823900188364, ""K"": 1, ""kappa"": 1.45909736584872, ""theta"": 0.09965507525950672, ""sigma"": 0.6987285674549638, ""rho"": -0.11565464511513712, ""r"": 0.005674412250518799, ""label"": ""sobol_70_2""}"
CORE_GRID,691,sobol_70_4,FAIL,"[""solver_error""]",UNRESOLVED,UNRESOLVED,"[""coverage_core.jsonl#grid_index=691""]","{""x"": 0.19682651460170741, ""v"": 0.028672198997810483, ""tau"": 1.1500302624467404, ""K"": 1, ""kappa"": 1.45909736584872, ""theta"": 0.09965507525950672, ""sigma"": 0.6987285674549638, ""rho"": -0.11565464511513712, ""r"": 0.005674412250518799, ""label"": ""sobol_70_4""}"
CORE_GRID,692,sobol_70_10,PASS,[],NOT_APPLICABLE_STRICT_PASS,NUMERICALLY_RESOLVED,"[""coverage_core.jsonl#grid_index=692""]","{""x"": -0.07657972946763048, ""v"": 0.10613085445947945, ""tau"": 1.0848061869822678, ""K"": 1, ""kappa"": 1.45909736584872, ""theta"": 0.09965507525950672, ""sigma"": 0.6987285674549638, ""rho"": -0.11565464511513712, ""r"": 0.005674412250518799, ""label"": ""sobol_70_10""}"
CORE_GRID,693,sobol_70_11,FAIL,"[""solver_error""]",UNRESOLVED,UNRESOLVED,"[""coverage_core.jsonl#grid_index=693""]","{""x"": 0.10222260653972626, ""v"": 0.15004442003555596, ""tau"": 0.6823807578896068, ""K"": 1, ""kappa"": 1.45909736584872, ""theta"": 0.09965507525950672, ""sigma"": 0.6987285674549638, ""rho"": -0.11565464511513712, ""r"": 0.005674412250518799, ""label"": ""sobol_70_11""}"
CORE_GRID,694,sobol_70_12,FAIL,"[""solver_error""]",UNRESOLVED,UNRESOLVED,"[""coverage_core.jsonl#grid_index=694""]","{""x"": 0.4070473551750182, ""v"": 0.0817374128382653, ""tau"": 0.047337296806896724, ""K"": 1, ""kappa"": 1.45909736584872, ""theta"": 0.09965507525950672, ""sigma"": 0.6987285674549638, ""rho"": -0.11565464511513712, ""r"": 0.005674412250518799, ""label"": ""sobol_70_12""}"
CORE_GRID,695,sobol_71_0,FAIL,"[""solver_error""]",UNRESOLVED,UNRESOLVED,"[""coverage_core.jsonl#grid_index=695""]","{""x"": 0.6227808952331542, ""v"": 0.013621430844068527, ""tau"": 0.49468997174814816, ""K"": 1, ""kappa"": 3.209151358343661, ""theta"": 0.0473604178801179, ""sigma"": 0.17615251364186407, ""rho"": -0.8883433498442174, ""r"": 0.05664580434560776, ""label"": ""sobol_71_0""}"
CORE_GRID,696,sobol_71_2,FAIL,"[""solver_error""]",UNRESOLVED,UNRESOLVED,"[""coverage_core.jsonl#grid_index=696""]","{""x"": -0.3332795195281505, ""v"": 0.0922266230918467, ""tau"": 0.696264970441541, ""K"": 1, ""kappa"": 3.209151358343661, ""theta"": 0.0473604178801179, ""sigma"": 0.17615251364186407, ""rho"": -0.8883433498442174, ""r"": 0.05664580434560776, ""label"": ""sobol_71_2""}"
CORE_GRID,697,sobol_71_4,PASS,[],NOT_APPLICABLE_STRICT_PASS,NUMERICALLY_RESOLVED,"[""coverage_core.jsonl#grid_index=697""]","{""x"": 0.007506309449672788, ""v"": 0.09515306446701288, ""tau"": 1.686992350769865, ""K"": 1, ""kappa"": 3.209151358343661, ""theta"": 0.0473604178801179, ""sigma"": 0.17615251364186407, ""rho"": -0.8883433498442174, ""r"": 0.05664580434560776, ""label"": ""sobol_71_4""}"
CORE_GRID,698,sobol_71_5,PASS,[],NOT_APPLICABLE_STRICT_PASS,NUMERICALLY_RESOLVED,"[""coverage_core.jsonl#grid_index=698""]","{""x"": -0.018768330663442523, ""v"": 0.14492561761289835, ""tau"": 0.0841269785360921, ""K"": 1, ""kappa"": 3.209151358343661, ""theta"": 0.0473604178801179, ""sigma"": 0.17615251364186407, ""rho"": -0.8883433498442174, ""r"": 0.05664580434560776, ""label"": ""sobol_71_5""}"
CORE_GRID,699,sobol_71_10,PASS,[],NOT_APPLICABLE_STRICT_PASS,NUMERICALLY_RESOLVED,"[""coverage_core.jsonl#grid_index=699""]","{""x"": -0.2634325347840786, ""v"": 0.016229177825152874, ""tau"": 1.6235939123564296, ""K"": 1, ""kappa"": 3.209151358343661, ""theta"": 0.0473604178801179, ""sigma"": 0.17615251364186407, ""rho"": -0.8883433498442174, ""r"": 0.05664580434560776, ""label"": ""sobol_71_10""}"
CORE_GRID,700,sobol_71_12,FAIL,"[""solver_error""]",UNRESOLVED,UNRESOLVED,"[""coverage_core.jsonl#grid_index=700""]","{""x"": 0.5938955381512643, ""v"": 0.04639065684750676, ""tau"": 0.5081493214090606, ""K"": 1, ""kappa"": 3.209151358343661, ""theta"": 0.0473604178801179, ""sigma"": 0.17615251364186407, ""rho"": -0.8883433498442174, ""r"": 0.05664580434560776, ""label"": ""sobol_71_12""}"
CORE_GRID,701,sobol_72_2,FAIL,"[""solver_error"", ""FD_uncertainty_budget_unresolved""]",UNRESOLVED,UNRESOLVED,"[""coverage_core.jsonl#grid_index=701""]","{""x"": -0.5683615945279598, ""v"": 0.08331216289661825, ""tau"": 0.2660956097626319, ""K"": 1, ""kappa"": 3.4921828266233206, ""theta"": 0.07616980427876115, ""sigma"": 0.654501347336918, ""rho"": -0.6544788710772991, ""r"": 0.011953660026192666, ""label"": ""sobol_72_2""}"
CORE_GRID,702,sobol_72_3,FAIL,"[""solver_error""]",UNRESOLVED,UNRESOLVED,"[""coverage_core.jsonl#grid_index=702""]","{""x"": 0.585222141444683, ""v"": 0.15652237995527685, ""tau"": 1.968913208892835, ""K"": 1, ""kappa"": 3.4921828266233206, ""theta"": 0.07616980427876115, ""sigma"": 0.654501347336918, ""rho"": -0.6544788710772991, ""r"": 0.011953660026192666, ""label"": ""sobol_72_3""}"
CORE_GRID,703,sobol_72_4,FAIL,"[""solver_error""]",UNRESOLVED,UNRESOLVED,"[""coverage_core.jsonl#grid_index=703""]","{""x"": 0.29883611351251593, ""v"": 0.1038232056889683, ""tau"": 1.3649948964797196, ""K"": 1, ""kappa"": 3.4921828266233206, ""theta"": 0.07616980427876115, ""sigma"": 0.654501347336918, ""rho"": -0.6544788710772991, ""r"": 0.011953660026192666, ""label"": ""sobol_72_4""}"
CORE_GRID,704,sobol_72_5,PASS,[],NOT_APPLICABLE_STRICT_PASS,NUMERICALLY_RESOLVED,"[""coverage_core.jsonl#grid_index=704""]","{""x"": -0.27349764034152035, ""v"": 0.1556093527469784, ""tau"": 0.9012299660364136, ""K"": 1, ""kappa"": 3.4921828266233206, ""theta"": 0.07616980427876115, ""sigma"": 0.654501347336918, ""rho"": -0.6544788710772991, ""r"": 0.011953660026192666, ""label"": ""sobol_72_5""}"
CORE_GRID,705,sobol_72_10,PASS,[],NOT_APPLICABLE_STRICT_PASS,NUMERICALLY_RESOLVED,"[""coverage_core.jsonl#grid_index=705""]","{""x"": -0.03009250089526172, ""v"": 0.026981573784723878, ""tau"": 1.4302508566447252, ""K"": 1, ""kappa"": 3.4921828266233206, ""theta"": 0.07616980427876115, ""sigma"": 0.654501347336918, ""rho"": -0.6544788710772991, ""r"": 0.011953660026192666, ""label"": ""sobol_72_10""}"
CORE_GRID,706,sobol_72_12,FAIL,"[""solver_error""]",UNRESOLVED,UNRESOLVED,"[""coverage_core.jsonl#grid_index=706""]","{""x"": 0.30430319756269464, ""v"": 0.03588258079253137, ""tau"": 0.4561306463835377, ""K"": 1, ""kappa"": 3.4921828266233206, ""theta"": 0.07616980427876115, ""sigma"": 0.654501347336918, ""rho"": -0.6544788710772991, ""r"": 0.011953660026192666, ""label"": ""sobol_72_12""}"
CORE_GRID,707,sobol_72_14,FAIL,"[""solver_error"", ""FD_uncertainty_budget_unresolved""]",UNRESOLVED,UNRESOLVED,"[""coverage_core.jsonl#grid_index=707""]","{""x"": -0.6149166919291019, ""v"": 0.11643990990705788, ""tau"": 0.7512696629153595, ""K"": 1, ""kappa"": 3.4921828266233206, ""theta"": 0.07616980427876115, ""sigma"": 0.654501347336918, ""rho"": -0.6544788710772991, ""r"": 0.011953660026192666, ""label"": ""sobol_72_14""}"
CORE_GRID,708,sobol_72_15,FAIL,"[""solver_error""]",UNRESOLVED,UNRESOLVED,"[""coverage_core.jsonl#grid_index=708""]","{""x"": 0.6314638048410415, ""v"": 0.12715401616878808, ""tau"": 1.019691670561091, ""K"": 1, ""kappa"": 3.4921828266233206, ""theta"": 0.07616980427876115, ""sigma"": 0.654501347336918, ""rho"": -0.6544788710772991, ""r"": 0.011953660026192666, ""label"": ""sobol_72_15""}"
CORE_GRID,709,sobol_73_0,FAIL,"[""solver_error""]",UNRESOLVED,UNRESOLVED,"[""coverage_core.jsonl#grid_index=709""]","{""x"": 0.6884961292147636, ""v"": 0.12011088524013758, ""tau"": 0.024373397131317427, ""K"": 1, ""kappa"": 1.7421266436576843, ""theta"": 0.02084741720929742, ""sigma"": 0.13252612920477985, ""rho"": -0.3255075149238109, ""r"": 0.040366461351513866, ""label"": ""sobol_73_0""}"
CORE_GRID,710,sobol_73_2,FAIL,"[""solver_error""]",UNRESOLVED,UNRESOLVED,"[""coverage_core.jsonl#grid_index=710""]","{""x"": -0.38035962358117104, ""v"": 0.04051292268559337, ""tau"": 0.7892836264282879, ""K"": 1, ""kappa"": 1.7421266436576843, ""theta"": 0.02084741720929742, ""sigma"": 0.13252612920477985, ""rho"": -0.3255075149238109, ""r"": 0.040366461351513866, ""label"": ""sobol_73_2""}"
CORE_GRID,711,sobol_73_4,FAIL,"[""solver_error""]",UNRESOLVED,UNRESOLVED,"[""coverage_core.jsonl#grid_index=711""]","{""x"": 0.11082946658134452, ""v"": 0.021863248199224472, ""tau"": 1.8414066297903893, ""K"": 1, ""kappa"": 1.7421266436576843, ""theta"": 0.02084741720929742, ""sigma"": 0.13252612920477985, ""rho"": -0.3255075149238109, ""r"": 0.040366461351513866, ""label"": ""sobol_73_4""}"
CORE_GRID,712,sobol_73_10,FAIL,"[""solver_error""]",UNRESOLVED,UNRESOLVED,"[""coverage_core.jsonl#grid_index=712""]","{""x"": -0.21591513231396675, ""v"": 0.10114667378365993, ""tau"": 1.9048369529043576, ""K"": 1, ""kappa"": 1.7421266436576843, ""theta"": 0.02084741720929742, ""sigma"": 0.13252612920477985, ""rho"": -0.3255075149238109, ""r"": 0.040366461351513866, ""label"": ""sobol_73_10""}"
CORE_GRID,713,sobol_73_11,FAIL,"[""solver_error""]",UNRESOLVED,UNRESOLVED,"[""coverage_core.jsonl#grid_index=713""]","{""x"": 0.20433037877082816, ""v"": 0.143166808411479, ""tau"": 0.36526033177321393, ""K"": 1, ""kappa"": 1.7421266436576843, ""theta"": 0.02084741720929742, ""sigma"": 0.13252612920477985, ""rho"": -0.3255075149238109, ""r"": 0.040366461351513866, ""label"": ""sobol_73_11""}"
CORE_GRID,714,sobol_73_12,FAIL,"[""solver_error""]",UNRESOLVED,UNRESOLVED,"[""coverage_core.jsonl#grid_index=714""]","{""x"": 0.4901304870843888, ""v"": 0.08647763123735785, ""tau"": 0.9774892188697344, ""K"": 1, ""kappa"": 1.7421266436576843, ""theta"": 0.02084741720929742, ""sigma"": 0.13252612920477985, ""rho"": -0.3255075149238109, ""r"": 0.040366461351513866, ""label"": ""sobol_73_12""}"
CORE_GRID,715,sobol_74_4,FAIL,"[""solver_error""]",UNRESOLVED,UNRESOLVED,"[""coverage_core.jsonl#grid_index=715""]","{""x"": 0.17906589433550835, ""v"": 0.06014909455552697, ""tau"": 0.7022191017962224, ""K"": 1, ""kappa"": 1.0086327716708183, ""theta"": 0.11458189457654953, ""sigma"": 0.5327739290893078, ""rho"": -0.8030255176126957, ""r"": 0.062149770855903626, ""label"": ""sobol_74_4""}"
CORE_GRID,716,sobol_74_10,PASS,[],NOT_APPLICABLE_STRICT_PASS,NUMERICALLY_RESOLVED,"[""coverage_core.jsonl#grid_index=716""]","{""x"": -0.1481047689914703, ""v"": 0.0746081885881722, ""tau"": 0.518032851725048, ""K"": 1, ""kappa"": 1.0086327716708183, ""theta"": 0.11458189457654953, ""sigma"": 0.5327739290893078, ""rho"": -0.8030255176126957, ""r"": 0.062149770855903626, ""label"": ""sobol_74_10""}"
CORE_GRID,717,sobol_74_12,FAIL,"[""solver_error""]",UNRESOLVED,UNRESOLVED,"[""coverage_core.jsonl#grid_index=717""]","{""x"": 0.4176279567182064, ""v"": 0.11276816111057997, ""tau"": 1.6179134592539557, ""K"": 1, ""kappa"": 1.0086327716708183, ""theta"": 0.11458189457654953, ""sigma"": 0.5327739290893078, ""rho"": -0.8030255176126957, ""r"": 0.062149770855903626, ""label"": ""sobol_74_12""}"
CORE_GRID,718,sobol_74_13,FAIL,"[""solver_error"", ""FD_uncertainty_budget_unresolved""]",UNRESOLVED,UNRESOLVED,"[""coverage_core.jsonl#grid_index=718""]","{""x"": -0.43361203372478485, ""v"": 0.13129354547709227, ""tau"": 0.15514934218917337, ""K"": 1, ""kappa"": 1.0086327716708183, ""theta"": 0.11458189457654953, ""sigma"": 0.5327739290893078, ""rho"": -0.8030255176126957, ""r"": 0.062149770855903626, ""label"": ""sobol_74_13""}"
CORE_GRID,719,sobol_75_0,FAIL,"[""solver_error""]",UNRESOLVED,UNRESOLVED,"[""coverage_core.jsonl#grid_index=719""]","{""x"": 0.6518941305577755, ""v"": 0.04416372044943273, ""tau"": 1.9190751391699508, ""K"": 1, ""kappa"": 2.758580369874835, ""theta"": 0.06990404024720193, ""sigma"": 0.3609055172652006, ""rho"": -0.1802811779081821, ""r"": 0.030485015213489532, ""label"": ""sobol_75_0""}"
CORE_GRID,720,sobol_75_2,FAIL,"[""solver_error""]",UNRESOLVED,UNRESOLVED,"[""coverage_core.jsonl#grid_index=720""]","{""x"": -0.34145006686449053, ""v"": 0.12376070325262845, ""tau"": 1.1558325436587136, ""K"": 1, ""kappa"": 2.758580369874835, ""theta"": 0.06990404024720193, ""sigma"": 0.3609055172652006, ""rho"": -0.1802811779081821, ""r"": 0.030485015213489532, ""label"": ""sobol_75_2""}"
CORE_GRID,721,sobol_75_3,FAIL,"[""solver_error""]",UNRESOLVED,UNRESOLVED,"[""coverage_core.jsonl#grid_index=721""]","{""x"": 0.36238921657204637, ""v"": 0.13642715965397656, ""tau"": 0.6133056214515357, ""K"": 1, ""kappa"": 2.758580369874835, ""theta"": 0.06990404024720193, ""sigma"": 0.3609055172652006, ""rho"": -0.1802811779081821, ""r"": 0.030485015213489532, ""label"": ""sobol_75_3""}"
CORE_GRID,722,sobol_75_4,FAIL,"[""solver_error""]",UNRESOLVED,UNRESOLVED,"[""coverage_core.jsonl#grid_index=722""]","{""x"": 0.0672324188053608, ""v"": 0.06410327251069248, ""tau"": 0.22752068781234797, ""K"": 1, ""kappa"": 2.758580369874835, ""theta"": 0.06990404024720193, ""sigma"": 0.3609055172652006, ""rho"": -0.1802811779081821, ""r"": 0.030485015213489532, ""label"": ""sobol_75_4""}"
CORE_GRID,723,sobol_75_10,FAIL,"[""solver_error"", ""FD_uncertainty_budget_unresolved""]",UNRESOLVED,UNRESOLVED,"[""coverage_core.jsonl#grid_index=723""]","{""x"": -0.2624420151114464, ""v"": 0.04720268282108009, ""tau"": 0.0412613373427164, ""K"": 1, ""kappa"": 2.758580369874835, ""theta"": 0.06990404024720193, ""sigma"": 0.3609055172652006, ""rho"": -0.1802811779081821, ""r"": 0.030485015213489532, ""label"": ""sobol_75_10""}"
CORE_GRID,724,sobol_75_12,FAIL,"[""solver_error""]",UNRESOLVED,UNRESOLVED,"[""coverage_core.jsonl#grid_index=724""]","{""x"": 0.5319698788225651, ""v"": 0.014932864578440785, ""tau"": 1.0943542401313722, ""K"": 1, ""kappa"": 2.758580369874835, ""theta"": 0.06990404024720193, ""sigma"": 0.3609055172652006, ""rho"": -0.1802811779081821, ""r"": 0.030485015213489532, ""label"": ""sobol_75_12""}"
CORE_GRID,725,sobol_76_2,FAIL,"[""solver_error""]",UNRESOLVED,UNRESOLVED,"[""coverage_core.jsonl#grid_index=725""]","{""x"": -0.5407869301736354, ""v"": 0.06056974781677127, ""tau"": 1.0118996293712703, ""K"": 1, ""kappa"": 2.2646866887807846, ""theta"": 0.10201701324433089, ""sigma"": 0.2749658925458789, ""rho"": -0.21709512099623673, ""r"": 0.02242349922657013, ""label"": ""sobol_76_2""}"
CORE_GRID,726,sobol_76_10,PASS,[],NOT_APPLICABLE_STRICT_PASS,NUMERICALLY_RESOLVED,"[""coverage_core.jsonl#grid_index=726""]","{""x"": -0.05839704796671863, ""v"": 0.11027229763567448, ""tau"": 0.17716766493247144, ""K"": 1, ""kappa"": 2.2646866887807846, ""theta"": 0.10201701324433089, ""sigma"": 0.2749658925458789, ""rho"": -0.21709512099623673, ""r"": 0.02242349922657013, ""label"": ""sobol_76_10""}"
CORE_GRID,727,sobol_76_11,PASS,[],NOT_APPLICABLE_STRICT_PASS,NUMERICALLY_RESOLVED,"[""coverage_core.jsonl#grid_index=727""]","{""x"": 0.046539719402790114, ""v"": 0.1307510007172823, ""tau"": 1.591983854870445, ""K"": 1, ""kappa"": 2.2646866887807846, ""theta"": 0.10201701324433089, ""sigma"": 0.2749658925458789, ""rho"": -0.21709512099623673, ""r"": 0.02242349922657013, ""label"": ""sobol_76_11""}"
CORE_GRID,728,sobol_76_12,FAIL,"[""solver_error""]",UNRESOLVED,UNRESOLVED,"[""coverage_core.jsonl#grid_index=728""]","{""x"": 0.3513646110892297, ""v"": 0.07808043574914336, ""tau"": 1.1980684118249292, ""K"": 1, ""kappa"": 2.2646866887807846, ""theta"": 0.10201701324433089, ""sigma"": 0.2749658925458789, ""rho"": -0.21709512099623673, ""r"": 0.02242349922657013, ""label"": ""sobol_76_12""}"
CORE_GRID,729,sobol_76_14,FAIL,"[""solver_error""]",UNRESOLVED,UNRESOLVED,"[""coverage_core.jsonl#grid_index=729""]","{""x"": -0.6430770076811313, ""v"": 0.027794606052339077, ""tau"": 1.9923163801764272, ""K"": 1, ""kappa"": 2.2646866887807846, ""theta"": 0.10201701324433089, ""sigma"": 0.2749658925458789, ""rho"": -0.21709512099623673, ""r"": 0.02242349922657013, ""label"": ""sobol_76_14""}"
CORE_GRID,730,sobol_77_2,FAIL,"[""B_N"", ""solver_error""]",COS_RESOLVED,NUMERICALLY_RESOLVED,"[""coverage_core.jsonl#grid_index=730"", ""mp_cases\\0d22a41ca723\\a8fae3ab9dc1df7ee107.json""]","{""x"": -0.427634147554636, ""v"": 0.06465933262370527, ""tau"": 1.5352150733020926, ""K"": 1, ""kappa"": 0.5146393980830908, ""theta"": 0.05597187455743552, ""sigma"": 0.7967956112697719, ""rho"": -0.7882700584828853, ""r"": 0.07021125823259354, ""label"": ""sobol_77_2""}"
CORE_GRID,731,sobol_77_4,FAIL,"[""B_N"", ""solver_error""]",COS_RESOLVED,NUMERICALLY_RESOLVED,"[""coverage_core.jsonl#grid_index=731"", ""mp_cases\\0d22a41ca723\\73f910b90df6ebeb643e.json""]","{""x"": 0.13936085700988765, ""v"": 0.12222825945354998, ""tau"": 0.5922485986347532, ""K"": 1, ""kappa"": 0.5146393980830908, ""theta"": 0.05597187455743552, ""sigma"": 0.7967956112697719, ""rho"": -0.7882700584828853, ""r"": 0.07021125823259354, ""label"": ""sobol_77_4""}"
CORE_GRID,732,sobol_77_5,FAIL,"[""B_N"", ""solver_error""]",COS_RESOLVED,NUMERICALLY_RESOLVED,"[""coverage_core.jsonl#grid_index=732"", ""mp_cases\\0d22a41ca723\\eb2db0a76980818f2bf7.json""]","{""x"": -0.11312310174107543, ""v"": 0.1329413673374802, ""tau"": 1.1807741982167557, ""K"": 1, ""kappa"": 0.5146393980830908, ""theta"": 0.05597187455743552, ""sigma"": 0.7967956112697719, ""rho"": -0.7882700584828853, ""r"": 0.07021125823259354, ""label"": ""sobol_77_5""}"
CORE_GRID,733,sobol_77_10,FAIL,"[""B_N"", ""solver_error"", ""FD_uncertainty_budget_unresolved""]",FD_RESOLVED,NUMERICALLY_RESOLVED,"[""coverage_core.jsonl#grid_index=733"", ""mp_cases\\0d22a41ca723\\cca611f737d3c878d95e.json""]","{""x"": -0.16907802298665042, ""v"": 0.012545705074444413, ""tau"": 0.6516225416701109, ""K"": 1, ""kappa"": 0.5146393980830908, ""theta"": 0.05597187455743552, ""sigma"": 0.7967956112697719, ""rho"": -0.7882700584828853, ""r"": 0.07021125823259354, ""label"": ""sobol_77_10""}"
CORE_GRID,734,sobol_77_12,FAIL,"[""B_N"", ""solver_error""]",COS_RESOLVED,NUMERICALLY_RESOLVED,"[""coverage_core.jsonl#grid_index=734"", ""mp_cases\\0d22a41ca723\\8a80a317e16316fce7c4.json""]","{""x"": 0.462041088938713, ""v"": 0.050566226011142135, ""tau"": 1.7193148004312424, ""K"": 1, ""kappa"": 0.5146393980830908, ""theta"": 0.05597187455743552, ""sigma"": 0.7967956112697719, ""rho"": -0.7882700584828853, ""r"": 0.07021125823259354, ""label"": ""sobol_77_12""}"
CORE_GRID,735,sobol_78_2,FAIL,"[""solver_error""]",UNRESOLVED,UNRESOLVED,"[""coverage_core.jsonl#grid_index=735""]","{""x"": -0.5000450402498245, ""v"": 0.1032825552392751, ""tau"": 0.9261616938045278, ""K"": 1, ""kappa"": 2.2360998075455427, ""theta"": 0.08723162448033692, ""sigma"": 0.39380940748378634, ""rho"": -0.46525114253163335, ""r"": 0.05230493165552616, ""label"": ""sobol_78_2""}"
CORE_GRID,736,sobol_78_3,FAIL,"[""solver_error""]",UNRESOLVED,UNRESOLVED,"[""coverage_core.jsonl#grid_index=736""]","{""x"": 0.5212979637086392, ""v"": 0.15311541338451207, ""tau"": 1.3439450789509075, ""K"": 1, ""kappa"": 2.2360998075455427, ""theta"": 0.08723162448033692, ""sigma"": 0.39380940748378634, ""rho"": -0.46525114253163335, ""r"": 0.05230493165552616, ""label"": ""sobol_78_3""}"
CORE_GRID,737,sobol_78_4,FAIL,"[""solver_error""]",UNRESOLVED,UNRESOLVED,"[""coverage_core.jsonl#grid_index=737""]","{""x"": 0.2070797614753246, ""v"": 0.08482955466024578, ""tau"": 1.9480475612014296, ""K"": 1, ""kappa"": 2.2360998075455427, ""theta"": 0.08723162448033692, ""sigma"": 0.39380940748378634, ""rho"": -0.46525114253163335, ""r"": 0.05230493165552616, ""label"": ""sobol_78_4""}"
CORE_GRID,738,sobol_78_5,FAIL,"[""solver_error""]",UNRESOLVED,UNRESOLVED,"[""coverage_core.jsonl#grid_index=738""]","{""x"": -0.19551326036453243, ""v"": 0.15999270300380886, ""tau"": 0.2908460230396558, ""K"": 1, ""kappa"": 2.2360998075455427, ""theta"": 0.08723162448033692, ""sigma"": 0.39380940748378634, ""rho"": -0.46525114253163335, ""r"": 0.05230493165552616, ""label"": ""sobol_78_5""}"
CORE_GRID,739,sobol_78_10,FAIL,"[""solver_error""]",UNRESOLVED,UNRESOLVED,"[""coverage_core.jsonl#grid_index=739""]","{""x"": -0.10089662075042716, ""v"": 0.03825427102856338, ""tau"": 1.7599265286514152, ""K"": 1, ""kappa"": 2.2360998075455427, ""theta"": 0.08723162448033692, ""sigma"": 0.39380940748378634, ""rho"": -0.46525114253163335, ""r"": 0.05230493165552616, ""label"": ""sobol_78_10""}"
CORE_GRID,740,sobol_78_12,FAIL,"[""solver_error""]",UNRESOLVED,UNRESOLVED,"[""coverage_core.jsonl#grid_index=740""]","{""x"": 0.3891766749322414, ""v"": 0.023633142234757543, ""tau"": 0.8627684009631001, ""K"": 1, ""kappa"": 2.2360998075455427, ""theta"": 0.08723162448033692, ""sigma"": 0.39380940748378634, ""rho"": -0.46525114253163335, ""r"": 0.05230493165552616, ""label"": ""sobol_78_12""}"
CORE_GRID,741,sobol_78_14,FAIL,"[""solver_error"", ""FD_uncertainty_budget_unresolved""]",UNRESOLVED,UNRESOLVED,"[""coverage_core.jsonl#grid_index=741""]","{""x"": -0.6785815134644508, ""v"": 0.07391799218021333, ""tau"": 0.06636572433339935, ""K"": 1, ""kappa"": 2.2360998075455427, ""theta"": 0.08723162448033692, ""sigma"": 0.39380940748378634, ""rho"": -0.46525114253163335, ""r"": 0.05230493165552616, ""label"": ""sobol_78_14""}"
CORE_GRID,742,sobol_79_0,FAIL,"[""solver_error""]",UNRESOLVED,UNRESOLVED,"[""coverage_core.jsonl#grid_index=742""]","{""x"": 0.604910572618246, ""v"": 0.06879984540864825, ""tau"": 0.6688150558731563, ""K"": 1, ""kappa"": 3.986042059957981, ""theta"": 0.033276331033557656, ""sigma"": 0.5658313713036477, ""rho"": -0.5426530964672566, ""r"": 1.5218332409858703e-05, ""label"": ""sobol_79_0""}"
CORE_GRID,743,sobol_79_2,FAIL,"[""solver_error"", ""FD_uncertainty_budget_unresolved""]",UNRESOLVED,UNRESOLVED,"[""coverage_core.jsonl#grid_index=743""]","{""x"": -0.3130654111504555, ""v"": 0.021427487023174763, ""tau"": 0.40455934612656985, ""K"": 1, ""kappa"": 3.986042059957981, ""theta"": 0.033276331033557656, ""sigma"": 0.5658313713036477, ""rho"": -0.5426530964672566, ""r"": 1.5218332409858703e-05, ""label"": ""sobol_79_2""}"
CORE_GRID,744,sobol_79_4,FAIL,"[""solver_error""]",UNRESOLVED,UNRESOLVED,"[""coverage_core.jsonl#grid_index=744""]","{""x"": 0.020104629546403796, ""v"": 0.0419254251755774, ""tau"": 1.473217689750036, ""K"": 1, ""kappa"": 3.986042059957981, ""theta"": 0.033276331033557656, ""sigma"": 0.5658313713036477, ""rho"": -0.5426530964672566, ""r"": 1.5218332409858703e-05, ""label"": ""sobol_79_4""}"
CORE_GRID,745,sobol_79_10,FAIL,"[""solver_error""]",UNRESOLVED,UNRESOLVED,"[""coverage_core.jsonl#grid_index=745""]","{""x"": -0.29009221047163014, ""v"": 0.08898854302242398, ""tau"": 1.2832712580945107, ""K"": 1, ""kappa"": 3.986042059957981, ""theta"": 0.033276331033557656, ""sigma"": 0.5658313713036477, ""rho"": -0.5426530964672566, ""r"": 1.5218332409858703e-05, ""label"": ""sobol_79_10""}"
CORE_GRID,746,sobol_79_12,FAIL,"[""solver_error""]",UNRESOLVED,UNRESOLVED,"[""coverage_core.jsonl#grid_index=746""]","{""x"": 0.5783677853643894, ""v"": 0.09765902068465948, ""tau"": 0.33933684705120937, ""K"": 1, ""kappa"": 3.986042059957981, ""theta"": 0.033276331033557656, ""sigma"": 0.5658313713036477, ""rho"": -0.5426530964672566, ""r"": 1.5218332409858703e-05, ""label"": ""sobol_79_12""}"
CORE_GRID,747,sobol_79_13,FAIL,"[""solver_error""]",UNRESOLVED,UNRESOLVED,"[""coverage_core.jsonl#grid_index=747""]","{""x"": -0.5952099457383155, ""v"": 0.1416324144229293, ""tau"": 1.9268442632312635, ""K"": 1, ""kappa"": 3.986042059957981, ""theta"": 0.033276331033557656, ""sigma"": 0.5658313713036477, ""rho"": -0.5426530964672566, ""r"": 1.5218332409858703e-05, ""label"": ""sobol_79_13""}"
CORE_GRID,748,sobol_80_2,FAIL,"[""solver_error""]",UNRESOLVED,UNRESOLVED,"[""coverage_core.jsonl#grid_index=748""]","{""x"": -0.5970133982598781, ""v"": 0.09825335000641644, ""tau"": 1.3387160754341276, ""K"": 1, ""kappa"": 3.839421479497105, ""theta"": 0.0828359210677445, ""sigma"": 0.11007364941760898, ""rho"": -0.14483911395072935, ""r"": 0.06933446288108826, ""label"": ""sobol_80_2""}"
CORE_GRID,749,sobol_80_3,FAIL,"[""solver_error""]",UNRESOLVED,UNRESOLVED,"[""coverage_core.jsonl#grid_index=749""]","{""x"": 0.5754654273390769, ""v"": 0.14216675166971982, ""tau"": 0.9294618439624116, ""K"": 1, ""kappa"": 3.839421479497105, ""theta"": 0.0828359210677445, ""sigma"": 0.11007364941760898, ""rho"": -0.14483911395072935, ""r"": 0.06933446288108826, ""label"": ""sobol_80_3""}"
CORE_GRID,750,sobol_80_4,FAIL,"[""solver_error""]",UNRESOLVED,UNRESOLVED,"[""coverage_core.jsonl#grid_index=750""]","{""x"": 0.2712264731526375, ""v"": 0.08937047864310443, ""tau"": 0.2865873576614946, ""K"": 1, ""kappa"": 3.839421479497105, ""theta"": 0.0828359210677445, ""sigma"": 0.11007364941760898, ""rho"": -0.14483911395072935, ""r"": 0.06933446288108826, ""label"": ""sobol_80_4""}"
CORE_GRID,751,sobol_80_10,PASS,[],NOT_APPLICABLE_STRICT_PASS,NUMERICALLY_RESOLVED,"[""coverage_core.jsonl#grid_index=751""]","{""x"": -0.002188747376203448, ""v"": 0.04145146789960563, ""tau"": 0.4746160413219874, ""K"": 1, ""kappa"": 3.839421479497105, ""theta"": 0.0828359210677445, ""sigma"": 0.11007364941760898, ""rho"": -0.14483911395072935, ""r"": 0.06933446288108826, ""label"": ""sobol_80_10""}"
CORE_GRID,752,sobol_80_12,FAIL,"[""solver_error""]",UNRESOLVED,UNRESOLVED,"[""coverage_core.jsonl#grid_index=752""]","{""x"": 0.33266546577215195, ""v"": 0.02092422661371529, ""tau"": 1.4019580609460789, ""K"": 1, ""kappa"": 3.839421479497105, ""theta"": 0.0828359210677445, ""sigma"": 0.11007364941760898, ""rho"": -0.14483911395072935, ""r"": 0.06933446288108826, ""label"": ""sobol_80_12""}"
CORE_GRID,753,sobol_80_14,FAIL,"[""solver_error""]",UNRESOLVED,UNRESOLVED,"[""coverage_core.jsonl#grid_index=753""]","{""x"": -0.6243596948683262, ""v"": 0.06927216402254999, ""tau"": 1.6679515761012833, ""K"": 1, ""kappa"": 3.839421479497105, ""theta"": 0.0828359210677445, ""sigma"": 0.11007364941760898, ""rho"": -0.14483911395072935, ""r"": 0.06933446288108826, ""label"": ""sobol_80_14""}"
CORE_GRID,754,sobol_81_0,FAIL,"[""solver_error""]",UNRESOLVED,UNRESOLVED,"[""coverage_core.jsonl#grid_index=754""]","{""x"": 0.6983993634581565, ""v"": 0.0734141948632896, ""tau"": 1.0657145254321336, ""K"": 1, ""kappa"": 2.0893624019809067, ""theta"": 0.03766973929479718, ""sigma"": 0.6318379304371774, ""rho"": -0.8722444415092468, ""r"": 0.03834296435117722, ""label"": ""sobol_81_0""}"
CORE_GRID,755,sobol_81_2,FAIL,"[""B_N"", ""solver_error""]",COS_RESOLVED,NUMERICALLY_RESOLVED,"[""coverage_core.jsonl#grid_index=755"", ""mp_cases\\0d22a41ca723\\9a91318b5ad62dfed3e4.json""]","{""x"": -0.4088435925543308, ""v"": 0.024106831289827824, ""tau"": 1.8599529387835887, ""K"": 1, ""kappa"": 2.0893624019809067, ""theta"": 0.03766973929479718, ""sigma"": 0.6318379304371774, ""rho"": -0.8722444415092468, ""r"": 0.03834296435117722, ""label"": ""sobol_81_2""}"
CORE_GRID,756,sobol_81_4,FAIL,"[""B_N"", ""solver_error""]",COS_RESOLVED,NUMERICALLY_RESOLVED,"[""coverage_core.jsonl#grid_index=756"", ""mp_cases\\0d22a41ca723\\247ab2515ca97c7afb8c.json""]","{""x"": 0.08306114673614506, ""v"": 0.03875779965892434, ""tau"": 0.7610517447843911, ""K"": 1, ""kappa"": 2.0893624019809067, ""theta"": 0.03766973929479718, ""sigma"": 0.6318379304371774, ""rho"": -0.8722444415092468, ""r"": 0.03834296435117722, ""label"": ""sobol_81_4""}"
CORE_GRID,757,sobol_81_10,PASS,[],NOT_APPLICABLE_STRICT_PASS,NUMERICALLY_RESOLVED,"[""coverage_core.jsonl#grid_index=757""]","{""x"": -0.1878504104912282, ""v"": 0.08423495711758733, ""tau"": 0.9511494837693929, ""K"": 1, ""kappa"": 2.0893624019809067, ""theta"": 0.03766973929479718, ""sigma"": 0.6318379304371774, ""rho"": -0.8722444415092468, ""r"": 0.03834296435117722, ""label"": ""sobol_81_10""}"
CORE_GRID,758,sobol_81_11,FAIL,"[""solver_error""]",UNRESOLVED,UNRESOLVED,"[""coverage_core.jsonl#grid_index=758""]","{""x"": 0.21349772214889517, ""v"": 0.15945863397791982, ""tau"": 1.289737102457337, ""K"": 1, ""kappa"": 2.0893624019809067, ""theta"": 0.03766973929479718, ""sigma"": 0.6318379304371774, ""rho"": -0.8722444415092468, ""r"": 0.03834296435117722, ""label"": ""sobol_81_11""}"
CORE_GRID,759,sobol_81_12,FAIL,"[""solver_error""]",UNRESOLVED,UNRESOLVED,"[""coverage_core.jsonl#grid_index=759""]","{""x"": 0.5183226317167282, ""v"": 0.10290088783949614, ""tau"": 1.9252677867484709, ""K"": 1, ""kappa"": 2.0893624019809067, ""theta"": 0.03766973929479718, ""sigma"": 0.6318379304371774, ""rho"": -0.8722444415092468, ""r"": 0.03834296435117722, ""label"": ""sobol_81_12""}"
CORE_GRID,760,sobol_81_13,FAIL,"[""solver_error"", ""FD_uncertainty_budget_unresolved""]",UNRESOLVED,UNRESOLVED,"[""coverage_core.jsonl#grid_index=760""]","{""x"": -0.5017755188047885, ""v"": 0.15267357509583235, ""tau"": 0.346774940552663, ""K"": 1, ""kappa"": 2.0893624019809067, ""theta"": 0.03766973929479718, ""sigma"": 0.6318379304371774, ""rho"": -0.8722444415092468, ""r"": 0.03834296435117722, ""label"": ""sobol_81_13""}"
CORE_GRID,761,sobol_82_2,FAIL,"[""solver_error""]",UNRESOLVED,UNRESOLVED,"[""coverage_core.jsonl#grid_index=761""]","{""x"": -0.4813460379838943, ""v"": 0.05015419004485011, ""tau"": 0.7226613570256011, ""K"": 1, ""kappa"": 0.659444045741111, ""theta"": 0.10641113974153997, ""sigma"": 0.33823874425143, ""rho"": -0.39921919554471974, ""r"": 0.01921835578978062, ""label"": ""sobol_82_2""}"
CORE_GRID,762,sobol_82_4,FAIL,"[""solver_error""]",UNRESOLVED,UNRESOLVED,"[""coverage_core.jsonl#grid_index=762""]","{""x"": 0.150871603935957, ""v"": 0.011981833726167679, ""tau"": 1.6509713130256545, ""K"": 1, ""kappa"": 0.659444045741111, ""theta"": 0.10641113974153997, ""sigma"": 0.33823874425143, ""rho"": -0.39921919554471974, ""r"": 0.01921835578978062, ""label"": ""sobol_82_4""}"
CORE_GRID,763,sobol_82_10,FAIL,"[""solver_error""]",UNRESOLVED,UNRESOLVED,"[""coverage_core.jsonl#grid_index=763""]","{""x"": -0.11961407661437984, ""v"": 0.12276209704577923, ""tau"": 1.5896777704816372, ""K"": 1, ""kappa"": 0.659444045741111, ""theta"": 0.10641113974153997, ""sigma"": 0.33823874425143, ""rho"": -0.39921919554471974, ""r"": 0.01921835578978062, ""label"": ""sobol_82_10""}"
CORE_GRID,764,sobol_82_11,FAIL,"[""solver_error""]",UNRESOLVED,UNRESOLVED,"[""coverage_core.jsonl#grid_index=764""]","{""x"": 0.13177102133631702, ""v"": 0.13353716395795345, ""tau"": 0.18143958833792972, ""K"": 1, ""kappa"": 0.659444045741111, ""theta"": 0.10641113974153997, ""sigma"": 0.33823874425143, ""rho"": -0.39921919554471974, ""r"": 0.01921835578978062, ""label"": ""sobol_82_11""}"
CORE_GRID,765,sobol_82_12,FAIL,"[""solver_error""]",UNRESOLVED,UNRESOLVED,"[""coverage_core.jsonl#grid_index=765""]","{""x"": 0.44540328606963153, ""v"": 0.06510235508903861, ""tau"": 0.5365829678466691, ""K"": 1, ""kappa"": 0.659444045741111, ""theta"": 0.10641113974153997, ""sigma"": 0.33823874425143, ""rho"": -0.39921919554471974, ""r"": 0.01921835578978062, ""label"": ""sobol_82_12""}"
CORE_GRID,766,sobol_83_0,FAIL,"[""solver_error""]",UNRESOLVED,UNRESOLVED,"[""coverage_core.jsonl#grid_index=766""]","{""x"": 0.6612104259431362, ""v"": 0.028236615704372525, ""tau"": 0.9956324500002204, ""K"": 1, ""kappa"": 2.4093945384956896, ""theta"": 0.05157699070870876, ""sigma"": 0.5103234754875302, ""rho"": -0.6204034194350243, ""r"": 0.04814930863678456, ""label"": ""sobol_83_0""}"
CORE_GRID,767,sobol_83_2,FAIL,"[""solver_error"", ""FD_uncertainty_budget_unresolved""]",UNRESOLVED,UNRESOLVED,"[""coverage_core.jsonl#grid_index=767""]","{""x"": -0.36934681087732313, ""v"": 0.07754680677317083, ""tau"": 0.19922408498527983, ""K"": 1, ""kappa"": 2.4093945384956896, ""theta"": 0.05157699070870876, ""sigma"": 0.5103234754875302, ""rho"": -0.6204034194350243, ""r"": 0.04814930863678456, ""label"": ""sobol_83_2""}"
CORE_GRID,768,sobol_83_4,FAIL,"[""solver_error""]",UNRESOLVED,UNRESOLVED,"[""coverage_core.jsonl#grid_index=768""]","{""x"": 0.03887687399983397, ""v"": 0.10982906655408442, ""tau"": 1.174321745725585, ""K"": 1, ""kappa"": 2.4093945384956896, ""theta"": 0.05157699070870876, ""sigma"": 0.5103234754875302, ""rho"": -0.6204034194350243, ""r"": 0.04814930863678456, ""label"": ""sobol_83_4""}"
CORE_GRID,769,sobol_83_5,PASS,[],NOT_APPLICABLE_STRICT_PASS,NUMERICALLY_RESOLVED,"[""coverage_core.jsonl#grid_index=769""]","{""x"": -0.06481501311063775, ""v"": 0.13036978826858103, ""tau"": 0.5928633625042581, ""K"": 1, ""kappa"": 2.4093945384956896, ""theta"": 0.05157699070870876, ""sigma"": 0.5103234754875302, ""rho"": -0.6204034194350243, ""r"": 0.04814930863678456, ""label"": ""sobol_83_5""}"
CORE_GRID,770,sobol_83_12,FAIL,"[""solver_error""]",UNRESOLVED,UNRESOLVED,"[""coverage_core.jsonl#grid_index=770""]","{""x"": 0.5595770873129369, ""v"": 0.06113341054879129, ""tau"": 0.014971094911858912, ""K"": 1, ""kappa"": 2.4093945384956896, ""theta"": 0.05157699070870876, ""sigma"": 0.5103234754875302, ""rho"": -0.6204034194350243, ""r"": 0.04814930863678456, ""label"": ""sobol_83_12""}"
CORE_GRID,771,sobol_84_2,FAIL,"[""solver_error"", ""FD_uncertainty_budget_unresolved""]",UNRESOLVED,UNRESOLVED,"[""coverage_core.jsonl#grid_index=771""]","{""x"": -0.5496613048017025, ""v"": 0.015467417426407337, ""tau"": 0.09716693619413981, ""K"": 1, ""kappa"": 2.8999171894975007, ""theta"": 0.11956357572227717, ""sigma"": 0.7742991916835308, ""rho"": -0.582223430275917, ""r"": 0.05886710323393345, ""label"": ""sobol_84_2""}"
CORE_GRID,772,sobol_84_4,FAIL,"[""solver_error""]",UNRESOLVED,UNRESOLVED,"[""coverage_core.jsonl#grid_index=772""]","{""x"": 0.2426266685128211, ""v"": 0.047644990030676126, ""tau"": 1.0401391252720107, ""K"": 1, ""kappa"": 2.8999171894975007, ""theta"": 0.11956357572227717, ""sigma"": 0.7742991916835308, ""rho"": -0.582223430275917, ""r"": 0.05886710323393345, ""label"": ""sobol_84_4""}"
CORE_GRID,773,sobol_84_10,FAIL,"[""solver_error""]",UNRESOLVED,UNRESOLVED,"[""coverage_core.jsonl#grid_index=773""]","{""x"": -0.04881095811724667, ""v"": 0.06369195180013776, ""tau"": 1.2244157611821143, ""K"": 1, ""kappa"": 2.8999171894975007, ""theta"": 0.11956357572227717, ""sigma"": 0.7742991916835308, ""rho"": -0.582223430275917, ""r"": 0.05886710323393345, ""label"": ""sobol_84_10""}"
CORE_GRID,774,sobol_84_12,FAIL,"[""solver_error""]",UNRESOLVED,UNRESOLVED,"[""coverage_core.jsonl#grid_index=774""]","{""x"": 0.3605308100581168, ""v"": 0.1231961166486144, ""tau"": 0.15672921683151453, ""K"": 1, ""kappa"": 2.8999171894975007, ""theta"": 0.11956357572227717, ""sigma"": 0.7742991916835308, ""rho"": -0.582223430275917, ""r"": 0.05886710323393345, ""label"": ""sobol_84_12""}"
CORE_GRID,775,sobol_84_13,FAIL,"[""solver_error""]",UNRESOLVED,UNRESOLVED,"[""coverage_core.jsonl#grid_index=775""]","{""x"": -0.3442608498036861, ""v"": 0.1359241148456931, ""tau"": 1.6104768603478397, ""K"": 1, ""kappa"": 2.8999171894975007, ""theta"": 0.11956357572227717, ""sigma"": 0.7742991916835308, ""rho"": -0.582223430275917, ""r"": 0.05886710323393345, ""label"": ""sobol_84_13""}"
CORE_GRID,776,sobol_84_14,FAIL,"[""solver_error"", ""FD_uncertainty_budget_unresolved""]",UNRESOLVED,UNRESOLVED,"[""coverage_core.jsonl#grid_index=776""]","{""x"": -0.6711261369287967, ""v"": 0.04457662021741271, ""tau"": 0.9216451345137247, ""K"": 1, ""kappa"": 2.8999171894975007, ""theta"": 0.11956357572227717, ""sigma"": 0.7742991916835308, ""rho"": -0.582223430275917, ""r"": 0.05886710323393345, ""label"": ""sobol_84_14""}"
CORE_GRID,777,sobol_85_2,FAIL,"[""solver_error""]",UNRESOLVED,UNRESOLVED,"[""coverage_core.jsonl#grid_index=777""]","{""x"": -0.4366423107683658, ""v"": 0.1131792136002332, ""tau"": 0.6185350339371888, ""K"": 1, ""kappa"": 1.149866117630154, ""theta"": 0.06492464233189822, ""sigma"": 0.25234399549663067, ""rho"": -0.4094820827245712, ""r"": 0.008500570729374886, ""label"": ""sobol_85_2""}"
CORE_GRID,778,sobol_85_3,FAIL,"[""solver_error""]",UNRESOLVED,UNRESOLVED,"[""coverage_core.jsonl#grid_index=778""]","{""x"": 0.41598904430866246, ""v"": 0.13176703383214772, ""tau"": 1.1525347060339142, ""K"": 1, ""kappa"": 1.149866117630154, ""theta"": 0.06492464233189822, ""sigma"": 0.25234399549663067, ""rho"": -0.4094820827245712, ""r"": 0.008500570729374886, ""label"": ""sobol_85_3""}"
CORE_GRID,779,sobol_85_4,FAIL,"[""solver_error""]",UNRESOLVED,UNRESOLVED,"[""coverage_core.jsonl#grid_index=779""]","{""x"": 0.12960299849510193, ""v"": 0.07517304341308773, ""tau"": 1.514715711146386, ""K"": 1, ""kappa"": 1.149866117630154, ""theta"": 0.06492464233189822, ""sigma"": 0.25234399549663067, ""rho"": -0.4094820827245712, ""r"": 0.008500570729374886, ""label"": ""sobol_85_4""}"
CORE_GRID,780,sobol_85_10,FAIL,"[""solver_error""]",UNRESOLVED,UNRESOLVED,"[""coverage_core.jsonl#grid_index=780""]","{""x"": -0.1596142776310443, ""v"": 0.05961427348665893, ""tau"": 1.700821791235949, ""K"": 1, ""kappa"": 1.149866117630154, ""theta"": 0.06492464233189822, ""sigma"": 0.25234399549663067, ""rho"": -0.4094820827245712, ""r"": 0.008500570729374886, ""label"": ""sobol_85_10""}"
CORE_GRID,781,sobol_86_2,FAIL,"[""solver_error""]",UNRESOLVED,UNRESOLVED,"[""coverage_core.jsonl#grid_index=781""]","{""x"": -0.5095066398382186, ""v"": 0.08600486605428159, ""tau"": 1.976336549771654, ""K"": 1, ""kappa"": 1.5989743084646761, ""theta"": 0.07118978945538403, ""sigma"": 0.5432074532844126, ""rho"": -0.7369941368699073, ""r"": 0.029060715436935426, ""label"": ""sobol_86_2""}"
CORE_GRID,782,sobol_86_4,FAIL,"[""solver_error""]",UNRESOLVED,UNRESOLVED,"[""coverage_core.jsonl#grid_index=782""]","{""x"": 0.19778449460864067, ""v"": 0.10064222128130496, ""tau"": 0.9076801059944999, ""K"": 1, ""kappa"": 1.5989743084646761, ""theta"": 0.07118978945538403, ""sigma"": 0.5432074532844126, ""rho"": -0.7369941368699073, ""r"": 0.029060715436935426, ""label"": ""sobol_86_4""}"
CORE_GRID,783,sobol_86_5,FAIL,"[""solver_error""]",UNRESOLVED,UNRESOLVED,"[""coverage_core.jsonl#grid_index=783""]","{""x"": -0.22341343760490417, ""v"": 0.14260266185738146, ""tau"": 1.3643797236413413, ""K"": 1, ""kappa"": 1.5989743084646761, ""theta"": 0.07118978945538403, ""sigma"": 0.5432074532844126, ""rho"": -0.7369941368699073, ""r"": 0.029060715436935426, ""label"": ""sobol_86_5""}"
CORE_GRID,784,sobol_86_10,PASS,[],NOT_APPLICABLE_STRICT_PASS,NUMERICALLY_RESOLVED,"[""coverage_core.jsonl#grid_index=784""]","{""x"": -0.09189546704292306, ""v"": 0.02245876961387694, ""tau"": 0.8422728459358156, ""K"": 1, ""kappa"": 1.5989743084646761, ""theta"": 0.07118978945538403, ""sigma"": 0.5432074532844126, ""rho"": -0.7369941368699073, ""r"": 0.029060715436935426, ""label"": ""sobol_86_10""}"
CORE_GRID,785,sobol_86_12,FAIL,"[""solver_error""]",UNRESOLVED,UNRESOLVED,"[""coverage_core.jsonl#grid_index=785""]","{""x"": 0.39892781004309663, ""v"": 0.04089366621337831, ""tau"": 1.786209156825429, ""K"": 1, ""kappa"": 1.5989743084646761, ""theta"": 0.07118978945538403, ""sigma"": 0.5432074532844126, ""rho"": -0.7369941368699073, ""r"": 0.029060715436935426, ""label"": ""sobol_86_12""}"
CORE_GRID,786,sobol_86_15,FAIL,"[""solver_error""]",UNRESOLVED,UNRESOLVED,"[""coverage_core.jsonl#grid_index=786""]","{""x"": 0.6903731323778628, ""v"": 0.14005580288358033, ""tau"": 0.7460268585580504, ""K"": 1, ""kappa"": 1.5989743084646761, ""theta"": 0.07118978945538403, ""sigma"": 0.5432074532844126, ""rho"": -0.7369941368699073, ""r"": 0.029060715436935426, ""label"": ""sobol_86_15""}"
CORE_GRID,787,sobol_87_0,FAIL,"[""solver_error""]",UNRESOLVED,UNRESOLVED,"[""coverage_core.jsonl#grid_index=787""]","{""x"": 0.6331207416951656, ""v"": 0.11682214308530092, ""tau"": 1.750147421101463, ""K"": 1, ""kappa"": 3.3489203420467675, ""theta"": 0.025828201305121184, ""sigma"": 0.3713163492269814, ""rho"": -0.2580316856503486, ""r"": 0.07861670225858688, ""label"": ""sobol_87_0""}"
CORE_GRID,788,sobol_87_1,FAIL,"[""solver_error"", ""FD_uncertainty_budget_unresolved""]",UNRESOLVED,UNRESOLVED,"[""coverage_core.jsonl#grid_index=788""]","{""x"": -0.611867818236351, ""v"": 0.12759624142199755, ""tau"": 0.022780264461679117, ""K"": 1, ""kappa"": 3.3489203420467675, ""theta"": 0.025828201305121184, ""sigma"": 0.3713163492269814, ""rho"": -0.2580316856503486, ""r"": 0.07861670225858688, ""label"": ""sobol_87_1""}"
CORE_GRID,789,sobol_87_2,FAIL,"[""solver_error""]",UNRESOLVED,UNRESOLVED,"[""coverage_core.jsonl#grid_index=789""]","{""x"": -0.32265822440385816, ""v"": 0.03528726799413562, ""tau"": 1.452783048777501, ""K"": 1, ""kappa"": 3.3489203420467675, ""theta"": 0.025828201305121184, ""sigma"": 0.3713163492269814, ""rho"": -0.2580316856503486, ""r"": 0.07861670225858688, ""label"": ""sobol_87_2""}"
CORE_GRID,790,sobol_87_4,FAIL,"[""solver_error""]",UNRESOLVED,UNRESOLVED,"[""coverage_core.jsonl#grid_index=790""]","{""x"": 0.01093142107129097, ""v"": 0.02660062164068222, ""tau"": 0.4309028883553332, ""K"": 1, ""kappa"": 3.3489203420467675, ""theta"": 0.025828201305121184, ""sigma"": 0.3713163492269814, ""rho"": -0.2580316856503486, ""r"": 0.07861670225858688, ""label"": ""sobol_87_4""}"
CORE_GRID,791,sobol_87_10,FAIL,"[""solver_error""]",UNRESOLVED,UNRESOLVED,"[""coverage_core.jsonl#grid_index=791""]","{""x"": -0.2812154039740562, ""v"": 0.10429617948830128, ""tau"": 0.3675649215666843, ""K"": 1, ""kappa"": 3.3489203420467675, ""theta"": 0.025828201305121184, ""sigma"": 0.3713163492269814, ""rho"": -0.2580316856503486, ""r"": 0.07861670225858688, ""label"": ""sobol_87_10""}"
CORE_GRID,792,sobol_87_11,FAIL,"[""solver_error""]",UNRESOLVED,UNRESOLVED,"[""coverage_core.jsonl#grid_index=792""]","{""x"": 0.29250968769192687, ""v"": 0.15602185763418674, ""tau"": 1.900561631339351, ""K"": 1, ""kappa"": 3.3489203420467675, ""theta"": 0.025828201305121184, ""sigma"": 0.3713163492269814, ""rho"": -0.2580316856503486, ""r"": 0.07861670225858688, ""label"": ""sobol_87_11""}"
CORE_GRID,793,sobol_87_12,FAIL,"[""solver_error""]",UNRESOLVED,UNRESOLVED,"[""coverage_core.jsonl#grid_index=793""]","{""x"": 0.5882524229586124, ""v"": 0.08381640678271651, ""tau"": 1.2647287562297331, ""K"": 1, ""kappa"": 3.3489203420467675, ""theta"": 0.025828201305121184, ""sigma"": 0.3713163492269814, ""rho"": -0.2580316856503486, ""r"": 0.07861670225858688, ""label"": ""sobol_87_12""}"
CORE_GRID,794,sobol_87_13,FAIL,"[""solver_error""]",UNRESOLVED,UNRESOLVED,"[""coverage_core.jsonl#grid_index=794""]","{""x"": -0.5667226865887641, ""v"": 0.1570867351256311, ""tau"": 0.9722464145124254, ""K"": 1, ""kappa"": 3.3489203420467675, ""theta"": 0.025828201305121184, ""sigma"": 0.3713163492269814, ""rho"": -0.2580316856503486, ""r"": 0.07861670225858688, ""label"": ""sobol_87_13""}"
CORE_GRID,795,sobol_88_2,FAIL,"[""solver_error""]",UNRESOLVED,UNRESOLVED,"[""coverage_core.jsonl#grid_index=795""]","{""x"": -0.574455539882183, ""v"": 0.04600988398306072, ""tau"": 1.5050453465609324, ""K"": 1, ""kappa"": 3.297402577009052, ""theta"": 0.09779853865504266, ""sigma"": 0.5871775747276843, ""rho"": -0.4991459995508194, ""r"": 0.03268373228609562, ""label"": ""sobol_88_2""}"
CORE_GRID,796,sobol_88_4,FAIL,"[""solver_error""]",UNRESOLVED,UNRESOLVED,"[""coverage_core.jsonl#grid_index=796""]","{""x"": 0.2814810432493686, ""v"": 0.015634044306352735, ""tau"": 0.6244896337471252, ""K"": 1, ""kappa"": 3.297402577009052, ""theta"": 0.09779853865504266, ""sigma"": 0.5871775747276843, ""rho"": -0.4991459995508194, ""r"": 0.03268373228609562, ""label"": ""sobol_88_4""}"
CORE_GRID,797,sobol_88_10,FAIL,"[""solver_error""]",UNRESOLVED,UNRESOLVED,"[""coverage_core.jsonl#grid_index=797""]","{""x"": -0.026504673063755035, ""v"": 0.09565713000483811, ""tau"": 0.6898059986147379, ""K"": 1, ""kappa"": 3.297402577009052, ""theta"": 0.09779853865504266, ""sigma"": 0.5871775747276843, ""rho"": -0.4991459995508194, ""r"": 0.03268373228609562, ""label"": ""sobol_88_10""}"
CORE_GRID,798,sobol_88_11,FAIL,"[""solver_error""]",UNRESOLVED,UNRESOLVED,"[""coverage_core.jsonl#grid_index=798""]","{""x"": 0.0011618413031100339, ""v"": 0.1454901520628482, ""tau"": 1.0832149615947393, ""K"": 1, ""kappa"": 3.297402577009052, ""theta"": 0.09779853865504266, ""sigma"": 0.5871775747276843, ""rho"": -0.4991459995508194, ""r"": 0.03268373228609562, ""label"": ""sobol_88_11""}"
CORE_GRID,799,sobol_88_12,FAIL,"[""solver_error""]",UNRESOLVED,UNRESOLVED,"[""coverage_core.jsonl#grid_index=799""]","{""x"": 0.3147939629852772, ""v"": 0.09269941854290664, ""tau"": 1.69514180658873, ""K"": 1, ""kappa"": 3.297402577009052, ""theta"": 0.09779853865504266, ""sigma"": 0.5871775747276843, ""rho"": -0.4991459995508194, ""r"": 0.03268373228609562, ""label"": ""sobol_88_12""}"
CORE_GRID,800,sobol_88_14,FAIL,"[""solver_error""]",UNRESOLVED,UNRESOLVED,"[""coverage_core.jsonl#grid_index=800""]","{""x"": -0.6041444778442383, ""v"": 0.013118647271767259, ""tau"": 1.4913413926168153, ""K"": 1, ""kappa"": 3.297402577009052, ""theta"": 0.09779853865504266, ""sigma"": 0.5871775747276843, ""rho"": -0.4991459995508194, ""r"": 0.03268373228609562, ""label"": ""sobol_88_14""}"
CORE_GRID,801,sobol_89_2,FAIL,"[""solver_error""]",UNRESOLVED,UNRESOLVED,"[""coverage_core.jsonl#grid_index=801""]","{""x"": -0.3886280179023742, ""v"": 0.08123313868418336, ""tau"": 1.0459409380287286, ""K"": 1, ""kappa"": 1.5474587338976562, ""theta"": 0.04921467125415802, ""sigma"": 0.4145147365517914, ""rho"": -0.5218437999486923, ""r"": 0.06499362833797932, ""label"": ""sobol_89_2""}"
CORE_GRID,802,sobol_89_4,FAIL,"[""solver_error""]",UNRESOLVED,UNRESOLVED,"[""coverage_core.jsonl#grid_index=802""]","{""x"": 0.0956581436097621, ""v"": 0.10565826762467623, ""tau"": 0.08740571731450184, ""K"": 1, ""kappa"": 1.5474587338976562, ""theta"": 0.04921467125415802, ""sigma"": 0.4145147365517914, ""rho"": -0.5218437999486923, ""r"": 0.06499362833797932, ""label"": ""sobol_89_4""}"
CORE_GRID,803,sobol_89_5,FAIL,"[""solver_error""]",UNRESOLVED,UNRESOLVED,"[""coverage_core.jsonl#grid_index=803""]","{""x"": -0.08409607708454137, ""v"": 0.1496315272524953, ""tau"": 1.6817438320020244, ""K"": 1, ""kappa"": 1.5474587338976562, ""theta"": 0.04921467125415802, ""sigma"": 0.4145147365517914, ""rho"": -0.5218437999486923, ""r"": 0.06499362833797932, ""label"": ""sobol_89_5""}"
CORE_GRID,804,sobol_89_10,FAIL,"[""solver_error"", ""FD_uncertainty_budget_unresolved""]",UNRESOLVED,UNRESOLVED,"[""coverage_core.jsonl#grid_index=804""]","{""x"": -0.21451105177402496, ""v"": 0.029052763245999813, ""tau"": 0.15065278891207917, ""K"": 1, ""kappa"": 1.5474587338976562, ""theta"": 0.04921467125415802, ""sigma"": 0.4145147365517914, ""rho"": -0.5218437999486923, ""r"": 0.06499362833797932, ""label"": ""sobol_89_10""}"
CORE_GRID,805,sobol_89_12,FAIL,"[""solver_error""]",UNRESOLVED,UNRESOLVED,"[""coverage_core.jsonl#grid_index=805""]","{""x"": 0.5027957014739513, ""v"": 0.03405535267665982, ""tau"": 1.233964297658069, ""K"": 1, ""kappa"": 1.5474587338976562, ""theta"": 0.04921467125415802, ""sigma"": 0.4145147365517914, ""rho"": -0.5218437999486923, ""r"": 0.06499362833797932, ""label"": ""sobol_89_12""}"
CORE_GRID,806,sobol_90_2,FAIL,"[""solver_error""]",UNRESOLVED,UNRESOLVED,"[""coverage_core.jsonl#grid_index=806""]","{""x"": -0.4664042182266712, ""v"": 0.11801980435848236, ""tau"": 0.43688746930159156, ""K"": 1, ""kappa"": 1.203491363208741, ""theta"": 0.09294967928901315, ""sigma"": 0.7306738503277301, ""rho"": -0.24418007284402843, ""r"": 0.04256823003292084, ""label"": ""sobol_90_2""}"
CORE_GRID,807,sobol_90_3,FAIL,"[""solver_error""]",UNRESOLVED,UNRESOLVED,"[""coverage_core.jsonl#grid_index=807""]","{""x"": 0.4823560237884521, ""v"": 0.13849831372499466, ""tau"": 1.8292956114672716, ""K"": 1, ""kappa"": 1.203491363208741, ""theta"": 0.09294967928901315, ""sigma"": 0.7306738503277301, ""rho"": -0.24418007284402843, ""r"": 0.04256823003292084, ""label"": ""sobol_90_3""}"
CORE_GRID,808,sobol_90_4,FAIL,"[""solver_error""]",UNRESOLVED,UNRESOLVED,"[""coverage_core.jsonl#grid_index=808""]","{""x"": 0.17811721265316005, ""v"": 0.0700884903781116, ""tau"": 1.4432045311652242, ""K"": 1, ""kappa"": 1.203491363208741, ""theta"": 0.09294967928901315, ""sigma"": 0.7306738503277301, ""rho"": -0.24418007284402843, ""r"": 0.04256823003292084, ""label"": ""sobol_90_4""}"
CORE_GRID,809,sobol_90_10,FAIL,"[""solver_error""]",UNRESOLVED,UNRESOLVED,"[""coverage_core.jsonl#grid_index=809""]","{""x"": -0.13279832974076267, ""v"": 0.05293621635064483, ""tau"": 1.2589569246093373, ""K"": 1, ""kappa"": 1.203491363208741, ""theta"": 0.09294967928901315, ""sigma"": 0.7306738503277301, ""rho"": -0.24418007284402843, ""r"": 0.04256823003292084, ""label"": ""sobol_90_10""}"
CORE_GRID,810,sobol_91_0,FAIL,"[""solver_error""]",UNRESOLVED,UNRESOLVED,"[""coverage_core.jsonl#grid_index=810""]","{""x"": 0.6415818929672241, ""v"": 0.08537194947712123, ""tau"": 0.16397726063853102, ""K"": 1, ""kappa"": 2.9535437910817564, ""theta"": 0.04153378212824464, ""sigma"": 0.20811781845986843, ""rho"": -0.773098786175251, ""r"": 0.014799348413944244, ""label"": ""sobol_91_0""}"
CORE_GRID,811,sobol_91_1,FAIL,"[""solver_error""]",UNRESOLVED,UNRESOLVED,"[""coverage_core.jsonl#grid_index=811""]","{""x"": -0.6622212834656238, ""v"": 0.1585810340475291, ""tau"": 1.5719184867653346, ""K"": 1, ""kappa"": 2.9535437910817564, ""theta"": 0.04153378212824464, ""sigma"": 0.20811781845986843, ""rho"": -0.773098786175251, ""r"": 0.014799348413944244, ""label"": ""sobol_91_1""}"
CORE_GRID,812,sobol_91_4,FAIL,"[""solver_error""]",UNRESOLVED,UNRESOLVED,"[""coverage_core.jsonl#grid_index=812""]","{""x"": 0.06377969831228247, ""v"": 0.058558320393785834, ""tau"": 1.981986553282551, ""K"": 1, ""kappa"": 2.9535437910817564, ""theta"": 0.04153378212824464, ""sigma"": 0.20811781845986843, ""rho"": -0.773098786175251, ""r"": 0.014799348413944244, ""label"": ""sobol_91_4""}"
CORE_GRID,813,sobol_91_10,PASS,[],NOT_APPLICABLE_STRICT_PASS,NUMERICALLY_RESOLVED,"[""coverage_core.jsonl#grid_index=813""]","{""x"": -0.24463153705000873, ""v"": 0.07229271507821977, ""tau"": 1.7959095025472047, ""K"": 1, ""kappa"": 2.9535437910817564, ""theta"": 0.04153378212824464, ""sigma"": 0.20811781845986843, ""rho"": -0.773098786175251, ""r"": 0.014799348413944244, ""label"": ""sobol_91_10""}"
CORE_GRID,814,sobol_91_12,FAIL,"[""solver_error""]",UNRESOLVED,UNRESOLVED,"[""coverage_core.jsonl#grid_index=814""]","{""x"": 0.5376036956906318, ""v"": 0.11435103439725935, ""tau"": 0.8364100930990562, ""K"": 1, ""kappa"": 2.9535437910817564, ""theta"": 0.04153378212824464, ""sigma"": 0.20811781845986843, ""rho"": -0.773098786175251, ""r"": 0.014799348413944244, ""label"": ""sobol_91_12""}"
CORE_GRID,815,sobol_91_13,FAIL,"[""solver_error""]",UNRESOLVED,UNRESOLVED,"[""coverage_core.jsonl#grid_index=815""]","{""x"": -0.5585567884147167, ""v"": 0.12506436579860747, ""tau"": 1.4336985162984106, ""K"": 1, ""kappa"": 2.9535437910817564, ""theta"": 0.04153378212824464, ""sigma"": 0.20811781845986843, ""rho"": -0.773098786175251, ""r"": 0.014799348413944244, ""label"": ""sobol_91_13""}"
CORE_GRID,816,sobol_92_2,FAIL,"[""solver_error"", ""FD_uncertainty_budget_unresolved""]",UNRESOLVED,UNRESOLVED,"[""coverage_core.jsonl#grid_index=816""]","{""x"": -0.5276891335844993, ""v"": 0.0667381496168673, ""tau"": 0.7553712619387264, ""K"": 1, ""kappa"": 2.568965445738286, ""theta"": 0.07980200162157416, ""sigma"": 0.29444212894886734, ""rho"": -0.8364813029766083, ""r"": 0.0028413766622543335, ""label"": ""sobol_92_2""}"
CORE_GRID,817,sobol_92_4,FAIL,"[""solver_error""]",UNRESOLVED,UNRESOLVED,"[""coverage_core.jsonl#grid_index=817""]","{""x"": 0.25346692577004437, ""v"": 0.12039340380579233, ""tau"": 1.869836498842767, ""K"": 1, ""kappa"": 2.568965445738286, ""theta"": 0.07980200162157416, ""sigma"": 0.29444212894886734, ""rho"": -0.8364813029766083, ""r"": 0.0028413766622543335, ""label"": ""sobol_92_4""}"
CORE_GRID,818,sobol_92_5,FAIL,"[""solver_error""]",UNRESOLVED,UNRESOLVED,"[""coverage_core.jsonl#grid_index=818""]","{""x"": -0.24159607440233233, ""v"": 0.13891898188740015, ""tau"": 0.40025881534841445, ""K"": 1, ""kappa"": 2.568965445738286, ""theta"": 0.07980200162157416, ""sigma"": 0.29444212894886734, ""rho"": -0.8364813029766083, ""r"": 0.0028413766622543335, ""label"": ""sobol_92_5""}"
CORE_GRID,819,sobol_92_10,FAIL,"[""solver_error""]",UNRESOLVED,UNRESOLVED,"[""coverage_core.jsonl#grid_index=819""]","{""x"": -0.07371257096529016, ""v"": 0.010474312119185925, ""tau"": 1.9312218883599612, ""K"": 1, ""kappa"": 2.568965445738286, ""theta"": 0.07980200162157416, ""sigma"": 0.29444212894886734, ""rho"": -0.8364813029766083, ""r"": 0.0028413766622543335, ""label"": ""sobol_92_10""}"
CORE_GRID,820,sobol_92_12,FAIL,"[""solver_error""]",UNRESOLVED,UNRESOLVED,"[""coverage_core.jsonl#grid_index=820""]","{""x"": 0.3432449944317342, ""v"": 0.05239365668967366, ""tau"": 0.9414796322539803, ""K"": 1, ""kappa"": 2.568965445738286, ""theta"": 0.07980200162157416, ""sigma"": 0.29444212894886734, ""rho"": -0.8364813029766083, ""r"": 0.0028413766622543335, ""label"": ""sobol_92_12""}"
CORE_GRID,821,sobol_92_14,FAIL,"[""solver_error"", ""FD_uncertainty_budget_unresolved""]",UNRESOLVED,UNRESOLVED,"[""coverage_core.jsonl#grid_index=821""]","{""x"": -0.651496535539627, ""v"": 0.09974980168044567, ""tau"": 0.23863522559108713, ""K"": 1, ""kappa"": 2.568965445738286, ""theta"": 0.07980200162157416, ""sigma"": 0.29444212894886734, ""rho"": -0.8364813029766083, ""r"": 0.0028413766622543335, ""label"": ""sobol_92_14""}"
CORE_GRID,822,sobol_92_15,FAIL,"[""solver_error""]",UNRESOLVED,UNRESOLVED,"[""coverage_core.jsonl#grid_index=822""]","{""x"": 0.672154151648283, ""v"": 0.14372397027909756, ""tau"": 1.5284642222492646, ""K"": 1, ""kappa"": 2.568965445738286, ""theta"": 0.07980200162157416, ""sigma"": 0.29444212894886734, ""rho"": -0.8364813029766083, ""r"": 0.0028413766622543335, ""label"": ""sobol_92_15""}"
CORE_GRID,823,sobol_93_2,FAIL,"[""solver_error"", ""FD_uncertainty_budget_unresolved""]",UNRESOLVED,UNRESOLVED,"[""coverage_core.jsonl#grid_index=823""]","{""x"": -0.4170129239559174, ""v"": 0.055072572780773044, ""tau"": 0.2961353810674082, ""K"": 1, ""kappa"": 0.8190127625130117, ""theta"": 0.028190885838121175, ""sigma"": 0.46695141512900584, ""rho"": -0.15913046598434444, ""r"": 0.05452623039484024, ""label"": ""sobol_93_2""}"
CORE_GRID,824,sobol_93_10,PASS,[],NOT_APPLICABLE_STRICT_PASS,NUMERICALLY_RESOLVED,"[""coverage_core.jsonl#grid_index=824""]","{""x"": -0.18686110675334922, ""v"": 0.11576163140125573, ""tau"": 1.3921963289964, ""K"": 1, ""kappa"": 0.8190127625130117, ""theta"": 0.028190885838121175, ""sigma"": 0.46695141512900584, ""rho"": -0.15913046598434444, ""r"": 0.05452623039484024, ""label"": ""sobol_93_10""}"
CORE_GRID,825,sobol_93_11,FAIL,"[""solver_error""]",UNRESOLVED,UNRESOLVED,"[""coverage_core.jsonl#grid_index=825""]","{""x"": 0.1606551669538021, ""v"": 0.12842786428518593, ""tau"": 0.8740266968777018, ""K"": 1, ""kappa"": 0.8190127625130117, ""theta"": 0.028190885838121175, ""sigma"": 0.46695141512900584, ""rho"": -0.15913046598434444, ""r"": 0.05452623039484024, ""label"": ""sobol_93_11""}"
CORE_GRID,826,sobol_93_12,FAIL,"[""solver_error""]",UNRESOLVED,UNRESOLVED,"[""coverage_core.jsonl#grid_index=826""]","{""x"": 0.45639804527163497, ""v"": 0.07185885938815773, ""tau"": 0.4804183522771512, ""K"": 1, ""kappa"": 0.8190127625130117, ""theta"": 0.028190885838121175, ""sigma"": 0.46695141512900584, ""rho"": -0.15913046598434444, ""r"": 0.05452623039484024, ""label"": ""sobol_93_12""}"
CORE_GRID,827,sobol_94_2,FAIL,"[""solver_error""]",UNRESOLVED,UNRESOLVED,"[""coverage_core.jsonl#grid_index=827""]","{""x"": -0.4939786322414875, ""v"": 0.019104382256045938, ""tau"": 1.1841743728663359, ""K"": 1, ""kappa"": 1.9319563447497785, ""theta"": 0.10944944944232703, ""sigma"": 0.15353070003911853, ""rho"": -0.6819060012698174, ""r"": 0.07303558565676213, ""label"": ""sobol_94_2""}"
CORE_GRID,828,sobol_94_4,FAIL,"[""solver_error""]",UNRESOLVED,UNRESOLVED,"[""coverage_core.jsonl#grid_index=828""]","{""x"": 0.2244439154863358, ""v"": 0.04351592971943319, ""tau"": 0.1934527069485436, ""K"": 1, ""kappa"": 1.9319563447497785, ""theta"": 0.10944944944232703, ""sigma"": 0.15353070003911853, ""rho"": -0.6819060012698174, ""r"": 0.07303558565676213, ""label"": ""sobol_94_4""}"
CORE_GRID,829,sobol_94_10,FAIL,"[""solver_error"", ""FD_uncertainty_budget_unresolved""]",UNRESOLVED,UNRESOLVED,"[""coverage_core.jsonl#grid_index=829""]","{""x"": -0.10449353232979774, ""v"": 0.09130429080687463, ""tau"": 0.005392138587517871, ""K"": 1, ""kappa"": 1.9319563447497785, ""theta"": 0.10944944944232703, ""sigma"": 0.15353070003911853, ""rho"": -0.6819060012698174, ""r"": 0.07303558565676213, ""label"": ""sobol_94_10""}"
CORE_GRID,830,sobol_94_12,FAIL,"[""solver_error""]",UNRESOLVED,UNRESOLVED,"[""coverage_core.jsonl#grid_index=830""]","{""x"": 0.3787134468555451, ""v"": 0.09607587405480444, ""tau"": 1.1208424439454185, ""K"": 1, ""kappa"": 1.9319563447497785, ""theta"": 0.10944944944232703, ""sigma"": 0.15353070003911853, ""rho"": -0.6819060012698174, ""r"": 0.07303558565676213, ""label"": ""sobol_94_12""}"
CORE_GRID,831,sobol_94_13,FAIL,"[""solver_error""]",UNRESOLVED,UNRESOLVED,"[""coverage_core.jsonl#grid_index=831""]","{""x"": -0.3999432809650898, ""v"": 0.1478618572000414, ""tau"": 0.6482975578068623, ""K"": 1, ""kappa"": 1.9319563447497785, ""theta"": 0.10944944944232703, ""sigma"": 0.15353070003911853, ""rho"": -0.6819060012698174, ""r"": 0.07303558565676213, ""label"": ""sobol_94_13""}"
CORE_GRID,832,sobol_94_14,FAIL,"[""solver_error""]",UNRESOLVED,UNRESOLVED,"[""coverage_core.jsonl#grid_index=832""]","{""x"": -0.6893446438014507, ""v"": 0.04872071626596153, ""tau"": 1.821516898944826, ""K"": 1, ""kappa"": 1.9319563447497785, ""theta"": 0.10944944944232703, ""sigma"": 0.15353070003911853, ""rho"": -0.6819060012698174, ""r"": 0.07303558565676213, ""label"": ""sobol_94_14""}"
CORE_GRID,833,sobol_95_0,FAIL,"[""solver_error""]",UNRESOLVED,UNRESOLVED,"[""coverage_core.jsonl#grid_index=833""]","{""x"": 0.6129065930843354, ""v"": 0.05872167507186532, ""tau"": 1.4103025577385866, ""K"": 1, ""kappa"": 3.682014066260308, ""theta"": 0.061060991398990155, ""sigma"": 0.6762322313152253, ""rho"": -0.31077607721090317, ""r"": 0.02464174635708332, ""label"": ""sobol_95_0""}"
CORE_GRID,834,sobol_95_2,PASS,[],NOT_APPLICABLE_STRICT_PASS,NUMERICALLY_RESOLVED,"[""coverage_core.jsonl#grid_index=834""]","{""x"": -0.30478779003024103, ""v"": 0.10902371630072594, ""tau"": 1.6451081066052355, ""K"": 1, ""kappa"": 3.682014066260308, ""theta"": 0.061060991398990155, ""sigma"": 0.6762322313152253, ""rho"": -0.31077607721090317, ""r"": 0.02464174635708332, ""label"": ""sobol_95_2""}"
CORE_GRID,835,sobol_95_3,FAIL,"[""solver_error""]",UNRESOLVED,UNRESOLVED,"[""coverage_core.jsonl#grid_index=835""]","{""x"": 0.3216347470879555, ""v"": 0.15104398503899574, ""tau"": 0.12795666532428374, ""K"": 1, ""kappa"": 3.682014066260308, ""theta"": 0.061060991398990155, ""sigma"": 0.6762322313152253, ""rho"": -0.31077607721090317, ""r"": 0.02464174635708332, ""label"": ""sobol_95_3""}"
CORE_GRID,836,sobol_95_4,FAIL,"[""solver_error""]",UNRESOLVED,UNRESOLVED,"[""coverage_core.jsonl#grid_index=836""]","{""x"": 0.03524855822324757, ""v"": 0.07884407369419932, ""tau"": 0.7323621414594411, ""K"": 1, ""kappa"": 3.682014066260308, ""theta"": 0.061060991398990155, ""sigma"": 0.6762322313152253, ""rho"": -0.31077607721090317, ""r"": 0.02464174635708332, ""label"": ""sobol_95_4""}"
CORE_GRID,837,sobol_95_10,FAIL,"[""solver_error""]",UNRESOLVED,UNRESOLVED,"[""coverage_core.jsonl#grid_index=837""]","{""x"": -0.29146889671683307, ""v"": 0.032521003391593695, ""tau"": 0.5422325177739064, ""K"": 1, ""kappa"": 3.682014066260308, ""theta"": 0.061060991398990155, ""sigma"": 0.6762322313152253, ""rho"": -0.31077607721090317, ""r"": 0.02464174635708332, ""label"": ""sobol_95_10""}"
CORE_GRID,838,sobol_95_12,FAIL,"[""solver_error""]",UNRESOLVED,UNRESOLVED,"[""coverage_core.jsonl#grid_index=838""]","{""x"": 0.5656933441758156, ""v"": 0.029610728845000267, ""tau"": 1.5797033152313873, ""K"": 1, ""kappa"": 3.682014066260308, ""theta"": 0.061060991398990155, ""sigma"": 0.6762322313152253, ""rho"": -0.31077607721090317, ""r"": 0.02464174635708332, ""label"": ""sobol_95_12""}"
CORE_GRID,839,sobol_96_2,FAIL,"[""solver_error""]",UNRESOLVED,UNRESOLVED,"[""coverage_core.jsonl#grid_index=839""]","{""x"": -0.590465198457241, ""v"": 0.07540536159649491, ""tau"": 1.713825629506674, ""K"": 1, ""kappa"": 3.764312465675175, ""theta"": 0.07710234129801392, ""sigma"": 0.5220382711850107, ""rho"": -0.2746890649199486, ""r"": 0.05577332824468613, ""label"": ""sobol_96_2""}"
CORE_GRID,840,sobol_96_4,FAIL,"[""solver_error""]",UNRESOLVED,UNRESOLVED,"[""coverage_core.jsonl#grid_index=840""]","{""x"": 0.27874527946114536, ""v"": 0.11148252803832293, ""tau"": 0.6616954877787816, ""K"": 1, ""kappa"": 3.764312465675175, ""theta"": 0.07710234129801392, ""sigma"": 0.5220382711850107, ""rho"": -0.2746890649199486, ""r"": 0.05577332824468613, ""label"": ""sobol_96_4""}"
CORE_GRID,841,sobol_96_5,FAIL,"[""solver_error""]",UNRESOLVED,UNRESOLVED,"[""coverage_core.jsonl#grid_index=841""]","{""x"": -0.29501530677080157, ""v"": 0.13196120131760836, ""tau"": 1.0781996777754217, ""K"": 1, ""kappa"": 3.764312465675175, ""theta"": 0.07710234129801392, ""sigma"": 0.5220382711850107, ""rho"": -0.2746890649199486, ""r"": 0.05577332824468613, ""label"": ""sobol_96_5""}"
CORE_GRID,842,sobol_96_12,FAIL,"[""solver_error""]",UNRESOLVED,UNRESOLVED,"[""coverage_core.jsonl#grid_index=842""]","{""x"": 0.32044099643826485, ""v"": 0.05935191409662366, ""tau"": 1.5256127797266734, ""K"": 1, ""kappa"": 3.764312465675175, ""theta"": 0.07710234129801392, ""sigma"": 0.5220382711850107, ""rho"": -0.2746890649199486, ""r"": 0.05577332824468613, ""label"": ""sobol_96_12""}"
CORE_GRID,843,sobol_96_14,FAIL,"[""solver_error""]",UNRESOLVED,UNRESOLVED,"[""coverage_core.jsonl#grid_index=843""]","{""x"": -0.6356320917606354, ""v"": 0.10866115428507328, ""tau"": 1.290892891249516, ""K"": 1, ""kappa"": 3.764312465675175, ""theta"": 0.07710234129801392, ""sigma"": 0.5220382711850107, ""rho"": -0.2746890649199486, ""r"": 0.05577332824468613, ""label"": ""sobol_96_14""}"
CORE_GRID,844,sobol_96_15,FAIL,"[""solver_error""]",UNRESOLVED,UNRESOLVED,"[""coverage_core.jsonl#grid_index=844""]","{""x"": 0.6093942515552044, ""v"": 0.15068222768604755, ""tau"": 0.9440221471253724, ""K"": 1, ""kappa"": 3.764312465675175, ""theta"": 0.07710234129801392, ""sigma"": 0.5220382711850107, ""rho"": -0.2746890649199486, ""r"": 0.05577332824468613, ""label"": ""sobol_96_15""}"
CORE_GRID,845,sobol_97_1,FAIL,"[""solver_error"", ""FD_uncertainty_budget_unresolved""]",UNRESOLVED,UNRESOLVED,"[""coverage_core.jsonl#grid_index=845""]","{""x"": -0.6928478345274925, ""v"": 0.14800331206060946, ""tau"": 0.29895544452370987, ""K"": 1, ""kappa"": 2.0143619468435645, ""theta"": 0.03242482224479318, ""sigma"": 0.3501030917279422, ""rho"": -0.7457273885607719, ""r"": 0.006589078903198243, ""label"": ""sobol_97_1""}"
CORE_GRID,846,sobol_97_2,FAIL,"[""solver_error""]",UNRESOLVED,UNRESOLVED,"[""coverage_core.jsonl#grid_index=846""]","{""x"": -0.4011461913585662, ""v"": 0.04787016729824245, ""tau"": 1.2392394142742786, ""K"": 1, ""kappa"": 2.0143619468435645, ""theta"": 0.03242482224479318, ""sigma"": 0.3501030917279422, ""rho"": -0.7457273885607719, ""r"": 0.006589078903198243, ""label"": ""sobol_97_2""}"
CORE_GRID,847,sobol_97_4,FAIL,"[""solver_error""]",UNRESOLVED,UNRESOLVED,"[""coverage_core.jsonl#grid_index=847""]","{""x"": 0.08942173942923537, ""v"": 0.013776920037344098, ""tau"": 0.14033679631982177, ""K"": 1, ""kappa"": 2.0143619468435645, ""theta"": 0.03242482224479318, ""sigma"": 0.3501030917279422, ""rho"": -0.7457273885607719, ""r"": 0.006589078903198243, ""label"": ""sobol_97_4""}"
CORE_GRID,848,sobol_97_10,FAIL,"[""solver_error""]",UNRESOLVED,UNRESOLVED,"[""coverage_core.jsonl#grid_index=848""]","{""x"": -0.2002534836530685, ""v"": 0.12491665524430573, ""tau"": 0.07508428636494846, ""K"": 1, ""kappa"": 2.0143619468435645, ""theta"": 0.03242482224479318, ""sigma"": 0.3501030917279422, ""rho"": -0.7457273885607719, ""r"": 0.006589078903198243, ""label"": ""sobol_97_10""}"
CORE_GRID,849,sobol_97_11,FAIL,"[""solver_error""]",UNRESOLVED,UNRESOLVED,"[""coverage_core.jsonl#grid_index=849""]","{""x"": 0.2209066651761531, ""v"": 0.13562979293055832, ""tau"": 1.660947023066766, ""K"": 1, ""kappa"": 2.0143619468435645, ""theta"": 0.03242482224479318, ""sigma"": 0.3501030917279422, ""rho"": -0.7457273885607719, ""r"": 0.006589078903198243, ""label"": ""sobol_97_11""}"
CORE_GRID,850,sobol_97_12,FAIL,"[""solver_error""]",UNRESOLVED,UNRESOLVED,"[""coverage_core.jsonl#grid_index=850""]","{""x"": 0.5072927109897136, ""v"": 0.06343578058294952, ""tau"": 1.049201165388767, ""K"": 1, ""kappa"": 2.0143619468435645, ""theta"": 0.03242482224479318, ""sigma"": 0.3501030917279422, ""rho"": -0.7457273885607719, ""r"": 0.006589078903198243, ""label"": ""sobol_97_12""}"
CORE_GRID,851,sobol_98_2,FAIL,"[""solver_error"", ""FD_uncertainty_budget_unresolved""]",UNRESOLVED,UNRESOLVED,"[""coverage_core.jsonl#grid_index=851""]","{""x"": -0.46882845237851145, ""v"": 0.026306273648515344, ""tau"": 0.34925798391405904, ""K"": 1, ""kappa"": 0.7346855765208602, ""theta"": 0.11365972578525545, ""sigma"": 0.6655872927978634, ""rho"": -0.42030898332595823, ""r"": 0.02588976450264454, ""label"": ""sobol_98_2""}"
CORE_GRID,852,sobol_98_4,FAIL,"[""solver_error""]",UNRESOLVED,UNRESOLVED,"[""coverage_core.jsonl#grid_index=852""]","{""x"": 0.16179602444171914, ""v"": 0.03704598336480558, ""tau"": 1.2775684120872663, ""K"": 1, ""kappa"": 0.7346855765208602, ""theta"": 0.11365972578525545, ""sigma"": 0.6655872927978634, ""rho"": -0.42030898332595823, ""r"": 0.02588976450264454, ""label"": ""sobol_98_4""}"
CORE_GRID,853,sobol_98_10,PASS,[],NOT_APPLICABLE_STRICT_PASS,NUMERICALLY_RESOLVED,"[""coverage_core.jsonl#grid_index=853""]","{""x"": -0.12742570415139198, ""v"": 0.08214876777492464, ""tau"": 1.463829071257293, ""K"": 1, ""kappa"": 0.7346855765208602, ""theta"": 0.11365972578525545, ""sigma"": 0.6655872927978634, ""rho"": -0.42030898332595823, ""r"": 0.02588976450264454, ""label"": ""sobol_98_10""}"
CORE_GRID,854,sobol_98_11,FAIL,"[""solver_error""]",UNRESOLVED,UNRESOLVED,"[""coverage_core.jsonl#grid_index=854""]","{""x"": 0.1439911276102066, ""v"": 0.1573119459208101, ""tau"": 0.8043475171314582, ""K"": 1, ""kappa"": 0.7346855765208602, ""theta"": 0.11365972578525545, ""sigma"": 0.6655872927978634, ""rho"": -0.42030898332595823, ""r"": 0.02588976450264454, ""label"": ""sobol_98_11""}"
CORE_GRID,855,sobol_98_12,FAIL,"[""solver_error""]",UNRESOLVED,UNRESOLVED,"[""coverage_core.jsonl#grid_index=855""]","{""x"": 0.4391479074954987, ""v"": 0.10449849837459624, ""tau"": 0.41073474079547895, ""K"": 1, ""kappa"": 0.7346855765208602, ""theta"": 0.11365972578525545, ""sigma"": 0.6655872927978634, ""rho"": -0.42030898332595823, ""r"": 0.02588976450264454, ""label"": ""sobol_98_12""}"
CORE_GRID,856,sobol_98_13,FAIL,"[""solver_error""]",UNRESOLVED,UNRESOLVED,"[""coverage_core.jsonl#grid_index=856""]","{""x"": -0.41351890638470645, ""v"": 0.15433132671751082, ""tau"": 1.826220985335697, ""K"": 1, ""kappa"": 0.7346855765208602, ""theta"": 0.11365972578525545, ""sigma"": 0.6655872927978634, ""rho"": -0.42030898332595823, ""r"": 0.02588976450264454, ""label"": ""sobol_98_13""}"
CORE_GRID,857,sobol_99_0,FAIL,"[""solver_error""]",UNRESOLVED,UNRESOLVED,"[""coverage_core.jsonl#grid_index=857""]","{""x"": 0.6733387649059295, ""v"": 0.05200805747881532, ""tau"": 0.12322114038074182, ""K"": 1, ""kappa"": 2.4847446801140904, ""theta"": 0.05833767697215081, ""sigma"": 0.1436734599992633, ""rho"": -0.5975684106349946, ""r"": 0.07678299702703953, ""label"": ""sobol_99_0""}"
CORE_GRID,858,sobol_99_2,PASS,[],NOT_APPLICABLE_STRICT_PASS,NUMERICALLY_RESOLVED,"[""coverage_core.jsonl#grid_index=858""]","{""x"": -0.35802405998110765, ""v"": 0.10035694390535355, ""tau"": 0.8260293793236275, ""K"": 1, ""kappa"": 2.4847446801140904, ""theta"": 0.05833767697215081, ""sigma"": 0.1436734599992633, ""rho"": -0.5975684106349946, ""r"": 0.07678299702703953, ""label"": ""sobol_99_2""}"
CORE_GRID,859,sobol_99_3,FAIL,"[""solver_error""]",UNRESOLVED,UNRESOLVED,"[""coverage_core.jsonl#grid_index=859""]","{""x"": 0.3467298522591591, ""v"": 0.14433036744594574, ""tau"": 1.4148595491793776, ""K"": 1, ""kappa"": 2.4847446801140904, ""theta"": 0.05833767697215081, ""sigma"": 0.1436734599992633, ""rho"": -0.5975684106349946, ""r"": 0.07678299702703953, ""label"": ""sobol_99_3""}"
CORE_GRID,860,sobol_99_4,FAIL,"[""solver_error""]",UNRESOLVED,UNRESOLVED,"[""coverage_core.jsonl#grid_index=860""]","{""x"": 0.0509871169924736, ""v"": 0.08775546355172992, ""tau"": 1.8011275122370867, ""K"": 1, ""kappa"": 2.4847446801140904, ""theta"": 0.05833767697215081, ""sigma"": 0.1436734599992633, ""rho"": -0.5975684106349946, ""r"": 0.07678299702703953, ""label"": ""sobol_99_4""}"
CORE_GRID,861,sobol_99_10,FAIL,"[""solver_error""]",UNRESOLVED,UNRESOLVED,"[""coverage_core.jsonl#grid_index=861""]","{""x"": -0.2404460571706295, ""v"": 0.0392350978218019, ""tau"": 1.9853191160826043, ""K"": 1, ""kappa"": 2.4847446801140904, ""theta"": 0.05833767697215081, ""sigma"": 0.1436734599992633, ""rho"": -0.5975684106349946, ""r"": 0.07678299702703953, ""label"": ""sobol_99_10""}"
CORE_GRID,862,sobol_99_12,FAIL,"[""solver_error""]",UNRESOLVED,UNRESOLVED,"[""coverage_core.jsonl#grid_index=862""]","{""x"": 0.5521727934479714, ""v"": 0.022652970626950264, ""tau"": 0.8854332737521164, ""K"": 1, ""kappa"": 2.4847446801140904, ""theta"": 0.05833767697215081, ""sigma"": 0.1436734599992633, ""rho"": -0.5975684106349946, ""r"": 0.07678299702703953, ""label"": ""sobol_99_12""}"
CORE_GRID,863,sobol_100_2,FAIL,"[""solver_error""]",UNRESOLVED,UNRESOLVED,"[""coverage_core.jsonl#grid_index=863""]","{""x"": -0.5620874091982841, ""v"": 0.03758678282611072, ""tau"": 0.9673858194515877, ""K"": 1, ""kappa"": 2.9751730104908347, ""theta"": 0.09971695195883513, ""sigma"": 0.40469736568629744, ""rho"": -0.6123047426342965, ""r"": 0.06624102659523487, ""label"": ""sobol_100_2""}"
CORE_GRID,864,sobol_100_4,FAIL,"[""solver_error""]",UNRESOLVED,UNRESOLVED,"[""coverage_core.jsonl#grid_index=864""]","{""x"": 0.23161062374711028, ""v"": 0.02478909050114453, ""tau"": 1.9103565771384017, ""K"": 1, ""kappa"": 2.9751730104908347, ""theta"": 0.09971695195883513, ""sigma"": 0.40469736568629744, ""rho"": -0.6123047426342965, ""r"": 0.06624102659523487, ""label"": ""sobol_100_4""}"
CORE_GRID,865,sobol_100_10,PASS,[],NOT_APPLICABLE_STRICT_PASS,NUMERICALLY_RESOLVED,"[""coverage_core.jsonl#grid_index=865""]","{""x"": -0.04105419069528571, ""v"": 0.10212659952230752, ""tau"": 1.8509784700563325, ""K"": 1, ""kappa"": 2.9751730104908347, ""theta"": 0.09971695195883513, ""sigma"": 0.40469736568629744, ""rho"": -0.6123047426342965, ""r"": 0.06624102659523487, ""label"": ""sobol_100_10""}"
CORE_GRID,866,sobol_100_11,FAIL,"[""solver_error""]",UNRESOLVED,UNRESOLVED,"[""coverage_core.jsonl#grid_index=866""]","{""x"": 0.062602237612009, ""v"": 0.15391277638264, ""tau"": 0.3898590324697868, ""K"": 1, ""kappa"": 2.9751730104908347, ""theta"": 0.09971695195883513, ""sigma"": 0.40469736568629744, ""rho"": -0.6123047426342965, ""r"": 0.06624102659523487, ""label"": ""sobol_100_11""}"
CORE_GRID,867,sobol_100_12,FAIL,"[""solver_error""]",UNRESOLVED,UNRESOLVED,"[""coverage_core.jsonl#grid_index=867""]","{""x"": 0.36684119179844865, ""v"": 0.08549705031327903, ""tau"": 0.7832904943146758, ""K"": 1, ""kappa"": 2.9751730104908347, ""theta"": 0.09971695195883513, ""sigma"": 0.40469736568629744, ""rho"": -0.6123047426342965, ""r"": 0.06624102659523487, ""label"": ""sobol_100_12""}"
CORE_GRID,868,sobol_100_13,FAIL,"[""solver_error""]",UNRESOLVED,UNRESOLVED,"[""coverage_core.jsonl#grid_index=868""]","{""x"": -0.35556521862745283, ""v"": 0.15870723756961524, ""tau"": 1.488770725815335, ""K"": 1, ""kappa"": 2.9751730104908347, ""theta"": 0.09971695195883513, ""sigma"": 0.40469736568629744, ""rho"": -0.6123047426342965, ""r"": 0.06624102659523487, ""label"": ""sobol_100_13""}"
CORE_GRID,869,sobol_101_2,FAIL,"[""solver_error""]",UNRESOLVED,UNRESOLVED,"[""coverage_core.jsonl#grid_index=869""]","{""x"": -0.4479100584983825, ""v"": 0.08819137373939157, ""tau"": 0.4929310616867114, ""K"": 1, ""kappa"": 1.2252270029857755, ""theta"": 0.04576199378818274, ""sigma"": 0.5764816634356975, ""rho"": -0.38348974138498304, ""r"": 0.03643174447119236, ""label"": ""sobol_101_2""}"
CORE_GRID,870,sobol_101_4,FAIL,"[""solver_error""]",UNRESOLVED,UNRESOLVED,"[""coverage_core.jsonl#grid_index=870""]","{""x"": 0.11743789538741112, ""v"": 0.09894465003162622, ""tau"": 1.3891103075048516, ""K"": 1, ""kappa"": 1.2252270029857755, ""theta"": 0.04576199378818274, ""sigma"": 0.5764816634356975, ""rho"": -0.38348974138498304, ""r"": 0.03643174447119236, ""label"": ""sobol_101_4""}"
CORE_GRID,871,sobol_101_5,PASS,[],NOT_APPLICABLE_STRICT_PASS,NUMERICALLY_RESOLVED,"[""coverage_core.jsonl#grid_index=871""]","{""x"": -0.13398495018482204, ""v"": 0.1409647548571229, ""tau"": 0.8478625804474134, ""K"": 1, ""kappa"": 1.2252270029857755, ""theta"": 0.04576199378818274, ""sigma"": 0.5764816634356975, ""rho"": -0.38348974138498304, ""r"": 0.03643174447119236, ""label"": ""sobol_101_5""}"
CORE_GRID,872,sobol_101_10,PASS,[],NOT_APPLICABLE_STRICT_PASS,NUMERICALLY_RESOLVED,"[""coverage_core.jsonl#grid_index=872""]","{""x"": -0.15305220186710367, ""v"": 0.020141850225627422, ""tau"": 1.327662907152747, ""K"": 1, ""kappa"": 1.2252270029857755, ""theta"": 0.04576199378818274, ""sigma"": 0.5764816634356975, ""rho"": -0.38348974138498304, ""r"": 0.03643174447119236, ""label"": ""sobol_101_10""}"
CORE_GRID,873,sobol_101_12,FAIL,"[""solver_error""]",UNRESOLVED,UNRESOLVED,"[""coverage_core.jsonl#grid_index=873""]","{""x"": 0.47883456274867053, ""v"": 0.042722601909190416, ""tau"": 0.30676263615134214, ""K"": 1, ""kappa"": 1.2252270029857755, ""theta"": 0.04576199378818274, ""sigma"": 0.5764816634356975, ""rho"": -0.38348974138498304, ""r"": 0.03643174447119236, ""label"": ""sobol_101_12""}"
CORE_GRID,874,sobol_102_2,FAIL,"[""solver_error""]",UNRESOLVED,UNRESOLVED,"[""coverage_core.jsonl#grid_index=874""]","{""x"": -0.5161098428070545, ""v"": 0.11106202378869057, ""tau"": 1.1000266253933428, ""K"": 1, ""kappa"": 1.5237994762137532, ""theta"": 0.08952064400538803, ""sigma"": 0.2637331959791481, ""rho"": -0.8575340360403061, ""r"": 0.016047066152095796, ""label"": ""sobol_102_2""}"
CORE_GRID,875,sobol_102_3,FAIL,"[""solver_error""]",UNRESOLVED,UNRESOLVED,"[""coverage_core.jsonl#grid_index=875""]","{""x"": 0.5039528131484985, ""v"": 0.12958743795752525, ""tau"": 0.6359571246762893, ""K"": 1, ""kappa"": 1.5237994762137532, ""theta"": 0.08952064400538803, ""sigma"": 0.2637331959791481, ""rho"": -0.8575340360403061, ""r"": 0.016047066152095796, ""label"": ""sobol_102_3""}"
CORE_GRID,876,sobol_102_4,FAIL,"[""solver_error""]",UNRESOLVED,UNRESOLVED,"[""coverage_core.jsonl#grid_index=876""]","{""x"": 0.19032054841518398, ""v"": 0.0768026071600616, ""tau"": 0.03137066122514033, ""K"": 1, ""kappa"": 1.5237994762137532, ""theta"": 0.08952064400538803, ""sigma"": 0.2637331959791481, ""rho"": -0.8575340360403061, ""r"": 0.016047066152095796, ""label"": ""sobol_102_4""}"
CORE_GRID,877,sobol_102_10,PASS,[],NOT_APPLICABLE_STRICT_PASS,NUMERICALLY_RESOLVED,"[""coverage_core.jsonl#grid_index=877""]","{""x"": -0.08058630600571637, ""v"": 0.061847568955272436, ""tau"": 0.2213148323981653, ""K"": 1, ""kappa"": 1.5237994762137532, ""theta"": 0.08952064400538803, ""sigma"": 0.2637331959791481, ""rho"": -0.8575340360403061, ""r"": 0.016047066152095796, ""label"": ""sobol_102_10""}"
CORE_GRID,878,sobol_102_14,FAIL,"[""solver_error""]",UNRESOLVED,UNRESOLVED,"[""coverage_core.jsonl#grid_index=878""]","{""x"": -0.6958880357444286, ""v"": 0.08182502957060933, ""tau"": 1.8973366719677984, ""K"": 1, ""kappa"": 1.5237994762137532, ""theta"": 0.08952064400538803, ""sigma"": 0.2637331959791481, ""rho"": -0.8575340360403061, ""r"": 0.016047066152095796, ""label"": ""sobol_102_14""}"
CORE_GRID,879,sobol_103_0,FAIL,"[""solver_error""]",UNRESOLVED,UNRESOLVED,"[""coverage_core.jsonl#grid_index=879""]","{""x"": 0.6268698692321777, ""v"": 0.09184145624749362, ""tau"": 1.3728454332310884, ""K"": 1, ""kappa"": 3.273850522004068, ""theta"": 0.04347584357485175, ""sigma"": 0.7857951984740793, ""rho"": -0.1349401384592056, ""r"": 0.046315331459045414, ""label"": ""sobol_103_0""}"
CORE_GRID,880,sobol_103_2,FAIL,"[""solver_error""]",UNRESOLVED,UNRESOLVED,"[""coverage_core.jsonl#grid_index=880""]","{""x"": -0.33044710680842393, ""v"": 0.013221008935943246, ""tau"": 1.5766820149230105, ""K"": 1, ""kappa"": 3.273850522004068, ""theta"": 0.04347584357485175, ""sigma"": 0.7857951984740793, ""rho"": -0.1349401384592056, ""r"": 0.046315331459045414, ""label"": ""sobol_103_2""}"
CORE_GRID,881,sobol_103_4,FAIL,"[""solver_error""]",UNRESOLVED,UNRESOLVED,"[""coverage_core.jsonl#grid_index=881""]","{""x"": 0.00466245263814935, ""v"": 0.04940281971357763, ""tau"": 0.5548023341097943, ""K"": 1, ""kappa"": 3.273850522004068, ""theta"": 0.04347584357485175, ""sigma"": 0.7857951984740793, ""rho"": -0.1349401384592056, ""r"": 0.046315331459045414, ""label"": ""sobol_103_4""}"
CORE_GRID,882,sobol_103_10,FAIL,"[""solver_error""]",UNRESOLVED,UNRESOLVED,"[""coverage_core.jsonl#grid_index=882""]","{""x"": -0.2687574706971645, ""v"": 0.06582273147068918, ""tau"": 0.7429170611033601, ""K"": 1, ""kappa"": 3.273850522004068, ""theta"": 0.04347584357485175, ""sigma"": 0.7857951984740793, ""rho"": -0.1349401384592056, ""r"": 0.046315331459045414, ""label"": ""sobol_103_10""}"
CORE_GRID,883,sobol_103_12,FAIL,"[""solver_error""]",UNRESOLVED,UNRESOLVED,"[""coverage_core.jsonl#grid_index=883""]","{""x"": 0.5992273405194282, ""v"": 0.12155296304263175, ""tau"": 1.6400813753753605, ""K"": 1, ""kappa"": 3.273850522004068, ""theta"": 0.04347584357485175, ""sigma"": 0.7857951984740793, ""rho"": -0.1349401384592056, ""r"": 0.046315331459045414, ""label"": ""sobol_103_12""}"
CORE_GRID,884,sobol_103_13,FAIL,"[""solver_error"", ""FD_uncertainty_budget_unresolved""]",UNRESOLVED,UNRESOLVED,"[""coverage_core.jsonl#grid_index=884""]","{""x"": -0.57328926846385, ""v"": 0.13421938964165747, ""tau"": 0.09983469964197231, ""K"": 1, ""kappa"": 3.273850522004068, ""theta"": 0.04347584357485175, ""sigma"": 0.7857951984740793, ""rho"": -0.1349401384592056, ""r"": 0.046315331459045414, ""label"": ""sobol_103_13""}"
CORE_GRID,885,sobol_104_4,FAIL,"[""solver_error""]",UNRESOLVED,UNRESOLVED,"[""coverage_core.jsonl#grid_index=885""]","{""x"": 0.29368741661310205, ""v"": 0.05631173262372613, ""tau"": 0.5025400326084641, ""K"": 1, ""kappa"": 3.427479464560747, ""theta"": 0.1160338469594717, ""sigma"": 0.21994427861645816, ""rho"": -0.3188196733593941, ""r"": 0.0022482825070619583, ""label"": ""sobol_104_4""}"
CORE_GRID,886,sobol_104_10,PASS,[],NOT_APPLICABLE_STRICT_PASS,NUMERICALLY_RESOLVED,"[""coverage_core.jsonl#grid_index=886""]","{""x"": -0.03303477689623824, ""v"": 0.07064973982051015, ""tau"": 0.31250401446226217, ""K"": 1, ""kappa"": 3.427479464560747, ""theta"": 0.1160338469594717, ""sigma"": 0.21994427861645816, ""rho"": -0.3188196733593941, ""r"": 0.0022482825070619583, ""label"": ""sobol_104_10""}"
CORE_GRID,887,sobol_104_12,FAIL,"[""solver_error""]",UNRESOLVED,UNRESOLVED,"[""coverage_core.jsonl#grid_index=887""]","{""x"": 0.30725691765546803, ""v"": 0.11648199241608381, ""tau"": 1.317840294609408, ""K"": 1, ""kappa"": 3.427479464560747, ""theta"": 0.1160338469594717, ""sigma"": 0.21994427861645816, ""rho"": -0.3188196733593941, ""r"": 0.0022482825070619583, ""label"": ""sobol_104_12""}"
CORE_GRID,888,sobol_104_13,FAIL,"[""solver_error""]",UNRESOLVED,UNRESOLVED,"[""coverage_core.jsonl#grid_index=888""]","{""x"": -0.31912783607840534, ""v"": 0.1272568954154849, ""tau"": 0.9171813731044827, ""K"": 1, ""kappa"": 3.427479464560747, ""theta"": 0.1160338469594717, ""sigma"": 0.21994427861645816, ""rho"": -0.3188196733593941, ""r"": 0.0022482825070619583, ""label"": ""sobol_104_13""}"
CORE_GRID,889,sobol_104_14,FAIL,"[""solver_error""]",UNRESOLVED,UNRESOLVED,"[""coverage_core.jsonl#grid_index=889""]","{""x"": -0.6107292987406253, ""v"": 0.035909400787204504, ""tau"": 1.6152408346533775, ""K"": 1, ""kappa"": 3.427479464560747, ""theta"": 0.1160338469594717, ""sigma"": 0.21994427861645816, ""rho"": -0.3188196733593941, ""r"": 0.0022482825070619583, ""label"": ""sobol_104_14""}"
CORE_GRID,890,sobol_105_0,FAIL,"[""solver_error""]",UNRESOLVED,UNRESOLVED,"[""coverage_core.jsonl#grid_index=890""]","{""x"": 0.6915208026766777, ""v"": 0.040066482266411185, ""tau"": 1.1570280024316162, ""K"": 1, ""kappa"": 1.6774270627647638, ""theta"": 0.06696131683886052, ""sigma"": 0.742436218354851, ""rho"": -0.697690524160862, ""r"": 0.0501142106205225, ""label"": ""sobol_105_0""}"
CORE_GRID,891,sobol_105_2,PASS,[],NOT_APPLICABLE_STRICT_PASS,NUMERICALLY_RESOLVED,"[""coverage_core.jsonl#grid_index=891""]","{""x"": -0.3762431837618351, ""v"": 0.1196491897571832, ""tau"": 1.9203010177912399, ""K"": 1, ""kappa"": 1.6774270627647638, ""theta"": 0.06696131683886052, ""sigma"": 0.742436218354851, ""rho"": -0.697690524160862, ""r"": 0.0501142106205225, ""label"": ""sobol_105_2""}"
CORE_GRID,892,sobol_105_3,FAIL,"[""solver_error""]",UNRESOLVED,UNRESOLVED,"[""coverage_core.jsonl#grid_index=892""]","{""x"": 0.40244903862476344, ""v"": 0.14019010518677533, ""tau"": 0.3185930125977075, ""K"": 1, ""kappa"": 1.6774270627647638, ""theta"": 0.06696131683886052, ""sigma"": 0.742436218354851, ""rho"": -0.697690524160862, ""r"": 0.0501142106205225, ""label"": ""sobol_105_3""}"
CORE_GRID,893,sobol_105_4,FAIL,"[""solver_error""]",UNRESOLVED,UNRESOLVED,"[""coverage_core.jsonl#grid_index=893""]","{""x"": 0.10670616030693059, ""v"": 0.06797112221829593, ""tau"": 0.9617662692501668, ""K"": 1, ""kappa"": 1.6774270627647638, ""theta"": 0.06696131683886052, ""sigma"": 0.742436218354851, ""rho"": -0.697690524160862, ""r"": 0.0501142106205225, ""label"": ""sobol_105_4""}"
CORE_GRID,894,sobol_105_10,FAIL,"[""solver_error""]",UNRESOLVED,UNRESOLVED,"[""coverage_core.jsonl#grid_index=894""]","{""x"": -0.2222265489399433, ""v"": 0.051191678969189525, ""tau"": 0.773559695283424, ""K"": 1, ""kappa"": 1.6774270627647638, ""theta"": 0.06696131683886052, ""sigma"": 0.742436218354851, ""rho"": -0.697690524160862, ""r"": 0.0501142106205225, ""label"": ""sobol_105_10""}"
CORE_GRID,895,sobol_105_12,FAIL,"[""solver_error""]",UNRESOLVED,UNRESOLVED,"[""coverage_core.jsonl#grid_index=895""]","{""x"": 0.4964533478021622, ""v"": 0.011188485892489552, ""tau"": 1.8568716762025679, ""K"": 1, ""kappa"": 1.6774270627647638, ""theta"": 0.06696131683886052, ""sigma"": 0.742436218354851, ""rho"": -0.697690524160862, ""r"": 0.0501142106205225, ""label"": ""sobol_105_12""}"
CORE_GRID,896,sobol_106_2,FAIL,"[""solver_error""]",UNRESOLVED,UNRESOLVED,"[""coverage_core.jsonl#grid_index=896""]","{""x"": -0.45857406556606295, ""v"": 0.07953538908623159, ""tau"": 0.5644422379499745, ""K"": 1, ""kappa"": 1.073762597516179, ""theta"": 0.07320279793813825, ""sigma"": 0.4481420870870352, ""rho"": -0.17378560006618493, ""r"": 0.07236410409212113, ""label"": ""sobol_106_2""}"
CORE_GRID,897,sobol_106_4,FAIL,"[""solver_error""]",UNRESOLVED,UNRESOLVED,"[""coverage_core.jsonl#grid_index=897""]","{""x"": 0.18435420915484424, ""v"": 0.10784459696151316, ""tau"": 1.5707578758583478, ""K"": 1, ""kappa"": 1.073762597516179, ""theta"": 0.07320279793813825, ""sigma"": 0.4481420870870352, ""rho"": -0.17378560006618493, ""r"": 0.07236410409212113, ""label"": ""sobol_106_4""}"
CORE_GRID,898,sobol_106_5,FAIL,"[""solver_error""]",UNRESOLVED,UNRESOLVED,"[""coverage_core.jsonl#grid_index=898""]","{""x"": -0.16312431693077079, ""v"": 0.15175819233991206, ""tau"": 0.17110167129615705, ""K"": 1, ""kappa"": 1.073762597516179, ""theta"": 0.07320279793813825, ""sigma"": 0.4481420870870352, ""rho"": -0.17378560006618493, ""r"": 0.07236410409212113, ""label"": ""sobol_106_5""}"
CORE_GRID,899,sobol_106_10,PASS,[],NOT_APPLICABLE_STRICT_PASS,NUMERICALLY_RESOLVED,"[""coverage_core.jsonl#grid_index=899""]","{""x"": -0.145297533273697, ""v"": 0.030881878221407533, ""tau"": 1.63016786764095, ""K"": 1, ""kappa"": 1.073762597516179, ""theta"": 0.07320279793813825, ""sigma"": 0.4481420870870352, ""rho"": -0.17378560006618493, ""r"": 0.07236410409212113, ""label"": ""sobol_106_10""}"
CORE_GRID,900,sobol_106_12,FAIL,"[""solver_error""]",UNRESOLVED,UNRESOLVED,"[""coverage_core.jsonl#grid_index=900""]","{""x"": 0.41483216509222975, ""v"": 0.03173861256800592, ""tau"": 0.7486275064958525, ""K"": 1, ""kappa"": 1.073762597516179, ""theta"": 0.07320279793813825, ""sigma"": 0.4481420870870352, ""rho"": -0.17378560006618493, ""r"": 0.07236410409212113, ""label"": ""sobol_106_12""}"
CORE_GRID,901,sobol_107_0,FAIL,"[""solver_error""]",UNRESOLVED,UNRESOLVED,"[""coverage_core.jsonl#grid_index=901""]","{""x"": 0.6490228079259395, ""v"": 0.12377989385277033, ""tau"": 0.7905399657948504, ""K"": 1, ""kappa"": 2.823706414550543, ""theta"": 0.022274800557643176, ""sigma"": 0.6208690173923969, ""rho"": -0.8464355379343033, ""r"": 0.02030872404575348, ""label"": ""sobol_107_0""}"
CORE_GRID,902,sobol_107_1,FAIL,"[""solver_error"", ""FD_uncertainty_budget_unresolved""]",UNRESOLVED,UNRESOLVED,"[""coverage_core.jsonl#grid_index=902""]","{""x"": -0.6746656268835067, ""v"": 0.13650714699178934, ""tau"": 1.4502118763417775, ""K"": 1, ""kappa"": 2.823706414550543, ""theta"": 0.022274800557643176, ""sigma"": 0.6208690173923969, ""rho"": -0.8464355379343033, ""r"": 0.02030872404575348, ""label"": ""sobol_107_1""}"
CORE_GRID,903,sobol_107_2,FAIL,"[""solver_error"", ""FD_uncertainty_budget_unresolved""]",UNRESOLVED,UNRESOLVED,"[""coverage_core.jsonl#grid_index=903""]","{""x"": -0.3454268887639046, ""v"": 0.04419817356392741, ""tau"": 0.025538387723148814, ""K"": 1, ""kappa"": 2.823706414550543, ""theta"": 0.022274800557643176, ""sigma"": 0.6208690173923969, ""rho"": -0.8464355379343033, ""r"": 0.02030872404575348, ""label"": ""sobol_107_2""}"
CORE_GRID,904,sobol_107_4,FAIL,"[""solver_error""]",UNRESOLVED,UNRESOLVED,"[""coverage_core.jsonl#grid_index=904""]","{""x"": 0.07120237424969678, ""v"": 0.017933379858732224, ""tau"": 1.1098183050182544, ""K"": 1, ""kappa"": 2.823706414550543, ""theta"": 0.022274800557643176, ""sigma"": 0.6208690173923969, ""rho"": -0.8464355379343033, ""r"": 0.02030872404575348, ""label"": ""sobol_107_4""}"
CORE_GRID,905,sobol_107_10,FAIL,"[""solver_error""]",UNRESOLVED,UNRESOLVED,"[""coverage_core.jsonl#grid_index=905""]","{""x"": -0.25597267001867297, ""v"": 0.09733795188367367, ""tau"": 1.171297590070892, ""K"": 1, ""kappa"": 2.823706414550543, ""theta"": 0.022274800557643176, ""sigma"": 0.6208690173923969, ""rho"": -0.8464355379343033, ""r"": 0.02030872404575348, ""label"": ""sobol_107_10""}"
CORE_GRID,906,sobol_107_11,FAIL,"[""solver_error""]",UNRESOLVED,UNRESOLVED,"[""coverage_core.jsonl#grid_index=906""]","{""x"": 0.23912578895688053, ""v"": 0.14711047522723675, ""tau"": 0.5666373802371145, ""K"": 1, ""kappa"": 2.823706414550543, ""theta"": 0.022274800557643176, ""sigma"": 0.6208690173923969, ""rho"": -0.8464355379343033, ""r"": 0.02030872404575348, ""label"": ""sobol_107_11""}"
CORE_GRID,907,sobol_107_12,FAIL,"[""solver_error""]",UNRESOLVED,UNRESOLVED,"[""coverage_core.jsonl#grid_index=907""]","{""x"": 0.5255119778215884, ""v"": 0.09053001692518592, ""tau"": 0.21179675666748415, ""K"": 1, ""kappa"": 2.823706414550543, ""theta"": 0.022274800557643176, ""sigma"": 0.6208690173923969, ""rho"": -0.8464355379343033, ""r"": 0.02030872404575348, ""label"": ""sobol_107_12""}"
CORE_GRID,908,sobol_108_2,FAIL,"[""solver_error"", ""FD_uncertainty_budget_unresolved""]",UNRESOLVED,UNRESOLVED,"[""coverage_core.jsonl#grid_index=908""]","{""x"": -0.5354276619851589, ""v"": 0.10740888048894703, ""tau"": 0.13051462248854695, ""K"": 1, ""kappa"": 2.4392490927129984, ""theta"": 0.08714692069217564, ""sigma"": 0.7095443340018391, ""rho"": -0.7564843758940697, ""r"": 0.03209098607301712, ""label"": ""sobol_108_2""}"
CORE_GRID,909,sobol_108_3,FAIL,"[""solver_error""]",UNRESOLVED,UNRESOLVED,"[""coverage_core.jsonl#grid_index=909""]","{""x"": 0.560770569741726, ""v"": 0.14936912734992802, ""tau"": 1.60746410005312, ""K"": 1, ""kappa"": 2.4392490927129984, ""theta"": 0.08714692069217564, ""sigma"": 0.7095443340018391, ""rho"": -0.7564843758940697, ""r"": 0.03209098607301712, ""label"": ""sobol_108_3""}"
CORE_GRID,910,sobol_108_4,FAIL,"[""solver_error""]",UNRESOLVED,UNRESOLVED,"[""coverage_core.jsonl#grid_index=910""]","{""x"": 0.24713844805955887, ""v"": 0.08094784687273204, ""tau"": 1.244980339001539, ""K"": 1, ""kappa"": 2.4392490927129984, ""theta"": 0.08714692069217564, ""sigma"": 0.7095443340018391, ""rho"": -0.7564843758940697, ""r"": 0.03209098607301712, ""label"": ""sobol_108_4""}"
CORE_GRID,911,sobol_108_10,FAIL,"[""solver_error""]",UNRESOLVED,UNRESOLVED,"[""coverage_core.jsonl#grid_index=911""]","{""x"": -0.06126837059855461, ""v"": 0.03424956905655563, ""tau"": 1.0588105750225838, ""K"": 1, ""kappa"": 2.4392490927129984, ""theta"": 0.08714692069217564, ""sigma"": 0.7095443340018391, ""rho"": -0.7564843758940697, ""r"": 0.03209098607301712, ""label"": ""sobol_108_10""}"
CORE_GRID,912,sobol_108_12,FAIL,"[""solver_error""]",UNRESOLVED,UNRESOLVED,"[""coverage_core.jsonl#grid_index=912""]","{""x"": 0.35424280017614374, ""v"": 0.027394180418923497, ""tau"": 0.06906879852555456, ""K"": 1, ""kappa"": 2.4392490927129984, ""theta"": 0.08714692069217564, ""sigma"": 0.7095443340018391, ""rho"": -0.7564843758940697, ""r"": 0.03209098607301712, ""label"": ""sobol_108_12""}"
CORE_GRID,913,sobol_108_14,FAIL,"[""solver_error"", ""FD_uncertainty_budget_unresolved""]",UNRESOLVED,UNRESOLVED,"[""coverage_core.jsonl#grid_index=913""]","{""x"": -0.6391070522367954, ""v"": 0.07769527263008058, ""tau"": 0.8654409958204875, ""K"": 1, ""kappa"": 2.4392490927129984, ""theta"": 0.08714692069217564, ""sigma"": 0.7095443340018391, ""rho"": -0.7564843758940697, ""r"": 0.03209098607301712, ""label"": ""sobol_108_14""}"
CORE_GRID,914,sobol_109_2,FAIL,"[""solver_error"", ""FD_uncertainty_budget_unresolved""]",UNRESOLVED,UNRESOLVED,"[""coverage_core.jsonl#grid_index=914""]","{""x"": -0.4235932387411594, ""v"": 0.017392744310200214, ""tau"": 0.6675891475086766, ""K"": 1, ""kappa"": 0.6891913451254368, ""theta"": 0.034851829688996076, ""sigma"": 0.18686414938420057, ""rho"": -0.23540386408567426, ""r"": 0.060581870675086975, ""label"": ""sobol_109_2""}"
CORE_GRID,915,sobol_109_4,FAIL,"[""solver_error""]",UNRESOLVED,UNRESOLVED,"[""coverage_core.jsonl#grid_index=915""]","{""x"": 0.13530850410461426, ""v"": 0.04571555042639375, ""tau"": 1.7040943917633582, ""K"": 1, ""kappa"": 0.6891913451254368, ""theta"": 0.034851829688996076, ""sigma"": 0.18686414938420057, ""rho"": -0.23540386408567426, ""r"": 0.060581870675086975, ""label"": ""sobol_109_4""}"
CORE_GRID,916,sobol_109_10,FAIL,"[""solver_error""]",UNRESOLVED,UNRESOLVED,"[""coverage_core.jsonl#grid_index=916""]","{""x"": -0.1756114549934864, ""v"": 0.09290172206237912, ""tau"": 1.519993683108912, ""K"": 1, ""kappa"": 0.6891913451254368, ""theta"": 0.034851829688996076, ""sigma"": 0.18686414938420057, ""rho"": -0.23540386408567426, ""r"": 0.060581870675086975, ""label"": ""sobol_109_10""}"
CORE_GRID,917,sobol_109_12,FAIL,"[""solver_error""]",UNRESOLVED,UNRESOLVED,"[""coverage_core.jsonl#grid_index=917""]","{""x"": 0.46858138740062705, ""v"": 0.09398950543254614, ""tau"": 0.608216185998615, ""K"": 1, ""kappa"": 0.6891913451254368, ""theta"": 0.034851829688996076, ""sigma"": 0.18686414938420057, ""rho"": -0.23540386408567426, ""r"": 0.060581870675086975, ""label"": ""sobol_109_12""}"
CORE_GRID,918,sobol_109_13,FAIL,"[""solver_error""]",UNRESOLVED,UNRESOLVED,"[""coverage_core.jsonl#grid_index=918""]","{""x"": -0.4801433958113194, ""v"": 0.14571534749120474, ""tau"": 1.133633873078026, ""K"": 1, ""kappa"": 0.6891913451254368, ""theta"": 0.034851829688996076, ""sigma"": 0.18686414938420057, ""rho"": -0.23540386408567426, ""r"": 0.060581870675086975, ""label"": ""sobol_109_13""}"
CORE_GRID,919,sobol_110_2,FAIL,"[""solver_error""]",UNRESOLVED,UNRESOLVED,"[""coverage_core.jsonl#grid_index=919""]","{""x"": -0.505269268155098, ""v"": 0.0568678374402225, ""tau"": 1.806838455828025, ""K"": 1, ""kappa"": 2.06196553632617, ""theta"": 0.10361686635762454, ""sigma"": 0.47841987675055864, ""rho"": -0.5110596776008606, ""r"": 0.041896400526165965, ""label"": ""sobol_110_2""}"
CORE_GRID,920,sobol_110_10,PASS,[],NOT_APPLICABLE_STRICT_PASS,NUMERICALLY_RESOLVED,"[""coverage_core.jsonl#grid_index=920""]","{""x"": -0.09787194728851323, ""v"": 0.11409487761557102, ""tau"": 0.8795096328858996, ""K"": 1, ""kappa"": 2.06196553632617, ""theta"": 0.10361686635762454, ""sigma"": 0.47841987675055864, ""rho"": -0.5110596776008606, ""r"": 0.041896400526165965, ""label"": ""sobol_110_10""}"
CORE_GRID,921,sobol_110_11,FAIL,"[""solver_error""]",UNRESOLVED,UNRESOLVED,"[""coverage_core.jsonl#grid_index=921""]","{""x"": 0.0819200567901135, ""v"": 0.12682303972542286, ""tau"": 1.359424402094668, ""K"": 1, ""kappa"": 2.06196553632617, ""theta"": 0.10361686635762454, ""sigma"": 0.47841987675055864, ""rho"": -0.5110596776008606, ""r"": 0.041896400526165965, ""label"": ""sobol_110_11""}"
CORE_GRID,922,sobol_110_12,FAIL,"[""solver_error""]",UNRESOLVED,UNRESOLVED,"[""coverage_core.jsonl#grid_index=922""]","{""x"": 0.38615886792540555, ""v"": 0.07401323830708861, ""tau"": 1.9949585068527431, ""K"": 1, ""kappa"": 2.06196553632617, ""theta"": 0.10361686635762454, ""sigma"": 0.47841987675055864, ""rho"": -0.5110596776008606, ""r"": 0.041896400526165965, ""label"": ""sobol_110_12""}"
CORE_GRID,923,sobol_110_14,FAIL,"[""solver_error""]",UNRESOLVED,UNRESOLVED,"[""coverage_core.jsonl#grid_index=923""]","{""x"": -0.6827048197388649, ""v"": 0.023713133297860622, ""tau"": 1.2008019467623579, ""K"": 1, ""kappa"": 2.06196553632617, ""theta"": 0.10361686635762454, ""sigma"": 0.47841987675055864, ""rho"": -0.5110596776008606, ""r"": 0.041896400526165965, ""label"": ""sobol_110_14""}"
CORE_GRID,924,sobol_111_0,FAIL,"[""solver_error""]",UNRESOLVED,UNRESOLVED,"[""coverage_core.jsonl#grid_index=924""]","{""x"": 0.6019682966172695, ""v"": 0.02103469450958073, ""tau"": 1.5339587041923393, ""K"": 1, ""kappa"": 3.811918245628476, ""theta"": 0.055911620594561104, ""sigma"": 0.30588924391195177, ""rho"": -0.4837582528591156, ""r"": 0.010466063991189004, ""label"": ""sobol_111_0""}"
CORE_GRID,925,sobol_111_2,FAIL,"[""solver_error""]",UNRESOLVED,UNRESOLVED,"[""coverage_core.jsonl#grid_index=925""]","{""x"": -0.31726424843072887, ""v"": 0.06839179038070142, ""tau"": 1.2680508494266265, ""K"": 1, ""kappa"": 3.811918245628476, ""theta"": 0.055911620594561104, ""sigma"": 0.30588924391195177, ""rho"": -0.4837582528591156, ""r"": 0.010466063991189004, ""label"": ""sobol_111_2""}"
CORE_GRID,926,sobol_111_4,PASS,[],NOT_APPLICABLE_STRICT_PASS,NUMERICALLY_RESOLVED,"[""coverage_core.jsonl#grid_index=926""]","{""x"": 0.024292022734880403, ""v"": 0.11825213790871203, ""tau"": 0.355303452889775, ""K"": 1, ""kappa"": 3.811918245628476, ""theta"": 0.055911620594561104, ""sigma"": 0.30588924391195177, ""rho"": -0.4837582528591156, ""r"": 0.010466063991189004, ""label"": ""sobol_111_4""}"
CORE_GRID,927,sobol_111_5,FAIL,"[""solver_error""]",UNRESOLVED,UNRESOLVED,"[""coverage_core.jsonl#grid_index=927""]","{""x"": -0.003338997066020921, ""v"": 0.13683976442553103, ""tau"": 1.8797048601314486, ""K"": 1, ""kappa"": 3.811918245628476, ""theta"": 0.055911620594561104, ""sigma"": 0.30588924391195177, ""rho"": -0.4837582528591156, ""r"": 0.010466063991189004, ""label"": ""sobol_111_5""}"
CORE_GRID,928,sobol_111_12,FAIL,"[""solver_error""]",UNRESOLVED,UNRESOLVED,"[""coverage_core.jsonl#grid_index=928""]","{""x"": 0.5719808377325535, ""v"": 0.054663911228999496, ""tau"": 1.4579962995568556, ""K"": 1, ""kappa"": 3.811918245628476, ""theta"": 0.055911620594561104, ""sigma"": 0.30588924391195177, ""rho"": -0.4837582528591156, ""r"": 0.010466063991189004, ""label"": ""sobol_111_12""}"
CORE_GRID,929,sobol_112_2,FAIL,"[""solver_error"", ""FD_uncertainty_budget_unresolved""]",UNRESOLVED,UNRESOLVED,"[""coverage_core.jsonl#grid_index=929""]","{""x"": -0.5917182169854641, ""v"": 0.05409979401156306, ""tau"": 0.4586494354834218, ""K"": 1, ""kappa"": 3.8977628801949322, ""theta"": 0.1054735054075718, ""sigma"": 0.7199404663406311, ""rho"": -0.8787402041256428, ""r"": 0.07896416634321213, ""label"": ""sobol_112_2""}"
CORE_GRID,930,sobol_112_10,FAIL,"[""solver_error""]",UNRESOLVED,UNRESOLVED,"[""coverage_core.jsonl#grid_index=930""]","{""x"": -0.0049959830939769745, ""v"": 0.11869492940604687, ""tau"": 1.3539374656273082, ""K"": 1, ""kappa"": 3.8977628801949322, ""theta"": 0.1054735054075718, ""sigma"": 0.7199404663406311, ""rho"": -0.8787402041256428, ""r"": 0.07896416634321213, ""label"": ""sobol_112_10""}"
CORE_GRID,931,sobol_112_11,FAIL,"[""solver_error""]",UNRESOLVED,UNRESOLVED,"[""coverage_core.jsonl#grid_index=931""]","{""x"": 0.021243198215961545, ""v"": 0.1372204776853323, ""tau"": 0.8830372589669885, ""K"": 1, ""kappa"": 3.8977628801949322, ""theta"": 0.1054735054075718, ""sigma"": 0.7199404663406311, ""rho"": -0.8787402041256428, ""r"": 0.07896416634321213, ""label"": ""sobol_112_11""}"
CORE_GRID,932,sobol_112_12,FAIL,"[""solver_error""]",UNRESOLVED,UNRESOLVED,"[""coverage_core.jsonl#grid_index=932""]","{""x"": 0.3354612573981286, ""v"": 0.06892490526661277, ""tau"": 0.2706197702976328, ""K"": 1, ""kappa"": 3.8977628801949322, ""theta"": 0.1054735054075718, ""sigma"": 0.7199404663406311, ""rho"": -0.8787402041256428, ""r"": 0.07896416634321213, ""label"": ""sobol_112_12""}"
CORE_GRID,933,sobol_112_14,FAIL,"[""solver_error"", ""FD_uncertainty_budget_unresolved""]",UNRESOLVED,UNRESOLVED,"[""coverage_core.jsonl#grid_index=933""]","{""x"": -0.6203073419630527, ""v"": 0.02059223037213087, ""tau"": 0.5348545408378991, ""K"": 1, ""kappa"": 3.8977628801949322, ""theta"": 0.1054735054075718, ""sigma"": 0.7199404663406311, ""rho"": -0.8787402041256428, ""r"": 0.07896416634321213, ""label"": ""sobol_112_14""}"
CORE_GRID,934,sobol_113_2,FAIL,"[""solver_error""]",UNRESOLVED,UNRESOLVED,"[""coverage_core.jsonl#grid_index=934""]","{""x"": -0.4048667706549167, ""v"": 0.07357071503065526, ""tau"": 0.9978025262133174, ""K"": 1, ""kappa"": 2.147713372949511, ""theta"": 0.05405727595090866, ""sigma"": 0.19732304913923143, ""rho"": -0.10142965987324715, ""r"": 0.028675791025161743, ""label"": ""sobol_113_2""}"
CORE_GRID,935,sobol_113_4,PASS,[],NOT_APPLICABLE_STRICT_PASS,NUMERICALLY_RESOLVED,"[""coverage_core.jsonl#grid_index=935""]","{""x"": 0.07909119129180908, ""v"": 0.11356149450875819, ""tau"": 1.8783558595718608, ""K"": 1, ""kappa"": 2.147713372949511, ""theta"": 0.05405727595090866, ""sigma"": 0.19732304913923143, ""rho"": -0.10142965987324715, ""r"": 0.028675791025161743, ""label"": ""sobol_113_4""}"
CORE_GRID,936,sobol_113_5,PASS,[],NOT_APPLICABLE_STRICT_PASS,NUMERICALLY_RESOLVED,"[""coverage_core.jsonl#grid_index=936""]","{""x"": -0.09974889233708373, ""v"": 0.12622775719501078, ""tau"": 0.36248361344064867, ""K"": 1, ""kappa"": 2.147713372949511, ""theta"": 0.05405727595090866, ""sigma"": 0.19732304913923143, ""rho"": -0.10142965987324715, ""r"": 0.028675791025161743, ""label"": ""sobol_113_5""}"
CORE_GRID,937,sobol_113_12,FAIL,"[""solver_error""]",UNRESOLVED,UNRESOLVED,"[""coverage_core.jsonl#grid_index=937""]","{""x"": 0.5247805327177049, ""v"": 0.057280312990769744, ""tau"": 0.8077038057030194, ""K"": 1, ""kappa"": 2.147713372949511, ""theta"": 0.05405727595090866, ""sigma"": 0.19732304913923143, ""rho"": -0.10142965987324715, ""r"": 0.028675791025161743, ""label"": ""sobol_113_12""}"
CORE_GRID,938,sobol_114_2,FAIL,"[""solver_error""]",UNRESOLVED,UNRESOLVED,"[""coverage_core.jsonl#grid_index=938""]","{""x"": -0.4864878684282302, ""v"": 0.0943716720212251, ""tau"": 1.6048981791495212, ""K"": 1, ""kappa"": 0.6015306734479964, ""theta"": 0.08529185185208918, ""sigma"": 0.5982444318011403, ""rho"": -0.6270914457738399, ""r"": 0.008767196610569954, ""label"": ""sobol_114_2""}"
CORE_GRID,939,sobol_114_3,FAIL,"[""solver_error""]",UNRESOLVED,UNRESOLVED,"[""coverage_core.jsonl#grid_index=939""]","{""x"": 0.46084504947066307, ""v"": 0.14615762536413968, ""tau"": 0.13501592538142132, ""K"": 1, ""kappa"": 0.6015306734479964, ""theta"": 0.08529185185208918, ""sigma"": 0.5982444318011403, ""rho"": -0.6270914457738399, ""r"": 0.008767196610569954, ""label"": ""sobol_114_3""}"
CORE_GRID,940,sobol_114_4,FAIL,"[""solver_error""]",UNRESOLVED,UNRESOLVED,"[""coverage_core.jsonl#grid_index=940""]","{""x"": 0.1560203008353711, ""v"": 0.09349677409045398, ""tau"": 0.5206163620081036, ""K"": 1, ""kappa"": 0.6015306734479964, ""theta"": 0.08529185185208918, ""sigma"": 0.5982444318011403, ""rho"": -0.6270914457738399, ""r"": 0.008767196610569954, ""label"": ""sobol_114_4""}"
CORE_GRID,941,sobol_114_10,PASS,[],NOT_APPLICABLE_STRICT_PASS,NUMERICALLY_RESOLVED,"[""coverage_core.jsonl#grid_index=941""]","{""x"": -0.11667180061340332, ""v"": 0.045212535886093974, ""tau"": 0.7066937696617392, ""K"": 1, ""kappa"": 0.6015306734479964, ""theta"": 0.08529185185208918, ""sigma"": 0.5982444318011403, ""rho"": -0.6270914457738399, ""r"": 0.008767196610569954, ""label"": ""sobol_114_10""}"
CORE_GRID,942,sobol_114_12,FAIL,"[""solver_error""]",UNRESOLVED,UNRESOLVED,"[""coverage_core.jsonl#grid_index=942""]","{""x"": 0.44244956597685814, ""v"": 0.016919494839385152, ""tau"": 1.666192703218835, ""K"": 1, ""kappa"": 0.6015306734479964, ""theta"": 0.08529185185208918, ""sigma"": 0.5982444318011403, ""rho"": -0.6270914457738399, ""r"": 0.008767196610569954, ""label"": ""sobol_114_12""}"
CORE_GRID,943,sobol_115_0,FAIL,"[""solver_error""]",UNRESOLVED,UNRESOLVED,"[""coverage_core.jsonl#grid_index=943""]","{""x"": 0.658185752481222, ""v"": 0.07722243992611766, ""tau"": 1.8620925616872097, ""K"": 1, ""kappa"": 2.351471595931798, ""theta"": 0.03670765513554215, ""sigma"": 0.4256483612582087, ""rho"": -0.3560081087052822, ""r"": 0.05855752386152745, ""label"": ""sobol_115_0""}"
CORE_GRID,944,sobol_115_2,FAIL,"[""solver_error""]",UNRESOLVED,UNRESOLVED,"[""coverage_core.jsonl#grid_index=944""]","{""x"": -0.3734632506966591, ""v"": 0.027896986342966557, ""tau"": 1.0679454822388905, ""K"": 1, ""kappa"": 2.351471595931798, ""theta"": 0.03670765513554215, ""sigma"": 0.4256483612582087, ""rho"": -0.3560081087052822, ""r"": 0.05855752386152745, ""label"": ""sobol_115_2""}"
CORE_GRID,945,sobol_115_4,FAIL,"[""solver_error""]",UNRESOLVED,UNRESOLVED,"[""coverage_core.jsonl#grid_index=945""]","{""x"": 0.04300018027424812, ""v"": 0.034723027143627405, ""tau"": 0.06162413735578339, ""K"": 1, ""kappa"": 2.351471595931798, ""theta"": 0.03670765513554215, ""sigma"": 0.4256483612582087, ""rho"": -0.3560081087052822, ""r"": 0.05855752386152745, ""label"": ""sobol_115_4""}"
CORE_GRID,946,sobol_115_10,FAIL,"[""solver_error""]",UNRESOLVED,UNRESOLVED,"[""coverage_core.jsonl#grid_index=946""]","{""x"": -0.2274809405207634, ""v"": 0.08056547166779637, ""tau"": 0.24587614590390805, ""K"": 1, ""kappa"": 2.351471595931798, ""theta"": 0.03670765513554215, ""sigma"": 0.4256483612582087, ""rho"": -0.3560081087052822, ""r"": 0.05855752386152745, ""label"": ""sobol_115_10""}"
CORE_GRID,947,sobol_115_12,FAIL,"[""solver_error""]",UNRESOLVED,UNRESOLVED,"[""coverage_core.jsonl#grid_index=947""]","{""x"": 0.5532542265951634, ""v"": 0.10681403707712889, ""tau"": 1.1274108000742715, ""K"": 1, ""kappa"": 2.351471595931798, ""theta"": 0.03670765513554215, ""sigma"": 0.4256483612582087, ""rho"": -0.3560081087052822, ""r"": 0.05855752386152745, ""label"": ""sobol_115_12""}"
CORE_GRID,948,sobol_115_13,FAIL,"[""solver_error""]",UNRESOLVED,UNRESOLVED,"[""coverage_core.jsonl#grid_index=948""]","{""x"": -0.5419921293854714, ""v"": 0.14883433561772108, ""tau"": 0.608571113353329, ""K"": 1, ""kappa"": 2.351471595931798, ""theta"": 0.03670765513554215, ""sigma"": 0.4256483612582087, ""rho"": -0.3560081087052822, ""r"": 0.05855752386152745, ""label"": ""sobol_115_13""}"
CORE_GRID,949,sobol_116_2,FAIL,"[""solver_error""]",UNRESOLVED,UNRESOLVED,"[""coverage_core.jsonl#grid_index=949""]","{""x"": -0.5444370768964291, ""v"": 0.09002628712914884, ""tau"": 1.208951696295232, ""K"": 1, ""kappa"": 2.7326780506409705, ""theta"": 0.07193205317482353, ""sigma"": 0.1644110020250082, ""rho"": -0.44107531681656836, ""r"": 0.049119059517979624, ""label"": ""sobol_116_2""}"
CORE_GRID,950,sobol_116_4,FAIL,"[""solver_error""]",UNRESOLVED,UNRESOLVED,"[""coverage_core.jsonl#grid_index=950""]","{""x"": 0.23741388469934455, ""v"": 0.09686541766859591, ""tau"": 0.17245216645108213, ""K"": 1, ""kappa"": 2.7326780506409705, ""theta"": 0.07193205317482353, ""sigma"": 0.1644110020250082, ""rho"": -0.44107531681656836, ""r"": 0.049119059517979624, ""label"": ""sobol_116_4""}"
CORE_GRID,951,sobol_116_5,PASS,[],NOT_APPLICABLE_STRICT_PASS,NUMERICALLY_RESOLVED,"[""coverage_core.jsonl#grid_index=951""]","{""x"": -0.258929955214262, ""v"": 0.1466984695289284, ""tau"": 1.5635811134670226, ""K"": 1, ""kappa"": 2.7326780506409705, ""theta"": 0.07193205317482353, ""sigma"": 0.1644110020250082, ""rho"": -0.44107531681656836, ""r"": 0.049119059517979624, ""label"": ""sobol_116_5""}"
CORE_GRID,952,sobol_116_10,FAIL,"[""solver_error""]",UNRESOLVED,UNRESOLVED,"[""coverage_core.jsonl#grid_index=952""]","{""x"": -0.0518356315791606, ""v"": 0.018314831191673875, ""tau"": 0.11289086733900365, ""K"": 1, ""kappa"": 2.7326780506409705, ""theta"": 0.07193205317482353, ""sigma"": 0.1644110020250082, ""rho"": -0.44107531681656836, ""r"": 0.049119059517979624, ""label"": ""sobol_116_10""}"
CORE_GRID,953,sobol_116_12,FAIL,"[""solver_error""]",UNRESOLVED,UNRESOLVED,"[""coverage_core.jsonl#grid_index=953""]","{""x"": 0.3635486170649529, ""v"": 0.04479394084773958, ""tau"": 1.0246740788598323, ""K"": 1, ""kappa"": 2.7326780506409705, ""theta"": 0.07193205317482353, ""sigma"": 0.1644110020250082, ""rho"": -0.44107531681656836, ""r"": 0.049119059517979624, ""label"": ""sobol_116_12""}"
CORE_GRID,954,sobol_116_14,FAIL,"[""solver_error""]",UNRESOLVED,UNRESOLVED,"[""coverage_core.jsonl#grid_index=954""]","{""x"": -0.6670028306543827, ""v"": 0.12339817476458848, ""tau"": 1.7879376135773897, ""K"": 1, ""kappa"": 2.7326780506409705, ""theta"": 0.07193205317482353, ""sigma"": 0.1644110020250082, ""rho"": -0.44107531681656836, ""r"": 0.049119059517979624, ""label"": ""sobol_116_14""}"
CORE_GRID,955,sobol_116_15,FAIL,"[""solver_error""]",UNRESOLVED,UNRESOLVED,"[""coverage_core.jsonl#grid_index=955""]","{""x"": 0.6554408222436905, ""v"": 0.13606537622399628, ""tau"": 0.4508478764725465, ""K"": 1, ""kappa"": 2.7326780506409705, ""theta"": 0.07193205317482353, ""sigma"": 0.1644110020250082, ""rho"": -0.44107531681656836, ""r"": 0.049119059517979624, ""label"": ""sobol_116_15""}"
CORE_GRID,956,sobol_117_2,FAIL,"[""B_N"", ""solver_error"", ""FD_uncertainty_budget_unresolved""]",FD_RESOLVED,NUMERICALLY_RESOLVED,"[""coverage_core.jsonl#grid_index=956"", ""mp_cases\\0d22a41ca723\\1448c92979ecd60d0fe3.json""]","{""x"": -0.4324434734880924, ""v"": 0.03135742945596576, ""tau"": 1.7479773746315568, ""K"": 1, ""kappa"": 0.9826240842230618, ""theta"": 0.023543262835592032, ""sigma"": 0.6868802495300769, ""rho"": -0.5637157537043095, ""r"": 0.01820565141737461, ""label"": ""sobol_117_2""}"
CORE_GRID,957,sobol_117_4,FAIL,"[""solver_error""]",UNRESOLVED,UNRESOLVED,"[""coverage_core.jsonl#grid_index=957""]","{""x"": 0.12541560530662532, ""v"": 0.030285842716693878, ""tau"": 0.6335135654006745, ""K"": 1, ""kappa"": 0.9826240842230618, ""theta"": 0.023543262835592032, ""sigma"": 0.6868802495300769, ""rho"": -0.5637157537043095, ""r"": 0.01820565141737461, ""label"": ""sobol_117_4""}"
CORE_GRID,958,sobol_117_10,FAIL,"[""solver_error""]",UNRESOLVED,UNRESOLVED,"[""coverage_core.jsonl#grid_index=958""]","{""x"": -0.1660080917179585, ""v"": 0.10834859497845173, ""tau"": 0.5721266292375586, ""K"": 1, ""kappa"": 0.9826240842230618, ""theta"": 0.023543262835592032, ""sigma"": 0.6868802495300769, ""rho"": -0.5637157537043095, ""r"": 0.01820565141737461, ""label"": ""sobol_117_10""}"
CORE_GRID,959,sobol_117_11,FAIL,"[""solver_error""]",UNRESOLVED,UNRESOLVED,"[""coverage_core.jsonl#grid_index=959""]","{""x"": 0.18256879448890695, ""v"": 0.1523218248039484, ""tau"": 1.1677703729586764, ""K"": 1, ""kappa"": 0.9826240842230618, ""theta"": 0.023543262835592032, ""sigma"": 0.6868802495300769, ""rho"": -0.5637157537043095, ""r"": 0.01820565141737461, ""label"": ""sobol_117_11""}"
CORE_GRID,960,sobol_117_12,FAIL,"[""solver_error""]",UNRESOLVED,UNRESOLVED,"[""coverage_core.jsonl#grid_index=960""]","{""x"": 0.4777257353067399, ""v"": 0.08000765508040786, ""tau"": 1.5618703130166978, ""K"": 1, ""kappa"": 0.9826240842230618, ""theta"": 0.023543262835592032, ""sigma"": 0.6868802495300769, ""rho"": -0.5637157537043095, ""r"": 0.01820565141737461, ""label"": ""sobol_117_12""}"
CORE_GRID,961,sobol_118_2,FAIL,"[""solver_error""]",UNRESOLVED,UNRESOLVED,"[""coverage_core.jsonl#grid_index=961""]","{""x"": -0.5148659080266952, ""v"": 0.011630085296928883, ""tau"": 0.8579957955553832, ""K"": 1, ""kappa"": 1.7666398067958653, ""theta"": 0.11730292018502951, ""sigma"": 0.28322313847020264, ""rho"": -0.2898171834647655, ""r"": 0.03923730343580246, ""label"": ""sobol_118_2""}"
CORE_GRID,962,sobol_118_4,FAIL,"[""solver_error""]",UNRESOLVED,UNRESOLVED,"[""coverage_core.jsonl#grid_index=962""]","{""x"": 0.2031552068889142, ""v"": 0.05172598594799638, ""tau"": 1.7707450919385468, ""K"": 1, ""kappa"": 1.7666398067958653, ""theta"": 0.11730292018502951, ""sigma"": 0.28322313847020264, ""rho"": -0.2898171834647655, ""r"": 0.03923730343580246, ""label"": ""sobol_118_4""}"
CORE_GRID,963,sobol_118_10,PASS,[],NOT_APPLICABLE_STRICT_PASS,NUMERICALLY_RESOLVED,"[""coverage_core.jsonl#grid_index=963""]","{""x"": -0.08902414441108708, ""v"": 0.06740581290796399, ""tau"": 1.9608715033594755, ""K"": 1, ""kappa"": 1.7666398067958653, ""theta"": 0.11730292018502951, ""sigma"": 0.28322313847020264, ""rho"": -0.2898171834647655, ""r"": 0.03923730343580246, ""label"": ""sobol_118_10""}"
CORE_GRID,964,sobol_118_12,FAIL,"[""solver_error""]",UNRESOLVED,UNRESOLVED,"[""coverage_core.jsonl#grid_index=964""]","{""x"": 0.39604962095618257, ""v"": 0.11923763807862997, ""tau"": 0.9234040371393637, ""K"": 1, ""kappa"": 1.7666398067958653, ""theta"": 0.11730292018502951, ""sigma"": 0.28322313847020264, ""rho"": -0.2898171834647655, ""r"": 0.03923730343580246, ""label"": ""sobol_118_12""}"
CORE_GRID,965,sobol_118_13,PASS,[],NOT_APPLICABLE_STRICT_PASS,NUMERICALLY_RESOLVED,"[""coverage_core.jsonl#grid_index=965""]","{""x"": -0.3838879555463791, ""v"": 0.13971617724746466, ""tau"": 1.3174830547216096, ""K"": 1, ""kappa"": 1.7666398067958653, ""theta"": 0.11730292018502951, ""sigma"": 0.28322313847020264, ""rho"": -0.2898171834647655, ""r"": 0.03923730343580246, ""label"": ""sobol_118_13""}"
CORE_GRID,966,sobol_119_0,FAIL,"[""solver_error""]",UNRESOLVED,UNRESOLVED,"[""coverage_core.jsonl#grid_index=966""]","{""x"": 0.6303135059773921, ""v"": 0.03549695550464094, ""tau"": 0.6163954407767585, ""K"": 1, ""kappa"": 3.5165887349285185, ""theta"": 0.06569147508591414, ""sigma"": 0.4559700907208025, ""rho"": -0.7186848275363446, ""r"": 0.06840266346931458, ""label"": ""sobol_119_0""}"
CORE_GRID,967,sobol_119_2,FAIL,"[""solver_error""]",UNRESOLVED,UNRESOLVED,"[""coverage_core.jsonl#grid_index=967""]","{""x"": -0.3266991332173347, ""v"": 0.11704709311015904, ""tau"": 0.32115553534175784, ""K"": 1, ""kappa"": 3.5165887349285185, ""theta"": 0.06569147508591414, ""sigma"": 0.4559700907208025, ""rho"": -0.7186848275363446, ""r"": 0.06840266346931458, ""label"": ""sobol_119_2""}"
CORE_GRID,968,sobol_119_3,FAIL,"[""solver_error""]",UNRESOLVED,UNRESOLVED,"[""coverage_core.jsonl#grid_index=968""]","{""x"": 0.30078402534127235, ""v"": 0.12776039470918477, ""tau"": 1.915798220303028, ""K"": 1, ""kappa"": 3.5165887349285185, ""theta"": 0.06569147508591414, ""sigma"": 0.4559700907208025, ""rho"": -0.7186848275363446, ""r"": 0.06840266346931458, ""label"": ""sobol_119_3""}"
CORE_GRID,969,sobol_119_4,FAIL,"[""solver_error""]",UNRESOLVED,UNRESOLVED,"[""coverage_core.jsonl#grid_index=969""]","{""x"": 0.014983773976564363, ""v"": 0.07106150011532009, ""tau"": 1.311884339625341, ""K"": 1, ""kappa"": 3.5165887349285185, ""theta"": 0.06569147508591414, ""sigma"": 0.4559700907208025, ""rho"": -0.7186848275363446, ""r"": 0.06840266346931458, ""label"": ""sobol_119_4""}"
CORE_GRID,970,sobol_119_10,PASS,[],NOT_APPLICABLE_STRICT_PASS,NUMERICALLY_RESOLVED,"[""coverage_core.jsonl#grid_index=970""]","{""x"": -0.27468197196722033, ""v"": 0.055869924603030086, ""tau"": 1.4999376506478126, ""K"": 1, ""kappa"": 3.5165887349285185, ""theta"": 0.06569147508591414, ""sigma"": 0.4559700907208025, ""rho"": -0.7186848275363446, ""r"": 0.06840266346931458, ""label"": ""sobol_119_10""}"
CORE_GRID,971,sobol_120_2,FAIL,"[""solver_error""]",UNRESOLVED,UNRESOLVED,"[""coverage_core.jsonl#grid_index=971""]","{""x"": -0.580879108607769, ""v"": 0.12196490168571472, ""tau"": 0.6431529859140043, ""K"": 1, ""kappa"": 3.1297366614453495, ""theta"": 0.09391624720767142, ""sigma"": 0.3276094493456185, ""rho"": -0.5275554575026036, ""r"": 0.023094750717282297, ""label"": ""sobol_120_2""}"
CORE_GRID,972,sobol_120_3,FAIL,"[""solver_error""]",UNRESOLVED,UNRESOLVED,"[""coverage_core.jsonl#grid_index=972""]","{""x"": 0.5927363701164723, ""v"": 0.13469292968511581, ""tau"": 1.098695236520605, ""K"": 1, ""kappa"": 3.1297366614453495, ""theta"": 0.09391624720767142, ""sigma"": 0.3276094493456185, ""rho"": -0.5275554575026036, ""r"": 0.023094750717282297, ""label"": ""sobol_120_3""}"
CORE_GRID,973,sobol_120_4,FAIL,"[""solver_error""]",UNRESOLVED,UNRESOLVED,"[""coverage_core.jsonl#grid_index=973""]","{""x"": 0.28791147843003273, ""v"": 0.06638801051303744, ""tau"": 1.742053704022149, ""K"": 1, ""kappa"": 3.1297366614453495, ""theta"": 0.09391624720767142, ""sigma"": 0.3276094493456185, ""rho"": -0.5275554575026036, ""r"": 0.023094750717282297, ""label"": ""sobol_120_4""}"
CORE_GRID,974,sobol_120_10,PASS,[],NOT_APPLICABLE_STRICT_PASS,NUMERICALLY_RESOLVED,"[""coverage_core.jsonl#grid_index=974""]","{""x"": -0.022280658781528517, ""v"": 0.048868542071431875, ""tau"": 1.5519563219554366, ""K"": 1, ""kappa"": 3.1297366614453495, ""theta"": 0.09391624720767142, ""sigma"": 0.3276094493456185, ""rho"": -0.5275554575026036, ""r"": 0.023094750717282297, ""label"": ""sobol_120_10""}"
CORE_GRID,975,sobol_120_12,FAIL,"[""solver_error""]",UNRESOLVED,UNRESOLVED,"[""coverage_core.jsonl#grid_index=975""]","{""x"": 0.3105585046112538, ""v"": 0.012779021635651588, ""tau"": 0.5778375430853062, ""K"": 1, ""kappa"": 3.1297366614453495, ""theta"": 0.09391624720767142, ""sigma"": 0.3276094493456185, ""rho"": -0.5275554575026036, ""r"": 0.023094750717282297, ""label"": ""sobol_120_12""}"
CORE_GRID,976,sobol_120_14,FAIL,"[""solver_error"", ""FD_uncertainty_budget_unresolved""]",UNRESOLVED,UNRESOLVED,"[""coverage_core.jsonl#grid_index=976""]","{""x"": -0.6071233749389648, ""v"": 0.09237504797056317, ""tau"": 0.3761616554887344, ""K"": 1, ""kappa"": 3.1297366614453495, ""theta"": 0.09391624720767142, ""sigma"": 0.3276094493456185, ""rho"": -0.5275554575026036, ""r"": 0.023094750717282297, ""label"": ""sobol_120_14""}"
CORE_GRID,977,sobol_121_0,FAIL,"[""solver_error""]",UNRESOLVED,UNRESOLVED,"[""coverage_core.jsonl#grid_index=977""]","{""x"": 0.676367575675249, ""v"": 0.08138202945701778, ""tau"": 0.9004387097906262, ""K"": 1, ""kappa"": 1.3797890893183649, ""theta"": 0.03908252285793424, ""sigma"": 0.4994137690402567, ""rho"": -0.45495816245675086, ""r"": 0.07454527355730534, ""label"": ""sobol_121_0""}"
CORE_GRID,978,sobol_121_4,FAIL,"[""solver_error""]",UNRESOLVED,UNRESOLVED,"[""coverage_core.jsonl#grid_index=978""]","{""x"": 0.09871943816542617, ""v"": 0.06228934763930738, ""tau"": 1.2187438592469941, ""K"": 1, ""kappa"": 1.3797890893183649, ""theta"": 0.03908252285793424, ""sigma"": 0.4994137690402567, ""rho"": -0.45495816245675086, ""r"": 0.07454527355730534, ""label"": ""sobol_121_4""}"
CORE_GRID,979,sobol_121_10,PASS,[],NOT_APPLICABLE_STRICT_PASS,NUMERICALLY_RESOLVED,"[""coverage_core.jsonl#grid_index=979""]","{""x"": -0.20926164686679838, ""v"": 0.07639087713323534, ""tau"": 1.030719577578739, ""K"": 1, ""kappa"": 1.3797890893183649, ""theta"": 0.03908252285793424, ""sigma"": 0.4994137690402567, ""rho"": -0.45495816245675086, ""r"": 0.07454527355730534, ""label"": ""sobol_121_10""}"
CORE_GRID,980,sobol_121_12,FAIL,"[""solver_error""]",UNRESOLVED,UNRESOLVED,"[""coverage_core.jsonl#grid_index=980""]","{""x"": 0.4975348524749279, ""v"": 0.11049653613008559, ""tau"": 0.1033732749351729, ""K"": 1, ""kappa"": 1.3797890893183649, ""theta"": 0.03908252285793424, ""sigma"": 0.4994137690402567, ""rho"": -0.45495816245675086, ""r"": 0.07454527355730534, ""label"": ""sobol_121_12""}"
CORE_GRID,981,sobol_121_13,FAIL,"[""solver_error""]",UNRESOLVED,UNRESOLVED,"[""coverage_core.jsonl#grid_index=981""]","{""x"": -0.5237726926803589, ""v"": 0.12908432655967772, ""tau"": 1.634603477120104, ""K"": 1, ""kappa"": 1.3797890893183649, ""theta"": 0.03908252285793424, ""sigma"": 0.4994137690402567, ""rho"": -0.45495816245675086, ""r"": 0.07454527355730534, ""label"": ""sobol_121_13""}"
CORE_GRID,982,sobol_122_2,FAIL,"[""solver_error""]",UNRESOLVED,UNRESOLVED,"[""coverage_core.jsonl#grid_index=982""]","{""x"": -0.45982729867100713, ""v"": 0.042126745684072375, ""tau"": 1.3058688220427563, ""K"": 1, ""kappa"": 1.3707292503677309, ""theta"": 0.09532273419201374, ""sigma"": 0.12105231396853924, ""rho"": -0.779008810967207, ""r"": 0.0528984060883522, ""label"": ""sobol_122_2""}"
CORE_GRID,983,sobol_122_4,FAIL,"[""solver_error""]",UNRESOLVED,UNRESOLVED,"[""coverage_core.jsonl#grid_index=983""]","{""x"": 0.17154715955257416, ""v"": 0.019760846393182874, ""tau"": 0.3307649747187656, ""K"": 1, ""kappa"": 1.3707292503677309, ""theta"": 0.09532273419201374, ""sigma"": 0.12105231396853924, ""rho"": -0.779008810967207, ""r"": 0.0528984060883522, ""label"": ""sobol_122_4""}"
CORE_GRID,984,sobol_122_10,PASS,[],NOT_APPLICABLE_STRICT_PASS,NUMERICALLY_RESOLVED,"[""coverage_core.jsonl#grid_index=984""]","{""x"": -0.1368873037397862, ""v"": 0.09941673767752945, ""tau"": 0.39023537863977253, ""K"": 1, ""kappa"": 1.3707292503677309, ""theta"": 0.09532273419201374, ""sigma"": 0.12105231396853924, ""rho"": -0.779008810967207, ""r"": 0.0528984060883522, ""label"": ""sobol_122_10""}"
CORE_GRID,985,sobol_122_11,FAIL,"[""solver_error""]",UNRESOLVED,UNRESOLVED,"[""coverage_core.jsonl#grid_index=985""]","{""x"": 0.11563443839550014, ""v"": 0.14137720805592835, ""tau"": 1.8447749048678412, ""K"": 1, ""kappa"": 1.3707292503677309, ""theta"": 0.09532273419201374, ""sigma"": 0.12105231396853924, ""rho"": -0.779008810967207, ""r"": 0.0528984060883522, ""label"": ""sobol_122_11""}"
CORE_GRID,986,sobol_122_12,FAIL,"[""solver_error""]",UNRESOLVED,UNRESOLVED,"[""coverage_core.jsonl#grid_index=986""]","{""x"": 0.4298526406288148, ""v"": 0.0886951934080571, ""tau"": 1.4901155065597287, ""K"": 1, ""kappa"": 1.3707292503677309, ""theta"": 0.09532273419201374, ""sigma"": 0.12105231396853924, ""rho"": -0.779008810967207, ""r"": 0.0528984060883522, ""label"": ""sobol_122_12""}"
CORE_GRID,987,sobol_123_2,FAIL,"[""solver_error""]",UNRESOLVED,UNRESOLVED,"[""coverage_core.jsonl#grid_index=987""]","{""x"": -0.3491472534835338, ""v"": 0.08502469444647431, ""tau"": 1.7806890641361297, ""K"": 1, ""kappa"": 3.120785407256335, ""theta"": 0.050156980082392694, ""sigma"": 0.6430916242301463, ""rho"": -0.2001844994723797, ""r"": 0.004426400065422058, ""label"": ""sobol_123_2""}"
CORE_GRID,988,sobol_123_3,FAIL,"[""solver_error""]",UNRESOLVED,UNRESOLVED,"[""coverage_core.jsonl#grid_index=988""]","{""x"": 0.37450403720140457, ""v"": 0.15829505259171128, ""tau"": 0.489405744420808, ""K"": 1, ""kappa"": 3.120785407256335, ""theta"": 0.050156980082392694, ""sigma"": 0.6430916242301463, ""rho"": -0.2001844994723797, ""r"": 0.004426400065422058, ""label"": ""sobol_123_3""}"
CORE_GRID,989,sobol_123_4,FAIL,"[""solver_error""]",UNRESOLVED,UNRESOLVED,"[""coverage_core.jsonl#grid_index=989""]","{""x"": 0.06087175458669658, ""v"": 0.10162304807454348, ""tau"": 0.8523767286808126, ""K"": 1, ""kappa"": 3.120785407256335, ""theta"": 0.050156980082392694, ""sigma"": 0.6430916242301463, ""rho"": -0.2001844994723797, ""r"": 0.004426400065422058, ""label"": ""sobol_123_4""}"
CORE_GRID,990,sobol_123_5,FAIL,"[""solver_error""]",UNRESOLVED,UNRESOLVED,"[""coverage_core.jsonl#grid_index=990""]","{""x"": -0.04402951821684842, ""v"": 0.15334869641810656, ""tau"": 1.3865591429417865, ""K"": 1, ""kappa"": 3.120785407256335, ""theta"": 0.050156980082392694, ""sigma"": 0.6430916242301463, ""rho"": -0.2001844994723797, ""r"": 0.004426400065422058, ""label"": ""sobol_123_5""}"
CORE_GRID,991,sobol_123_10,FAIL,"[""solver_error""]",UNRESOLVED,UNRESOLVED,"[""coverage_core.jsonl#grid_index=991""]","{""x"": -0.25003887042403217, ""v"": 0.02538467850536108, ""tau"": 0.9136727696528569, ""K"": 1, ""kappa"": 3.120785407256335, ""theta"": 0.050156980082392694, ""sigma"": 0.6430916242301463, ""rho"": -0.2001844994723797, ""r"": 0.004426400065422058, ""label"": ""sobol_123_10""}"
CORE_GRID,992,sobol_123_12,FAIL,"[""solver_error""]",UNRESOLVED,UNRESOLVED,"[""coverage_core.jsonl#grid_index=992""]","{""x"": 0.5429995849728584, ""v"": 0.03796805487945676, ""tau"": 1.9667651928325613, ""K"": 1, ""kappa"": 3.120785407256335, ""theta"": 0.050156980082392694, ""sigma"": 0.6430916242301463, ""rho"": -0.2001844994723797, ""r"": 0.004426400065422058, ""label"": ""sobol_123_12""}"
CORE_GRID,993,sobol_124_2,FAIL,"[""solver_error""]",UNRESOLVED,UNRESOLVED,"[""coverage_core.jsonl#grid_index=993""]","{""x"": -0.5341836556792259, ""v"": 0.023126250365749, ""tau"": 1.8840663347075441, ""K"": 1, ""kappa"": 2.626879235263914, ""theta"": 0.10867813590914012, ""sigma"": 0.5540316270664334, ""rho"": -0.18993920162320133, ""r"": 0.012624649107456207, ""label"": ""sobol_124_2""}"
CORE_GRID,994,sobol_124_4,FAIL,"[""solver_error""]",UNRESOLVED,UNRESOLVED,"[""coverage_core.jsonl#grid_index=994""]","{""x"": 0.2599728919565678, ""v"": 0.03973772539757192, ""tau"": 0.9878889887357161, ""K"": 1, ""kappa"": 2.626879235263914, ""theta"": 0.10867813590914012, ""sigma"": 0.5540316270664334, ""rho"": -0.18993920162320133, ""r"": 0.012624649107456207, ""label"": ""sobol_124_4""}"
CORE_GRID,995,sobol_124_10,FAIL,"[""solver_error""]",UNRESOLVED,UNRESOLVED,"[""coverage_core.jsonl#grid_index=995""]","{""x"": -0.06970599442720404, ""v"": 0.08716079941950738, ""tau"": 0.8017796963815473, ""K"": 1, ""kappa"": 2.626879235263914, ""theta"": 0.10867813590914012, ""sigma"": 0.5540316270664334, ""rho"": -0.18993920162320133, ""r"": 0.012624649107456207, ""label"": ""sobol_124_10""}"
CORE_GRID,996,sobol_124_12,FAIL,"[""solver_error""]",UNRESOLVED,UNRESOLVED,"[""coverage_core.jsonl#grid_index=996""]","{""x"": 0.33923155143857, ""v"": 0.09997474798001349, ""tau"": 1.8226818672292644, ""K"": 1, ""kappa"": 2.626879235263914, ""theta"": 0.10867813590914012, ""sigma"": 0.5540316270664334, ""rho"": -0.18993920162320133, ""r"": 0.012624649107456207, ""label"": ""sobol_124_12""}"
CORE_GRID,997,sobol_124_13,FAIL,"[""solver_error""]",UNRESOLVED,UNRESOLVED,"[""coverage_core.jsonl#grid_index=997""]","{""x"": -0.36456994861364367, ""v"": 0.14388811984099448, ""tau"": 0.4162101926732926, ""K"": 1, ""kappa"": 2.626879235263914, ""theta"": 0.10867813590914012, ""sigma"": 0.5540316270664334, ""rho"": -0.18993920162320133, ""r"": 0.012624649107456207, ""label"": ""sobol_124_13""}"
CORE_GRID,998,sobol_124_14,FAIL,"[""solver_error""]",UNRESOLVED,UNRESOLVED,"[""coverage_core.jsonl#grid_index=998""]","{""x"": -0.654404479265213, ""v"": 0.05260334792546928, ""tau"": 1.1220988056193741, ""K"": 1, ""kappa"": 2.626879235263914, ""theta"": 0.10867813590914012, ""sigma"": 0.5540316270664334, ""rho"": -0.18993920162320133, ""r"": 0.012624649107456207, ""label"": ""sobol_124_14""}"
CORE_GRID,999,sobol_125_2,PASS,[],NOT_APPLICABLE_STRICT_PASS,NUMERICALLY_RESOLVED,"[""coverage_core.jsonl#grid_index=999""]","{""x"": -0.41984533667564394, ""v"": 0.10509337112307549, ""tau"": 1.4076604236264727, ""K"": 1, ""kappa"": 0.8769369567744434, ""theta"": 0.0633169724419713, ""sigma"": 0.38203100990504024, ""rho"": -0.817195612937212, ""r"": 0.04470012843608856, ""label"": ""sobol_125_2""}"
CORE_GRID,1000,sobol_125_3,FAIL,"[""solver_error""]",UNRESOLVED,UNRESOLVED,"[""coverage_core.jsonl#grid_index=1000""]","{""x"": 0.43143014833331117, ""v"": 0.15486608818173409, ""tau"": 0.8273594074453863, ""K"": 1, ""kappa"": 0.8769369567744434, ""theta"": 0.0633169724419713, ""sigma"": 0.38203100990504024, ""rho"": -0.817195612937212, ""r"": 0.04470012843608856, ""label"": ""sobol_125_3""}"
CORE_GRID,1001,sobol_125_4,FAIL,"[""solver_error""]",UNRESOLVED,UNRESOLVED,"[""coverage_core.jsonl#grid_index=1001""]","{""x"": 0.14563004001975055, ""v"": 0.08253075508400798, ""tau"": 0.4646953729143928, ""K"": 1, ""kappa"": 0.8769369567744434, ""theta"": 0.0633169724419713, ""sigma"": 0.38203100990504024, ""rho"": -0.817195612937212, ""r"": 0.04470012843608856, ""label"": ""sobol_125_4""}"
CORE_GRID,1002,sobol_125_5,FAIL,"[""solver_error""]",UNRESOLVED,UNRESOLVED,"[""coverage_core.jsonl#grid_index=1002""]","{""x"": -0.12439542710781093, ""v"": 0.15775440214201808, ""tau"": 1.8014881540023322, ""K"": 1, ""kappa"": 0.8769369567744434, ""theta"": 0.0633169724419713, ""sigma"": 0.38203100990504024, ""rho"": -0.817195612937212, ""r"": 0.04470012843608856, ""label"": ""sobol_125_5""}"
CORE_GRID,1003,sobol_125_10,FAIL,"[""solver_error""]",UNRESOLVED,UNRESOLVED,"[""coverage_core.jsonl#grid_index=1003""]","{""x"": -0.1815361708402634, ""v"": 0.036572912242263556, ""tau"": 0.28041147966573515, ""K"": 1, ""kappa"": 0.8769369567744434, ""theta"": 0.0633169724419713, ""sigma"": 0.38203100990504024, ""rho"": -0.817195612937212, ""r"": 0.04470012843608856, ""label"": ""sobol_125_10""}"
CORE_GRID,1004,sobol_125_12,FAIL,"[""solver_error""]",UNRESOLVED,UNRESOLVED,"[""coverage_core.jsonl#grid_index=1004""]","{""x"": 0.4510662429034711, ""v"": 0.02580343745648861, ""tau"": 1.3481051623821259, ""K"": 1, ""kappa"": 0.8769369567744434, ""theta"": 0.0633169724419713, ""sigma"": 0.38203100990504024, ""rho"": -0.817195612937212, ""r"": 0.04470012843608856, ""label"": ""sobol_125_12""}"
CORE_GRID,1005,sobol_126_2,FAIL,"[""solver_error"", ""FD_uncertainty_budget_unresolved""]",UNRESOLVED,UNRESOLVED,"[""coverage_core.jsonl#grid_index=1005""]","{""x"": -0.48761915042996407, ""v"": 0.06290221819654107, ""tau"": 0.051801495069253536, ""K"": 1, ""kappa"": 1.8736161957494915, ""theta"": 0.0820824563317001, ""sigma"": 0.763130863662809, ""rho"": -0.34178318008780484, ""r"": 0.0627435076981783, ""label"": ""sobol_126_2""}"
CORE_GRID,1006,sobol_126_4,FAIL,"[""solver_error""]",UNRESOLVED,UNRESOLVED,"[""coverage_core.jsonl#grid_index=1006""]","{""x"": 0.2180958777666091, ""v"": 0.12447395268827677, ""tau"": 1.0736868902930015, ""K"": 1, ""kappa"": 1.8736161957494915, ""theta"": 0.0820824563317001, ""sigma"": 0.763130863662809, ""rho"": -0.34178318008780484, ""r"": 0.0627435076981783, ""label"": ""sobol_126_4""}"
CORE_GRID,1007,sobol_126_5,PASS,[],NOT_APPLICABLE_STRICT_PASS,NUMERICALLY_RESOLVED,"[""coverage_core.jsonl#grid_index=1007""]","{""x"": -0.2021118856966495, ""v"": 0.1352489897981286, ""tau"": 0.6642499166570367, ""K"": 1, ""kappa"": 1.8736161957494915, ""theta"": 0.0820824563317001, ""sigma"": 0.763130863662809, ""rho"": -0.34178318008780484, ""r"": 0.0627435076981783, ""label"": ""sobol_126_5""}"
CORE_GRID,1008,sobol_126_10,PASS,[],NOT_APPLICABLE_STRICT_PASS,NUMERICALLY_RESOLVED,"[""coverage_core.jsonl#grid_index=1008""]","{""x"": -0.10865345969796181, ""v"": 0.014189573936164379, ""tau"": 1.1370197412528333, ""K"": 1, ""kappa"": 1.8736161957494915, ""theta"": 0.0820824563317001, ""sigma"": 0.763130863662809, ""rho"": -0.34178318008780484, ""r"": 0.0627435076981783, ""label"": ""sobol_126_10""}"
CORE_GRID,1009,sobol_126_12,FAIL,"[""solver_error""]",UNRESOLVED,UNRESOLVED,"[""coverage_core.jsonl#grid_index=1009""]","{""x"": 0.38286650776863107, ""v"": 0.04843473108485341, ""tau"": 0.2398611413913646, ""K"": 1, ""kappa"": 1.8736161957494915, ""theta"": 0.0820824563317001, ""sigma"": 0.763130863662809, ""rho"": -0.34178318008780484, ""r"": 0.0627435076981783, ""label"": ""sobol_126_12""}"
CORE_GRID,1010,sobol_126_14,FAIL,"[""solver_error"", ""FD_uncertainty_budget_unresolved""]",UNRESOLVED,UNRESOLVED,"[""coverage_core.jsonl#grid_index=1010""]","{""x"": -0.6862833492457866, ""v"": 0.09580515138804913, ""tau"": 0.9426750538478945, ""K"": 1, ""kappa"": 1.8736161957494915, ""theta"": 0.0820824563317001, ""sigma"": 0.763130863662809, ""rho"": -0.34178318008780484, ""r"": 0.0627435076981783, ""label"": ""sobol_126_14""}"
CORE_GRID,1011,sobol_127_0,FAIL,"[""solver_error""]",UNRESOLVED,UNRESOLVED,"[""coverage_core.jsonl#grid_index=1011""]","{""x"": 0.6171306073665619, ""v"": 0.1092257781419903, ""tau"": 0.29346279364581856, ""K"": 1, ""kappa"": 3.6236635125242174, ""theta"": 0.0274439506046474, ""sigma"": 0.2412797982804477, ""rho"": -0.6628125749528408, ""r"": 0.03489654518663883, ""label"": ""sobol_127_0""}"
CORE_GRID,1012,sobol_127_1,FAIL,"[""solver_error""]",UNRESOLVED,UNRESOLVED,"[""coverage_core.jsonl#grid_index=1012""]","{""x"": -0.6292876370251178, ""v"": 0.1511852501425892, ""tau"": 1.9433539351189717, ""K"": 1, ""kappa"": 3.6236635125242174, ""theta"": 0.0274439506046474, ""sigma"": 0.2412797982804477, ""rho"": -0.6628125749528408, ""r"": 0.03489654518663883, ""label"": ""sobol_127_1""}"
CORE_GRID,1013,sobol_127_2,FAIL,"[""solver_error""]",UNRESOLVED,UNRESOLVED,"[""coverage_core.jsonl#grid_index=1013""]","{""x"": -0.3017974488437175, ""v"": 0.05893899197690189, ""tau"": 0.526509538411148, ""K"": 1, ""kappa"": 3.6236635125242174, ""theta"": 0.0274439506046474, ""sigma"": 0.2412797982804477, ""rho"": -0.6628125749528408, ""r"": 0.03489654518663883, ""label"": ""sobol_127_2""}"
CORE_GRID,1014,sobol_127_10,FAIL,"[""solver_error""]",UNRESOLVED,UNRESOLVED,"[""coverage_core.jsonl#grid_index=1014""]","{""x"": -0.2966542147099972, ""v"": 0.11201582220382988, ""tau"": 1.6605731232742231, ""K"": 1, ""kappa"": 3.6236635125242174, ""theta"": 0.0274439506046474, ""sigma"": 0.2412797982804477, ""rho"": -0.6628125749528408, ""r"": 0.03489654518663883, ""label"": ""sobol_127_10""}"
CORE_GRID,1015,sobol_127_11,FAIL,"[""solver_error""]",UNRESOLVED,UNRESOLVED,"[""coverage_core.jsonl#grid_index=1015""]","{""x"": 0.275714997947216, ""v"": 0.13255657372064888, ""tau"": 0.08128839436667187, ""K"": 1, ""kappa"": 3.6236635125242174, ""theta"": 0.0274439506046474, ""sigma"": 0.2412797982804477, ""rho"": -0.6628125749528408, ""r"": 0.03489654518663883, ""label"": ""sobol_127_11""}"
CORE_GRID,1016,sobol_127_12,FAIL,"[""solver_error""]",UNRESOLVED,UNRESOLVED,"[""coverage_core.jsonl#grid_index=1016""]","{""x"": 0.5708717957139016, ""v"": 0.07584833237342536, ""tau"": 0.7166382400577681, ""K"": 1, ""kappa"": 3.6236635125242174, ""theta"": 0.0274439506046474, ""sigma"": 0.2412797982804477, ""rho"": -0.6628125749528408, ""r"": 0.03489654518663883, ""label"": ""sobol_127_12""}"
CORE_GRID,1017,sobol_128_2,FAIL,"[""solver_error""]",UNRESOLVED,UNRESOLVED,"[""coverage_core.jsonl#grid_index=1017""]","{""x"": -0.583046731352806, ""v"": 0.059154744958505034, ""tau"": 1.9943162937360328, ""K"": 1, ""kappa"": 3.642435931134969, ""theta"": 0.10226796993985773, ""sigma"": 0.5481435329653322, ""rho"": -0.3586464814841748, ""r"": 0.06669281221926213, ""label"": ""sobol_128_2""}"
CORE_GRID,1018,sobol_128_10,PASS,[],NOT_APPLICABLE_STRICT_PASS,NUMERICALLY_RESOLVED,"[""coverage_core.jsonl#grid_index=1018""]","{""x"": -0.015404659509658858, ""v"": 0.11180797056294978, ""tau"": 0.8165086843332069, ""K"": 1, ""kappa"": 3.642435931134969, ""theta"": 0.10226796993985773, ""sigma"": 0.5481435329653322, ""rho"": -0.3586464814841748, ""r"": 0.06669281221926213, ""label"": ""sobol_128_10""}"
CORE_GRID,1019,sobol_128_11,FAIL,"[""solver_error""]",UNRESOLVED,UNRESOLVED,"[""coverage_core.jsonl#grid_index=1019""]","{""x"": 0.031965433806181, ""v"": 0.132283782819286, ""tau"": 1.4204455397668339, ""K"": 1, ""kappa"": 3.642435931134969, ""theta"": 0.10226796993985773, ""sigma"": 0.5481435329653322, ""rho"": -0.3586464814841748, ""r"": 0.06669281221926213, ""label"": ""sobol_128_11""}"
CORE_GRID,1020,sobol_128_12,FAIL,"[""solver_error""]",UNRESOLVED,UNRESOLVED,"[""coverage_core.jsonl#grid_index=1020""]","{""x"": 0.3271222136914731, ""v"": 0.07557153864763677, ""tau"": 1.8062623878497452, ""K"": 1, ""kappa"": 3.642435931134969, ""theta"": 0.10226796993985773, ""sigma"": 0.5481435329653322, ""rho"": -0.3586464814841748, ""r"": 0.06669281221926213, ""label"": ""sobol_128_12""}"
CORE_GRID,1021,sobol_128_14,FAIL,"[""solver_error""]",UNRESOLVED,UNRESOLVED,"[""coverage_core.jsonl#grid_index=1021""]","{""x"": -0.6283557012677192, ""v"": 0.03015424613840878, ""tau"": 1.0098825539905756, ""K"": 1, ""kappa"": 3.642435931134969, ""theta"": 0.10226796993985773, ""sigma"": 0.5481435329653322, ""rho"": -0.3586464814841748, ""r"": 0.06669281221926213, ""label"": ""sobol_128_14""}"
CORE_GRID,1022,sobol_129_2,FAIL,"[""solver_error""]",UNRESOLVED,UNRESOLVED,"[""coverage_core.jsonl#grid_index=1022""]","{""x"": -0.39386987239122384, ""v"": 0.0631141527555883, ""tau"": 1.4572341618948572, ""K"": 1, ""kappa"": 1.8924937569536269, ""theta"": 0.057297149840742356, ""sigma"": 0.37014011861756446, ""rho"": -0.6359761349856854, ""r"": 0.03563295729458332, ""label"": ""sobol_129_2""}"
CORE_GRID,1023,sobol_129_4,FAIL,"[""solver_error""]",UNRESOLVED,UNRESOLVED,"[""coverage_core.jsonl#grid_index=1023""]","{""x"": 0.08684659078717227, ""v"": 0.1247542928904295, ""tau"": 0.42074084465968464, ""K"": 1, ""kappa"": 1.8924937569536269, ""theta"": 0.057297149840742356, ""sigma"": 0.37014011861756446, ""rho"": -0.6359761349856854, ""r"": 0.03563295729458332, ""label"": ""sobol_129_4""}"
CORE_GRID,1024,sobol_129_5,PASS,[],NOT_APPLICABLE_STRICT_PASS,NUMERICALLY_RESOLVED,"[""coverage_core.jsonl#grid_index=1024""]","{""x"": -0.10836258977651592, ""v"": 0.13546456955373287, ""tau"": 1.8201457787460338, ""K"": 1, ""kappa"": 1.8924937569536269, ""theta"": 0.057297149840742356, ""sigma"": 0.37014011861756446, ""rho"": -0.6359761349856854, ""r"": 0.03563295729458332, ""label"": ""sobol_129_5""}"
CORE_GRID,1025,sobol_129_10,FAIL,"[""solver_error""]",UNRESOLVED,UNRESOLVED,"[""coverage_core.jsonl#grid_index=1025""]","{""x"": -0.20240301936864857, ""v"": 0.013970274478197098, ""tau"": 0.35533319793952006, ""K"": 1, ""kappa"": 1.8924937569536269, ""theta"": 0.057297149840742356, ""sigma"": 0.37014011861756446, ""rho"": -0.6359761349856854, ""r"": 0.03563295729458332, ""label"": ""sobol_129_10""}"
CORE_GRID,1026,sobol_129_12,FAIL,"[""solver_error""]",UNRESOLVED,UNRESOLVED,"[""coverage_core.jsonl#grid_index=1026""]","{""x"": 0.5141160942614078, ""v"": 0.04816175578162074, ""tau"": 1.2671073935556387, ""K"": 1, ""kappa"": 1.8924937569536269, ""theta"": 0.057297149840742356, ""sigma"": 0.37014011861756446, ""rho"": -0.6359761349856854, ""r"": 0.03563295729458332, ""label"": ""sobol_129_12""}"
CORE_GRID,1027,sobol_130_2,FAIL,"[""solver_error"", ""FD_uncertainty_budget_unresolved""]",UNRESOLVED,UNRESOLVED,"[""coverage_core.jsonl#grid_index=1027""]","{""x"": -0.476095750182867, ""v"": 0.10481297504156828, ""tau"": 0.06848939930990575, ""K"": 1, ""kappa"": 0.8580583133734763, ""theta"": 0.08853238716721536, ""sigma"": 0.7765436209738253, ""rho"": -0.11051487103104585, ""r"": 0.016811103224754334, ""label"": ""sobol_130_2""}"
CORE_GRID,1028,sobol_130_3,FAIL,"[""solver_error""]",UNRESOLVED,UNRESOLVED,"[""coverage_core.jsonl#grid_index=1028""]","{""x"": 0.45018057078123097, ""v"": 0.1546505717560649, ""tau"": 1.6714080713415844, ""K"": 1, ""kappa"": 0.8580583133734763, ""theta"": 0.08853238716721536, ""sigma"": 0.7765436209738253, ""rho"": -0.11051487103104585, ""r"": 0.016811103224754334, ""label"": ""sobol_130_3""}"
CORE_GRID,1029,sobol_130_4,FAIL,"[""solver_error""]",UNRESOLVED,UNRESOLVED,"[""coverage_core.jsonl#grid_index=1029""]","{""x"": 0.16438048034906383, ""v"": 0.08231923403218389, ""tau"": 1.0592072320739843, ""K"": 1, ""kappa"": 0.8580583133734763, ""theta"": 0.08853238716721536, ""sigma"": 0.7765436209738253, ""rho"": -0.11051487103104585, ""r"": 0.016811103224754334, ""label"": ""sobol_130_4""}"
CORE_GRID,1030,sobol_130_5,FAIL,"[""solver_error""]",UNRESOLVED,UNRESOLVED,"[""coverage_core.jsonl#grid_index=1030""]","{""x"": -0.18064585849642745, ""v"": 0.15748527320101857, ""tau"": 0.7119100895665941, ""K"": 1, ""kappa"": 0.8580583133734763, ""theta"": 0.08853238716721536, ""sigma"": 0.7765436209738253, ""rho"": -0.11051487103104585, ""r"": 0.016811103224754334, ""label"": ""sobol_130_5""}"
CORE_GRID,1031,sobol_130_10,FAIL,"[""solver_error""]",UNRESOLVED,UNRESOLVED,"[""coverage_core.jsonl#grid_index=1031""]","{""x"": -0.12528545781970024, ""v"": 0.036845474038273096, ""tau"": 1.2453146506071326, ""K"": 1, ""kappa"": 0.8580583133734763, ""theta"": 0.08853238716721536, ""sigma"": 0.7765436209738253, ""rho"": -0.11051487103104585, ""r"": 0.016811103224754334, ""label"": ""sobol_130_10""}"
CORE_GRID,1032,sobol_130_12,FAIL,"[""solver_error""]",UNRESOLVED,UNRESOLVED,"[""coverage_core.jsonl#grid_index=1032""]","{""x"": 0.43231552094221115, ""v"": 0.026022792793810368, ""tau"": 0.12987574060920565, ""K"": 1, ""kappa"": 0.8580583133734763, ""theta"": 0.08853238716721536, ""sigma"": 0.7765436209738253, ""rho"": -0.11051487103104585, ""r"": 0.016811103224754334, ""label"": ""sobol_130_12""}"
CORE_GRID,1033,sobol_131_0,FAIL,"[""solver_error""]",UNRESOLVED,UNRESOLVED,"[""coverage_core.jsonl#grid_index=1033""]","{""x"": 0.6665064498782158, ""v"": 0.06728181592188776, ""tau"": 0.34136912120240076, ""K"": 1, ""kappa"": 2.6081057344563305, ""theta"": 0.033502971827983855, ""sigma"": 0.2483906652778387, ""rho"": -0.8815686799585819, ""r"": 0.045829941332340245, ""label"": ""sobol_131_0""}"
CORE_GRID,1034,sobol_131_2,FAIL,"[""solver_error"", ""FD_uncertainty_budget_unresolved""]",UNRESOLVED,UNRESOLVED,"[""coverage_core.jsonl#grid_index=1034""]","{""x"": -0.36543323770165437, ""v"": 0.022857294650748372, ""tau"": 0.6072693988902583, ""K"": 1, ""kappa"": 2.6081057344563305, ""theta"": 0.033502971827983855, ""sigma"": 0.2483906652778387, ""rho"": -0.8815686799585819, ""r"": 0.045829941332340245, ""label"": ""sobol_131_2""}"
CORE_GRID,1035,sobol_131_4,FAIL,"[""solver_error""]",UNRESOLVED,UNRESOLVED,"[""coverage_core.jsonl#grid_index=1035""]","{""x"": 0.05372244715690622, ""v"": 0.0395223933737725, ""tau"": 1.5200267593960264, ""K"": 1, ""kappa"": 2.6081057344563305, ""theta"": 0.033502971827983855, ""sigma"": 0.2483906652778387, ""rho"": -0.8815686799585819, ""r"": 0.045829941332340245, ""label"": ""sobol_131_4""}"
CORE_GRID,1036,sobol_131_10,FAIL,"[""solver_error""]",UNRESOLVED,UNRESOLVED,"[""coverage_core.jsonl#grid_index=1036""]","{""x"": -0.23845670297741894, ""v"": 0.08743717218749225, ""tau"": 1.7043049716952419, ""K"": 1, ""kappa"": 2.6081057344563305, ""theta"": 0.033502971827983855, ""sigma"": 0.2483906652778387, ""rho"": -0.8815686799585819, ""r"": 0.045829941332340245, ""label"": ""sobol_131_10""}"
CORE_GRID,1037,sobol_131_12,FAIL,"[""solver_error""]",UNRESOLVED,UNRESOLVED,"[""coverage_core.jsonl#grid_index=1037""]","{""x"": 0.5454822689294816, ""v"": 0.10018266295082867, ""tau"": 0.6668303410840472, ""K"": 1, ""kappa"": 2.6081057344563305, ""theta"": 0.033502971827983855, ""sigma"": 0.2483906652778387, ""rho"": -0.8815686799585819, ""r"": 0.045829941332340245, ""label"": ""sobol_131_12""}"
CORE_GRID,1038,sobol_131_13,FAIL,"[""solver_error""]",UNRESOLVED,UNRESOLVED,"[""coverage_core.jsonl#grid_index=1038""]","{""x"": -0.5333206750452518, ""v"": 0.1441608548630029, ""tau"": 1.0692024703788023, ""K"": 1, ""kappa"": 2.6081057344563305, ""theta"": 0.033502971827983855, ""sigma"": 0.2483906652778387, ""rho"": -0.8815686799585819, ""r"": 0.045829941332340245, ""label"": ""sobol_131_13""}"
CORE_GRID,1039,sobol_132_2,FAIL,"[""solver_error""]",UNRESOLVED,UNRESOLVED,"[""coverage_core.jsonl#grid_index=1039""]","{""x"": -0.5553968220949173, ""v"": 0.08578958874568343, ""tau"": 0.7495138517226136, ""K"": 1, ""kappa"": 3.0985415750183165, ""theta"": 0.07494228061288595, ""sigma"": 0.3374068347737193, ""rho"": -0.7213237665593624, ""r"": 0.05653795659542084, ""label"": ""sobol_132_2""}"
CORE_GRID,1040,sobol_132_3,FAIL,"[""solver_error""]",UNRESOLVED,UNRESOLVED,"[""coverage_core.jsonl#grid_index=1040""]","{""x"": 0.5432535968720913, ""v"": 0.15900263702496886, ""tau"": 1.0176922031493474, ""K"": 1, ""kappa"": 3.0985415750183165, ""theta"": 0.07494228061288595, ""sigma"": 0.3374068347737193, ""rho"": -0.7213237665593624, ""r"": 0.05653795659542084, ""label"": ""sobol_132_3""}"
CORE_GRID,1041,sobol_132_4,FAIL,"[""solver_error""]",UNRESOLVED,UNRESOLVED,"[""coverage_core.jsonl#grid_index=1041""]","{""x"": 0.22962133213877678, ""v"": 0.10231900401413441, ""tau"": 1.6300734051259322, ""K"": 1, ""kappa"": 3.0985415750183165, ""theta"": 0.07494228061288595, ""sigma"": 0.3374068347737193, ""rho"": -0.7213237665593624, ""r"": 0.05653795659542084, ""label"": ""sobol_132_4""}"
CORE_GRID,1042,sobol_132_5,FAIL,"[""solver_error""]",UNRESOLVED,UNRESOLVED,"[""coverage_core.jsonl#grid_index=1042""]","{""x"": -0.2502791047096252, ""v"": 0.15410994924604893, ""tau"": 0.1059080398464132, ""K"": 1, ""kappa"": 3.0985415750183165, ""theta"": 0.07494228061288595, ""sigma"": 0.3374068347737193, ""rho"": -0.7213237665593624, ""r"": 0.05653795659542084, ""label"": ""sobol_132_5""}"
CORE_GRID,1043,sobol_132_10,PASS,[],NOT_APPLICABLE_STRICT_PASS,NUMERICALLY_RESOLVED,"[""coverage_core.jsonl#grid_index=1043""]","{""x"": -0.04378960132598886, ""v"": 0.024627678096294403, ""tau"": 1.5706086821543674, ""K"": 1, ""kappa"": 3.0985415750183165, ""theta"": 0.07494228061288595, ""sigma"": 0.3374068347737193, ""rho"": -0.7213237665593624, ""r"": 0.05653795659542084, ""label"": ""sobol_132_10""}"
CORE_GRID,1044,sobol_132_12,FAIL,"[""solver_error""]",UNRESOLVED,UNRESOLVED,"[""coverage_core.jsonl#grid_index=1044""]","{""x"": 0.37425028905272484, ""v"": 0.03726420504972339, ""tau"": 0.5652614862561994, ""K"": 1, ""kappa"": 3.0985415750183165, ""theta"": 0.07494228061288595, ""sigma"": 0.3374068347737193, ""rho"": -0.7213237665593624, ""r"": 0.05653795659542084, ""label"": ""sobol_132_12""}"
CORE_GRID,1045,sobol_132_14,FAIL,"[""solver_error"", ""FD_uncertainty_budget_unresolved""]",UNRESOLVED,UNRESOLVED,"[""coverage_core.jsonl#grid_index=1045""]","{""x"": -0.656591834127903, ""v"": 0.114909996278584, ""tau"": 0.26786852329008515, ""K"": 1, ""kappa"": 3.0985415750183165, ""theta"": 0.07494228061288595, ""sigma"": 0.3374068347737193, ""rho"": -0.7213237665593624, ""r"": 0.05653795659542084, ""label"": ""sobol_132_14""}"
CORE_GRID,1046,sobol_132_15,FAIL,"[""solver_error""]",UNRESOLVED,UNRESOLVED,"[""coverage_core.jsonl#grid_index=1046""]","{""x"": 0.6447208441793919, ""v"": 0.12561930436640978, ""tau"": 1.9709297786392863, ""K"": 1, ""kappa"": 3.0985415750183165, ""theta"": 0.07494228061288595, ""sigma"": 0.3374068347737193, ""rho"": -0.7213237665593624, ""r"": 0.05653795659542084, ""label"": ""sobol_132_15""}"
CORE_GRID,1047,sobol_133_2,FAIL,"[""solver_error"", ""FD_uncertainty_budget_unresolved""]",UNRESOLVED,UNRESOLVED,"[""coverage_core.jsonl#grid_index=1047""]","{""x"": -0.441077734529972, ""v"": 0.04288782901130617, ""tau"": 0.21231571400153731, ""K"": 1, ""kappa"": 1.3485938985832036, ""theta"": 0.02049870889633894, ""sigma"": 0.5155984940007329, ""rho"": -0.29870205745100975, ""r"": 0.0061030593514442445, ""label"": ""sobol_133_2""}"
CORE_GRID,1048,sobol_133_4,FAIL,"[""solver_error""]",UNRESOLVED,UNRESOLVED,"[""coverage_core.jsonl#grid_index=1048""]","{""x"": 0.11529758647084232, ""v"": 0.02046824269928038, ""tau"": 1.1708395467915882, ""K"": 1, ""kappa"": 1.3485938985832036, ""theta"": 0.02049870889633894, ""sigma"": 0.5155984940007329, ""rho"": -0.29870205745100975, ""r"": 0.0061030593514442445, ""label"": ""sobol_133_4""}"
CORE_GRID,1049,sobol_133_10,PASS,[],NOT_APPLICABLE_STRICT_PASS,NUMERICALLY_RESOLVED,"[""coverage_core.jsonl#grid_index=1049""]","{""x"": -0.15563657730817804, ""v"": 0.0986482969019562, ""tau"": 1.109545379640564, ""K"": 1, ""kappa"": 1.3485938985832036, ""theta"": 0.02049870889633894, ""sigma"": 0.5155984940007329, ""rho"": -0.29870205745100975, ""r"": 0.0061030593514442445, ""label"": ""sobol_133_10""}"
CORE_GRID,1050,sobol_133_11,FAIL,"[""solver_error""]",UNRESOLVED,UNRESOLVED,"[""coverage_core.jsonl#grid_index=1050""]","{""x"": 0.1718837209045887, ""v"": 0.1406731700990349, ""tau"": 0.6303691933456336, ""K"": 1, ""kappa"": 1.3485938985832036, ""theta"": 0.02049870889633894, ""sigma"": 0.5155984940007329, ""rho"": -0.29870205745100975, ""r"": 0.0061030593514442445, ""label"": ""sobol_133_11""}"
CORE_GRID,1051,sobol_133_12,FAIL,"[""solver_error""]",UNRESOLVED,UNRESOLVED,"[""coverage_core.jsonl#grid_index=1051""]","{""x"": 0.4861019410192966, ""v"": 0.08799515455029905, ""tau"": 0.02623771148408571, ""K"": 1, ""kappa"": 1.3485938985832036, ""theta"": 0.02049870889633894, ""sigma"": 0.5155984940007329, ""rho"": -0.29870205745100975, ""r"": 0.0061030593514442445, ""label"": ""sobol_133_12""}"
CORE_GRID,1052,sobol_134_4,FAIL,"[""solver_error""]",UNRESOLVED,UNRESOLVED,"[""coverage_core.jsonl#grid_index=1052""]","{""x"": 0.19247016459703437, ""v"": 0.06152832764200866, ""tau"": 0.3123505377388071, ""K"": 1, ""kappa"": 1.4019254450686276, ""theta"": 0.11425769289955498, ""sigma"": 0.10646464033052326, ""rho"": -0.5728015311062336, ""r"": 0.02634095884859562, ""label"": ""sobol_134_4""}"
CORE_GRID,1053,sobol_134_10,FAIL,"[""solver_error""]",UNRESOLVED,UNRESOLVED,"[""coverage_core.jsonl#grid_index=1053""]","{""x"": -0.07801121994853011, ""v"": 0.0770908526610583, ""tau"": 0.5024498531129211, ""K"": 1, ""kappa"": 1.4019254450686276, ""theta"": 0.11425769289955498, ""sigma"": 0.10646464033052326, ""rho"": -0.5728015311062336, ""r"": 0.02634095884859562, ""label"": ""sobol_134_10""}"
CORE_GRID,1054,sobol_134_12,FAIL,"[""solver_error""]",UNRESOLVED,UNRESOLVED,"[""coverage_core.jsonl#grid_index=1054""]","{""x"": 0.403784416615963, ""v"": 0.11126539786346257, ""tau"": 1.383977335456404, ""K"": 1, ""kappa"": 1.4019254450686276, ""theta"": 0.11425769289955498, ""sigma"": 0.10646464033052326, ""rho"": -0.5728015311062336, ""r"": 0.02634095884859562, ""label"": ""sobol_134_12""}"
CORE_GRID,1055,sobol_134_13,FAIL,"[""solver_error""]",UNRESOLVED,UNRESOLVED,"[""coverage_core.jsonl#grid_index=1055""]","{""x"": -0.39252224788069723, ""v"": 0.12978795100934803, ""tau"": 0.8568616691008506, ""K"": 1, ""kappa"": 1.4019254450686276, ""theta"": 0.11425769289955498, ""sigma"": 0.10646464033052326, ""rho"": -0.5728015311062336, ""r"": 0.02634095884859562, ""label"": ""sobol_134_13""}"
CORE_GRID,1056,sobol_135_0,FAIL,"[""solver_error""]",UNRESOLVED,UNRESOLVED,"[""coverage_core.jsonl#grid_index=1056""]","{""x"": 0.6195935592055319, ""v"": 0.04656863724812865, ""tau"": 1.0925660683470408, ""K"": 1, ""kappa"": 3.1519814976491034, ""theta"": 0.06870083844289183, ""sigma"": 0.634421298559755, ""rho"": -0.4439039774239063, ""r"": 0.07598483927547932, ""label"": ""sobol_135_0""}"
CORE_GRID,1057,sobol_135_2,FAIL,"[""solver_error""]",UNRESOLVED,UNRESOLVED,"[""coverage_core.jsonl#grid_index=1057""]","{""x"": -0.3371284045279026, ""v"": 0.12126853223890066, ""tau"": 1.8575752829829792, ""K"": 1, ""kappa"": 3.1519814976491034, ""theta"": 0.06870083844289183, ""sigma"": 0.634421298559755, ""rho"": -0.4439039774239063, ""r"": 0.07598483927547932, ""label"": ""sobol_135_2""}"
CORE_GRID,1058,sobol_135_3,FAIL,"[""solver_error""]",UNRESOLVED,UNRESOLVED,"[""coverage_core.jsonl#grid_index=1058""]","{""x"": 0.31148565709590903, ""v"": 0.13393209781497717, ""tau"": 0.3793999100665724, ""K"": 1, ""kappa"": 3.1519814976491034, ""theta"": 0.06870083844289183, ""sigma"": 0.634421298559755, ""rho"": -0.4439039774239063, ""r"": 0.07598483927547932, ""label"": ""sobol_135_3""}"
CORE_GRID,1059,sobol_135_4,FAIL,"[""solver_error""]",UNRESOLVED,UNRESOLVED,"[""coverage_core.jsonl#grid_index=1059""]","{""x"": 0.006660747528076216, ""v"": 0.0656231720931828, ""tau"": 0.7732824868862591, ""K"": 1, ""kappa"": 3.1519814976491034, ""theta"": 0.06870083844289183, ""sigma"": 0.634421298559755, ""rho"": -0.4439039774239063, ""r"": 0.07598483927547932, ""label"": ""sobol_135_4""}"
CORE_GRID,1060,sobol_135_10,PASS,[],NOT_APPLICABLE_STRICT_PASS,NUMERICALLY_RESOLVED,"[""coverage_core.jsonl#grid_index=1060""]","{""x"": -0.2660310812294483, ""v"": 0.04957233602181077, ""tau"": 0.9613125089903377, ""K"": 1, ""kappa"": 3.1519814976491034, ""theta"": 0.06870083844289183, ""sigma"": 0.634421298559755, ""rho"": -0.4439039774239063, ""r"": 0.07598483927547932, ""label"": ""sobol_135_10""}"
CORE_GRID,1061,sobol_135_12,FAIL,"[""solver_error""]",UNRESOLVED,UNRESOLVED,"[""coverage_core.jsonl#grid_index=1061""]","{""x"": 0.5918089359998704, ""v"": 0.013536435551941395, ""tau"": 1.9208156921058184, ""K"": 1, ""kappa"": 3.1519814976491034, ""theta"": 0.06870083844289183, ""sigma"": 0.634421298559755, ""rho"": -0.4439039774239063, ""r"": 0.07598483927547932, ""label"": ""sobol_135_12""}"
CORE_GRID,1062,sobol_136_2,FAIL,"[""solver_error""]",UNRESOLVED,UNRESOLVED,"[""coverage_core.jsonl#grid_index=1062""]","{""x"": -0.5704498417675495, ""v"": 0.11628243350423872, ""tau"": 1.1652204501738268, ""K"": 1, ""kappa"": 3.521795294713229, ""theta"": 0.09086950428783894, ""sigma"": 0.15026088012382388, ""rho"": -0.2098558329045772, ""r"": 0.030042160749435425, ""label"": ""sobol_136_2""}"
CORE_GRID,1063,sobol_136_3,FAIL,"[""solver_error""]",UNRESOLVED,UNRESOLVED,"[""coverage_core.jsonl#grid_index=1063""]","{""x"": 0.5820347249507904, ""v"": 0.12705256813205779, ""tau"": 0.5766415507939185, ""K"": 1, ""kappa"": 3.521795294713229, ""theta"": 0.09086950428783894, ""sigma"": 0.15026088012382388, ""rho"": -0.2098558329045772, ""r"": 0.030042160749435425, ""label"": ""sobol_136_3""}"
CORE_GRID,1064,sobol_136_4,FAIL,"[""solver_error""]",UNRESOLVED,UNRESOLVED,"[""coverage_core.jsonl#grid_index=1064""]","{""x"": 0.29623449146747594, ""v"": 0.07036530948244035, ""tau"": 0.22225971594231114, ""K"": 1, ""kappa"": 3.521795294713229, ""theta"": 0.09086950428783894, ""sigma"": 0.15026088012382388, ""rho"": -0.2098558329045772, ""r"": 0.030042160749435425, ""label"": ""sobol_136_4""}"
CORE_GRID,1065,sobol_136_10,FAIL,"[""solver_error""]",UNRESOLVED,UNRESOLVED,"[""coverage_core.jsonl#grid_index=1065""]","{""x"": -0.030931553989648863, ""v"": 0.056627159705385566, ""tau"": 0.03213137121398061, ""K"": 1, ""kappa"": 3.521795294713229, ""theta"": 0.09086950428783894, ""sigma"": 0.15026088012382388, ""rho"": -0.2098558329045772, ""r"": 0.030042160749435425, ""label"": ""sobol_136_10""}"
CORE_GRID,1066,sobol_136_14,FAIL,"[""solver_error""]",UNRESOLVED,UNRESOLVED,"[""coverage_core.jsonl#grid_index=1066""]","{""x"": -0.6181013815104961, ""v"": 0.08337951521389186, ""tau"": 1.8336353307582498, ""K"": 1, ""kappa"": 3.521795294713229, ""theta"": 0.09086950428783894, ""sigma"": 0.15026088012382388, ""rho"": -0.2098558329045772, ""r"": 0.030042160749435425, ""label"": ""sobol_136_14""}"
CORE_GRID,1067,sobol_136_15,FAIL,"[""solver_error""]",UNRESOLVED,UNRESOLVED,"[""coverage_core.jsonl#grid_index=1067""]","{""x"": 0.6293771401047705, ""v"": 0.15665386687032878, ""tau"": 0.4344055245793055, ""K"": 1, ""kappa"": 3.521795294713229, ""theta"": 0.09086950428783894, ""sigma"": 0.15026088012382388, ""rho"": -0.2098558329045772, ""r"": 0.030042160749435425, ""label"": ""sobol_136_15""}"
CORE_GRID,1068,sobol_137_0,FAIL,"[""solver_error""]",UNRESOLVED,UNRESOLVED,"[""coverage_core.jsonl#grid_index=1068""]","{""x"": 0.6847254931926727, ""v"": 0.08656000392511487, ""tau"": 1.4380088307273884, ""K"": 1, ""kappa"": 1.771741223987192, ""theta"": 0.04209037356078625, ""sigma"": 0.6777929834090173, ""rho"": -0.7824230276048183, ""r"": 0.06228369444608688, ""label"": ""sobol_137_0""}"
CORE_GRID,1069,sobol_137_2,FAIL,"[""solver_error""]",UNRESOLVED,UNRESOLVED,"[""coverage_core.jsonl#grid_index=1069""]","{""x"": -0.38361519500613206, ""v"": 0.010869244113564491, ""tau"": 1.6396828147597493, ""K"": 1, ""kappa"": 1.771741223987192, ""theta"": 0.04209037356078625, ""sigma"": 0.6777929834090173, ""rho"": -0.7824230276048183, ""r"": 0.06228369444608688, ""label"": ""sobol_137_2""}"
CORE_GRID,1070,sobol_137_4,FAIL,"[""solver_error""]",UNRESOLVED,UNRESOLVED,"[""coverage_core.jsonl#grid_index=1070""]","{""x"": 0.10940448492765431, ""v"": 0.05101834749802947, ""tau"": 0.7434983638832198, ""K"": 1, ""kappa"": 1.771741223987192, ""theta"": 0.04209037356078625, ""sigma"": 0.6777929834090173, ""rho"": -0.7824230276048183, ""r"": 0.06228369444608688, ""label"": ""sobol_137_4""}"
CORE_GRID,1071,sobol_137_10,FAIL,"[""solver_error""]",UNRESOLVED,UNRESOLVED,"[""coverage_core.jsonl#grid_index=1071""]","{""x"": -0.2202745579183102, ""v"": 0.06817449582740664, ""tau"": 0.5554393124249246, ""K"": 1, ""kappa"": 1.771741223987192, ""theta"": 0.04209037356078625, ""sigma"": 0.6777929834090173, ""rho"": -0.7824230276048183, ""r"": 0.06228369444608688, ""label"": ""sobol_137_10""}"
CORE_GRID,1072,sobol_137_12,FAIL,"[""solver_error""]",UNRESOLVED,UNRESOLVED,"[""coverage_core.jsonl#grid_index=1072""]","{""x"": 0.4898000612854958, ""v"": 0.11993743479251862, ""tau"": 1.5763496068816276, ""K"": 1, ""kappa"": 1.771741223987192, ""theta"": 0.04209037356078625, ""sigma"": 0.6777929834090173, ""rho"": -0.7824230276048183, ""r"": 0.06228369444608688, ""label"": ""sobol_137_12""}"
CORE_GRID,1073,sobol_137_13,FAIL,"[""solver_error"", ""FD_uncertainty_budget_unresolved""]",UNRESOLVED,UNRESOLVED,"[""coverage_core.jsonl#grid_index=1073""]","{""x"": -0.5151383869349956, ""v"": 0.14047358185052872, ""tau"": 0.16158671674156, ""K"": 1, ""kappa"": 1.771741223987192, ""theta"": 0.04209037356078625, ""sigma"": 0.6777929834090173, ""rho"": -0.7824230276048183, ""r"": 0.06228369444608688, ""label"": ""sobol_137_13""}"
CORE_GRID,1074,sobol_138_2,FAIL,"[""solver_error""]",UNRESOLVED,UNRESOLVED,"[""coverage_core.jsonl#grid_index=1074""]","{""x"": -0.4511930331587791, ""v"": 0.03206500457599759, ""tau"": 0.7830746795812119, ""K"": 1, ""kappa"": 0.9775233319960535, ""theta"": 0.0983314255066216, ""sigma"": 0.29394940864294766, ""rho"": -0.4585732825100422, ""r"": 0.04016104854643345, ""label"": ""sobol_138_2""}"
CORE_GRID,1075,sobol_138_4,FAIL,"[""solver_error""]",UNRESOLVED,UNRESOLVED,"[""coverage_core.jsonl#grid_index=1075""]","{""x"": 0.18166519179940233, ""v"": 0.031047104857861996, ""tau"": 1.8517425112825419, ""K"": 1, ""kappa"": 0.9775233319960535, ""theta"": 0.0983314255066216, ""sigma"": 0.29394940864294766, ""rho"": -0.4585732825100422, ""r"": 0.04016104854643345, ""label"": ""sobol_138_4""}"
CORE_GRID,1076,sobol_138_10,FAIL,"[""solver_error""]",UNRESOLVED,UNRESOLVED,"[""coverage_core.jsonl#grid_index=1076""]","{""x"": -0.14725881367921834, ""v"": 0.10764837730675936, ""tau"": 1.9112981294451783, ""K"": 1, ""kappa"": 0.9775233319960535, ""theta"": 0.0983314255066216, ""sigma"": 0.29394940864294766, ""rho"": -0.4585732825100422, ""r"": 0.04016104854643345, ""label"": ""sobol_138_10""}"
CORE_GRID,1077,sobol_138_11,FAIL,"[""solver_error""]",UNRESOLVED,UNRESOLVED,"[""coverage_core.jsonl#grid_index=1077""]","{""x"": 0.12631952539086333, ""v"": 0.15156483370810747, ""tau"": 0.3237221849535311, ""K"": 1, ""kappa"": 0.9775233319960535, ""theta"": 0.0983314255066216, ""sigma"": 0.29394940864294766, ""rho"": -0.4585732825100422, ""r"": 0.04016104854643345, ""label"": ""sobol_138_11""}"
CORE_GRID,1078,sobol_138_12,FAIL,"[""solver_error""]",UNRESOLVED,UNRESOLVED,"[""coverage_core.jsonl#grid_index=1078""]","{""x"": 0.421476448327303, ""v"": 0.07923903549090028, ""tau"": 0.9673579779660536, ""K"": 1, ""kappa"": 0.9775233319960535, ""theta"": 0.0983314255066216, ""sigma"": 0.29394940864294766, ""rho"": -0.4585732825100422, ""r"": 0.04016104854643345, ""label"": ""sobol_138_12""}"
CORE_GRID,1079,sobol_139_0,FAIL,"[""solver_error""]",UNRESOLVED,UNRESOLVED,"[""coverage_core.jsonl#grid_index=1079""]","{""x"": 0.6556670196354388, ""v"": 0.015030734473839402, ""tau"": 0.5102558420002756, ""K"": 1, ""kappa"": 2.7274721558205783, ""theta"": 0.04711088703945279, ""sigma"": 0.4712038176134229, ""rho"": -0.5374165125191211, ""r"": 0.012480062916874885, ""label"": ""sobol_139_0""}"
CORE_GRID,1080,sobol_139_2,FAIL,"[""solver_error""]",UNRESOLVED,UNRESOLVED,"[""coverage_core.jsonl#grid_index=1080""]","{""x"": -0.3381875216960907, ""v"": 0.0907224218826741, ""tau"": 0.3064268968725902, ""K"": 1, ""kappa"": 2.7274721558205783, ""theta"": 0.04711088703945279, ""sigma"": 0.4712038176134229, ""rho"": -0.5374165125191211, ""r"": 0.012480062916874885, ""label"": ""sobol_139_2""}"
CORE_GRID,1081,sobol_139_4,FAIL,"[""solver_error""]",UNRESOLVED,UNRESOLVED,"[""coverage_core.jsonl#grid_index=1081""]","{""x"": 0.06866430267691603, ""v"": 0.09763049078173935, ""tau"": 1.3283032167052466, ""K"": 1, ""kappa"": 2.7274721558205783, ""theta"": 0.04711088703945279, ""sigma"": 0.4712038176134229, ""rho"": -0.5374165125191211, ""r"": 0.012480062916874885, ""label"": ""sobol_139_4""}"
CORE_GRID,1082,sobol_139_5,FAIL,"[""solver_error""]",UNRESOLVED,UNRESOLVED,"[""coverage_core.jsonl#grid_index=1082""]","{""x"": -0.052680382132530124, ""v"": 0.14740587514825165, ""tau"": 0.91058835987046, ""K"": 1, ""kappa"": 2.7274721558205783, ""theta"": 0.04711088703945279, ""sigma"": 0.4712038176134229, ""rho"": -0.5374165125191211, ""r"": 0.012480062916874885, ""label"": ""sobol_139_5""}"
CORE_GRID,1083,sobol_139_10,FAIL,"[""solver_error""]",UNRESOLVED,UNRESOLVED,"[""coverage_core.jsonl#grid_index=1083""]","{""x"": -0.2580849140882492, ""v"": 0.017610802548006177, ""tau"": 1.3896882790473424, ""K"": 1, ""kappa"": 2.7274721558205783, ""theta"": 0.04711088703945279, ""sigma"": 0.4712038176134229, ""rho"": -0.5374165125191211, ""r"": 0.012480062916874885, ""label"": ""sobol_139_10""}"
CORE_GRID,1084,sobol_139_12,FAIL,"[""solver_error""]",UNRESOLVED,UNRESOLVED,"[""coverage_core.jsonl#grid_index=1084""]","{""x"": 0.5322979085147381, ""v"": 0.044036761624738574, ""tau"": 0.4925358323084693, ""K"": 1, ""kappa"": 2.7274721558205783, ""theta"": 0.04711088703945279, ""sigma"": 0.4712038176134229, ""rho"": -0.5374165125191211, ""r"": 0.012480062916874885, ""label"": ""sobol_139_12""}"
CORE_GRID,1085,sobol_140_2,FAIL,"[""solver_error"", ""FD_uncertainty_budget_unresolved""]",UNRESOLVED,UNRESOLVED,"[""coverage_core.jsonl#grid_index=1085""]","{""x"": -0.5422136731445789, ""v"": 0.02768147550523281, ""tau"": 0.41101004562843296, ""K"": 1, ""kappa"": 2.343007323797792, ""theta"": 0.1119202077202499, ""sigma"": 0.7325738750398159, ""rho"": -0.6724841050803662, ""r"": 0.0005123011022806168, ""label"": ""sobol_140_2""}"
CORE_GRID,1086,sobol_140_4,FAIL,"[""solver_error""]",UNRESOLVED,UNRESOLVED,"[""coverage_core.jsonl#grid_index=1086""]","{""x"": 0.24925061166286477, ""v"": 0.03445389261469245, ""tau"": 1.4631273680410923, ""K"": 1, ""kappa"": 2.343007323797792, ""theta"": 0.1119202077202499, ""sigma"": 0.7325738750398159, ""rho"": -0.6724841050803662, ""r"": 0.0005123011022806168, ""label"": ""sobol_140_4""}"
CORE_GRID,1087,sobol_140_10,FAIL,"[""solver_error""]",UNRESOLVED,UNRESOLVED,"[""coverage_core.jsonl#grid_index=1087""]","{""x"": -0.05873023644089703, ""v"": 0.08077356545254588, ""tau"": 1.277051834208477, ""K"": 1, ""kappa"": 2.343007323797792, ""theta"": 0.1119202077202499, ""sigma"": 0.7325738750398159, ""rho"": -0.6724841050803662, ""r"": 0.0005123011022806168, ""label"": ""sobol_140_10""}"
CORE_GRID,1088,sobol_140_12,FAIL,"[""solver_error""]",UNRESOLVED,UNRESOLVED,"[""coverage_core.jsonl#grid_index=1088""]","{""x"": 0.3470034956932069, ""v"": 0.10709058865904808, ""tau"": 0.3497136477380991, ""K"": 1, ""kappa"": 2.343007323797792, ""theta"": 0.1119202077202499, ""sigma"": 0.7325738750398159, ""rho"": -0.6724841050803662, ""r"": 0.0005123011022806168, ""label"": ""sobol_140_12""}"
CORE_GRID,1089,sobol_140_13,FAIL,"[""solver_error""]",UNRESOLVED,UNRESOLVED,"[""coverage_core.jsonl#grid_index=1089""]","{""x"": -0.3732414074242115, ""v"": 0.1490536965429783, ""tau"": 1.8892217405576495, ""K"": 1, ""kappa"": 2.343007323797792, ""theta"": 0.1119202077202499, ""sigma"": 0.7325738750398159, ""rho"": -0.6724841050803662, ""r"": 0.0005123011022806168, ""label"": ""sobol_140_13""}"
CORE_GRID,1090,sobol_140_14,FAIL,"[""solver_error"", ""FD_uncertainty_budget_unresolved""]",UNRESOLVED,UNRESOLVED,"[""coverage_core.jsonl#grid_index=1090""]","{""x"": -0.6457513265311717, ""v"": 0.060711963567882776, ""tau"": 0.5844258996510198, ""K"": 1, ""kappa"": 2.343007323797792, ""theta"": 0.1119202077202499, ""sigma"": 0.7325738750398159, ""rho"": -0.6724841050803662, ""r"": 0.0005123011022806168, ""label"": ""sobol_140_14""}"
CORE_GRID,1091,sobol_141_2,FAIL,"[""solver_error""]",UNRESOLVED,UNRESOLVED,"[""coverage_core.jsonl#grid_index=1091""]","{""x"": -0.430237441509962, ""v"": 0.09415997215546668, ""tau"": 0.8855886540397824, ""K"": 1, ""kappa"": 0.5929579208604991, ""theta"": 0.06011382861062885, ""sigma"": 0.20519265346229076, ""rho"": -0.34519797489047055, ""r"": 0.05212880082428455, ""label"": ""sobol_141_2""}"
CORE_GRID,1092,sobol_141_3,FAIL,"[""solver_error""]",UNRESOLVED,UNRESOLVED,"[""coverage_core.jsonl#grid_index=1092""]","{""x"": 0.4420946314930916, ""v"": 0.1458886752370745, ""tau"": 1.3494221127946817, ""K"": 1, ""kappa"": 0.5929579208604991, ""theta"": 0.06011382861062885, ""sigma"": 0.20519265346229076, ""rho"": -0.34519797489047055, ""r"": 0.05212880082428455, ""label"": ""sobol_141_3""}"
CORE_GRID,1093,sobol_141_4,FAIL,"[""solver_error""]",UNRESOLVED,UNRESOLVED,"[""coverage_core.jsonl#grid_index=1093""]","{""x"": 0.13726986497640614, ""v"": 0.09321619919501245, ""tau"": 1.9844936811926936, ""K"": 1, ""kappa"": 0.5929579208604991, ""theta"": 0.06011382861062885, ""sigma"": 0.20519265346229076, ""rho"": -0.34519797489047055, ""r"": 0.05212880082428455, ""label"": ""sobol_141_4""}"
CORE_GRID,1094,sobol_141_10,PASS,[],NOT_APPLICABLE_STRICT_PASS,NUMERICALLY_RESOLVED,"[""coverage_core.jsonl#grid_index=1094""]","{""x"": -0.17292250022292133, ""v"": 0.04543207003735006, ""tau"": 1.8002473535940111, ""K"": 1, ""kappa"": 0.5929579208604991, ""theta"": 0.06011382861062885, ""sigma"": 0.20519265346229076, ""rho"": -0.34519797489047055, ""r"": 0.05212880082428455, ""label"": ""sobol_141_10""}"
CORE_GRID,1095,sobol_141_12,FAIL,"[""solver_error""]",UNRESOLVED,UNRESOLVED,"[""coverage_core.jsonl#grid_index=1095""]","{""x"": 0.4612002924084664, ""v"": 0.01719223544932902, ""tau"": 0.8261176552549596, ""K"": 1, ""kappa"": 0.5929579208604991, ""theta"": 0.06011382861062885, ""sigma"": 0.20519265346229076, ""rho"": -0.34519797489047055, ""r"": 0.05212880082428455, ""label"": ""sobol_141_12""}"
CORE_GRID,1096,sobol_142_2,FAIL,"[""solver_error""]",UNRESOLVED,UNRESOLVED,"[""coverage_core.jsonl#grid_index=1096""]","{""x"": -0.4986160442233085, ""v"": 0.07385087641887367, ""tau"": 1.526072726570188, ""K"": 1, ""kappa"": 2.156285538803786, ""theta"": 0.07887843612581492, ""sigma"": 0.5917692498303949, ""rho"": -0.820810929685831, ""r"": 0.07031590819358825, ""label"": ""sobol_142_2""}"
CORE_GRID,1097,sobol_142_4,FAIL,"[""solver_error""]",UNRESOLVED,UNRESOLVED,"[""coverage_core.jsonl#grid_index=1097""]","{""x"": 0.21034049168229108, ""v"": 0.11377325025387108, ""tau"": 0.5977513231595771, ""K"": 1, ""kappa"": 2.156285538803786, ""theta"": 0.07887843612581492, ""sigma"": 0.5917692498303949, ""rho"": -0.820810929685831, ""r"": 0.07031590819358825, ""label"": ""sobol_142_4""}"
CORE_GRID,1098,sobol_142_5,FAIL,"[""solver_error""]",UNRESOLVED,UNRESOLVED,"[""coverage_core.jsonl#grid_index=1098""]","{""x"": -0.193498183786869, ""v"": 0.1264966439921409, ""tau"": 1.1402249455688491, ""K"": 1, ""kappa"": 2.156285538803786, ""theta"": 0.07887843612581492, ""sigma"": 0.5917692498303949, ""rho"": -0.820810929685831, ""r"": 0.07031590819358825, ""label"": ""sobol_142_5""}"
CORE_GRID,1099,sobol_142_12,FAIL,"[""solver_error""]",UNRESOLVED,UNRESOLVED,"[""coverage_core.jsonl#grid_index=1099""]","{""x"": 0.39353095963597307, ""v"": 0.05706119234673679, ""tau"": 1.7140966513201534, ""K"": 1, ""kappa"": 2.156285538803786, ""theta"": 0.07887843612581492, ""sigma"": 0.5917692498303949, ""rho"": -0.820810929685831, ""r"": 0.07031590819358825, ""label"": ""sobol_142_12""}"
CORE_GRID,1100,sobol_142_14,FAIL,"[""solver_error"", ""FD_uncertainty_budget_unresolved""]",UNRESOLVED,UNRESOLVED,"[""coverage_core.jsonl#grid_index=1100""]","{""x"": -0.6759095907211303, ""v"": 0.10344074503518641, ""tau"": 1.481051810119035, ""K"": 1, ""kappa"": 2.156285538803786, ""theta"": 0.07887843612581492, ""sigma"": 0.5917692498303949, ""rho"": -0.820810929685831, ""r"": 0.07031590819358825, ""label"": ""sobol_142_14""}"
CORE_GRID,1101,sobol_143_0,FAIL,"[""solver_error""]",UNRESOLVED,UNRESOLVED,"[""coverage_core.jsonl#grid_index=1101""]","{""x"": 0.6093403168022633, ""v"": 0.09783175401389599, ""tau"": 1.7521095403603144, ""K"": 1, ""kappa"": 3.9062265655957162, ""theta"": 0.030685336776077748, ""sigma"": 0.4143666711635887, ""rho"": -0.1998008348047733, ""r"": 0.022009956538677215, ""label"": ""sobol_143_0""}"
CORE_GRID,1102,sobol_143_1,FAIL,"[""solver_error"", ""FD_uncertainty_budget_unresolved""]",UNRESOLVED,UNRESOLVED,"[""coverage_core.jsonl#grid_index=1102""]","{""x"": -0.6206344529986382, ""v"": 0.14174911938607693, ""tau"": 0.48475902335023474, ""K"": 1, ""kappa"": 3.9062265655957162, ""theta"": 0.030685336776077748, ""sigma"": 0.4143666711635887, ""rho"": -0.1998008348047733, ""r"": 0.022009956538677215, ""label"": ""sobol_143_1""}"
CORE_GRID,1103,sobol_143_2,FAIL,"[""solver_error""]",UNRESOLVED,UNRESOLVED,"[""coverage_core.jsonl#grid_index=1103""]","{""x"": -0.31046894788742063, ""v"": 0.05436850758269429, ""tau"": 1.0492937243395737, ""K"": 1, ""kappa"": 3.9062265655957162, ""theta"": 0.030685336776077748, ""sigma"": 0.4143666711635887, ""rho"": -0.1998008348047733, ""r"": 0.022009956538677215, ""label"": ""sobol_143_2""}"
CORE_GRID,1104,sobol_143_10,FAIL,"[""solver_error""]",UNRESOLVED,UNRESOLVED,"[""coverage_core.jsonl#grid_index=1104""]","{""x"": -0.28624555170536037, ""v"": 0.1184183144941926, ""tau"": 0.13951564444938586, ""K"": 1, ""kappa"": 3.9062265655957162, ""theta"": 0.030685336776077748, ""sigma"": 0.4143666711635887, ""rho"": -0.1998008348047733, ""r"": 0.022009956538677215, ""label"": ""sobol_143_10""}"
CORE_GRID,1105,sobol_143_11,FAIL,"[""solver_error""]",UNRESOLVED,UNRESOLVED,"[""coverage_core.jsonl#grid_index=1105""]","{""x"": 0.2649927578866482, ""v"": 0.13700117263942957, ""tau"": 1.602333061312074, ""K"": 1, ""kappa"": 3.9062265655957162, ""theta"": 0.030685336776077748, ""sigma"": 0.4143666711635887, ""rho"": -0.1998008348047733, ""r"": 0.022009956538677215, ""label"": ""sobol_143_11""}"
CORE_GRID,1106,sobol_143_12,FAIL,"[""solver_error""]",UNRESOLVED,UNRESOLVED,"[""coverage_core.jsonl#grid_index=1106""]","{""x"": 0.5792108349502088, ""v"": 0.06871723243966699, ""tau"": 1.23939051154247, ""K"": 1, ""kappa"": 3.9062265655957162, ""theta"": 0.030685336776077748, ""sigma"": 0.4143666711635887, ""rho"": -0.1998008348047733, ""r"": 0.022009956538677215, ""label"": ""sobol_143_12""}"
CORE_GRID,1107,sobol_144_2,FAIL,"[""solver_error"", ""FD_uncertainty_budget_unresolved""]",UNRESOLVED,UNRESOLVED,"[""coverage_core.jsonl#grid_index=1107""]","{""x"": -0.5985135264694691, ""v"": 0.06909919041208923, ""tau"": 0.24074130003444022, ""K"": 1, ""kappa"": 3.8307958068326116, ""theta"": 0.08034297049045563, ""sigma"": 0.6988767997361719, ""rho"": -0.5877038568258286, ""r"": 0.048667236343026166, ""label"": ""sobol_144_2""}"
CORE_GRID,1108,sobol_144_4,FAIL,"[""solver_error""]",UNRESOLVED,UNRESOLVED,"[""coverage_core.jsonl#grid_index=1108""]","{""x"": 0.2680413097143173, ""v"": 0.11901321751065552, ""tau"": 1.1369314653215012, ""K"": 1, ""kappa"": 3.8307958068326116, ""theta"": 0.08034297049045563, ""sigma"": 0.6988767997361719, ""rho"": -0.5877038568258286, ""r"": 0.048667236343026166, ""label"": ""sobol_144_4""}"
CORE_GRID,1109,sobol_144_5,PASS,[],NOT_APPLICABLE_STRICT_PASS,NUMERICALLY_RESOLVED,"[""coverage_core.jsonl#grid_index=1109""]","{""x"": -0.2845882929861545, ""v"": 0.13753590476699173, ""tau"": 0.6029850930226819, ""K"": 1, ""kappa"": 3.8307958068326116, ""theta"": 0.08034297049045563, ""sigma"": 0.6988767997361719, ""rho"": -0.5877038568258286, ""r"": 0.048667236343026166, ""label"": ""sobol_144_5""}"
CORE_GRID,1110,sobol_144_12,FAIL,"[""solver_error""]",UNRESOLVED,UNRESOLVED,"[""coverage_core.jsonl#grid_index=1110""]","{""x"": 0.3282312512397767, ""v"": 0.05389546672813594, ""tau"": 0.052626929959164015, ""K"": 1, ""kappa"": 3.8307958068326116, ""theta"": 0.08034297049045563, ""sigma"": 0.6988767997361719, ""rho"": -0.5877038568258286, ""r"": 0.048667236343026166, ""label"": ""sobol_144_12""}"
CORE_GRID,1111,sobol_144_14,FAIL,"[""solver_error"", ""FD_uncertainty_budget_unresolved""]",UNRESOLVED,UNRESOLVED,"[""coverage_core.jsonl#grid_index=1111""]","{""x"": -0.6269606284797191, ""v"": 0.09833619953133166, ""tau"": 0.7532176281332911, ""K"": 1, ""kappa"": 3.8307958068326116, ""theta"": 0.08034297049045563, ""sigma"": 0.6988767997361719, ""rho"": -0.5877038568258286, ""r"": 0.048667236343026166, ""label"": ""sobol_144_14""}"
CORE_GRID,1112,sobol_144_15,FAIL,"[""solver_error""]",UNRESOLVED,UNRESOLVED,"[""coverage_core.jsonl#grid_index=1112""]","{""x"": 0.6016223028302192, ""v"": 0.14231325895525515, ""tau"": 1.481654126463192, ""K"": 1, ""kappa"": 3.8307958068326116, ""theta"": 0.08034297049045563, ""sigma"": 0.6988767997361719, ""rho"": -0.5877038568258286, ""r"": 0.048667236343026166, ""label"": ""sobol_144_15""}"
CORE_GRID,1113,sobol_145_0,FAIL,"[""solver_error""]",UNRESOLVED,UNRESOLVED,"[""coverage_core.jsonl#grid_index=1113""]","{""x"": 0.6940406084060669, ""v"": 0.10296776331961155, ""tau"": 0.48243302589518916, ""K"": 1, ""kappa"": 2.0807379549369216, ""theta"": 0.029220045059919358, ""sigma"": 0.17156100543215871, ""rho"": -0.4166965872049332, ""r"": 0.019004476144909858, ""label"": ""sobol_145_0""}"
CORE_GRID,1114,sobol_145_1,FAIL,"[""solver_error""]",UNRESOLVED,UNRESOLVED,"[""coverage_core.jsonl#grid_index=1114""]","{""x"": -0.6824557252228259, ""v"": 0.15280458517372608, ""tau"": 1.756363454263746, ""K"": 1, ""kappa"": 2.0807379549369216, ""theta"": 0.029220045059919358, ""sigma"": 0.17156100543215871, ""rho"": -0.4166965872049332, ""r"": 0.019004476144909858, ""label"": ""sobol_145_1""}"
CORE_GRID,1115,sobol_145_2,FAIL,"[""solver_error""]",UNRESOLVED,UNRESOLVED,"[""coverage_core.jsonl#grid_index=1115""]","{""x"": -0.41151998564600945, ""v"": 0.057563789654523134, ""tau"": 0.7171548179365577, ""K"": 1, ""kappa"": 2.0807379549369216, ""theta"": 0.029220045059919358, ""sigma"": 0.17156100543215871, ""rho"": -0.4166965872049332, ""r"": 0.019004476144909858, ""label"": ""sobol_145_2""}"
CORE_GRID,1116,sobol_145_10,FAIL,"[""solver_error""]",UNRESOLVED,UNRESOLVED,"[""coverage_core.jsonl#grid_index=1116""]","{""x"": -0.19162150248885146, ""v"": 0.11339102406054735, ""tau"": 1.5948921050285063, ""K"": 1, ""kappa"": 2.0807379549369216, ""theta"": 0.029220045059919358, ""sigma"": 0.17156100543215871, ""rho"": -0.4166965872049332, ""r"": 0.019004476144909858, ""label"": ""sobol_145_10""}"
CORE_GRID,1117,sobol_145_11,FAIL,"[""solver_error""]",UNRESOLVED,UNRESOLVED,"[""coverage_core.jsonl#grid_index=1117""]","{""x"": 0.21316962093114844, ""v"": 0.12605442572385073, ""tau"": 0.14109116171427544, ""K"": 1, ""kappa"": 2.0807379549369216, ""theta"": 0.029220045059919358, ""sigma"": 0.17156100543215871, ""rho"": -0.4166965872049332, ""r"": 0.019004476144909858, ""label"": ""sobol_145_11""}"
CORE_GRID,1118,sobol_145_12,FAIL,"[""solver_error""]",UNRESOLVED,UNRESOLVED,"[""coverage_core.jsonl#grid_index=1118""]","{""x"": 0.517408449947834, ""v"": 0.07325624162331223, ""tau"": 0.5272112416273486, ""K"": 1, ""kappa"": 2.0807379549369216, ""theta"": 0.029220045059919358, ""sigma"": 0.17156100543215871, ""rho"": -0.4166965872049332, ""r"": 0.019004476144909858, ""label"": ""sobol_145_12""}"
CORE_GRID,1119,sobol_146_2,FAIL,"[""solver_error""]",UNRESOLVED,UNRESOLVED,"[""coverage_core.jsonl#grid_index=1119""]","{""x"": -0.47984365671873086, ""v"": 0.016627909615635872, ""tau"": 1.8235030190997004, ""K"": 1, ""kappa"": 0.6704178443178535, ""theta"": 0.11045428717508914, ""sigma"": 0.49250058159232135, ""rho"": -0.7423035696148872, ""r"": 0.03847330391407013, ""label"": ""sobol_146_2""}"
CORE_GRID,1120,sobol_146_4,FAIL,"[""solver_error""]",UNRESOLVED,UNRESOLVED,"[""coverage_core.jsonl#grid_index=1120""]","{""x"": 0.15405894890427585, ""v"": 0.04501917725428939, ""tau"": 0.801628599113356, ""K"": 1, ""kappa"": 0.6704178443178535, ""theta"": 0.11045428717508914, ""sigma"": 0.49250058159232135, ""rho"": -0.7423035696148872, ""r"": 0.03847330391407013, ""label"": ""sobol_146_4""}"
CORE_GRID,1121,sobol_146_10,FAIL,"[""solver_error""]",UNRESOLVED,UNRESOLVED,"[""coverage_core.jsonl#grid_index=1121""]","{""x"": -0.11936074644327155, ""v"": 0.09365913970395923, ""tau"": 0.9877964297849093, ""K"": 1, ""kappa"": 0.6704178443178535, ""theta"": 0.11045428717508914, ""sigma"": 0.49250058159232135, ""rho"": -0.7423035696148872, ""r"": 0.03847330391407013, ""label"": ""sobol_146_10""}"
CORE_GRID,1122,sobol_146_12,FAIL,"[""solver_error""]",UNRESOLVED,UNRESOLVED,"[""coverage_core.jsonl#grid_index=1122""]","{""x"": 0.44983066990971565, ""v"": 0.09469329565763474, ""tau"": 1.8849507763700943, ""K"": 1, ""kappa"": 0.6704178443178535, ""theta"": 0.11045428717508914, ""sigma"": 0.49250058159232135, ""rho"": -0.7423035696148872, ""r"": 0.03847330391407013, ""label"": ""sobol_146_12""}"
CORE_GRID,1123,sobol_146_13,FAIL,"[""solver_error""]",UNRESOLVED,UNRESOLVED,"[""coverage_core.jsonl#grid_index=1123""]","{""x"": -0.42389266937971115, ""v"": 0.14648401737213135, ""tau"": 0.35202259490902105, ""K"": 1, ""kappa"": 0.6704178443178535, ""theta"": 0.11045428717508914, ""sigma"": 0.49250058159232135, ""rho"": -0.7423035696148872, ""r"": 0.03847330391407013, ""label"": ""sobol_146_13""}"
CORE_GRID,1124,sobol_147_0,FAIL,"[""solver_error""]",UNRESOLVED,UNRESOLVED,"[""coverage_core.jsonl#grid_index=1124""]","{""x"": 0.6655667848885058, ""v"": 0.06124677765183151, ""tau"": 1.581841750266326, ""K"": 1, ""kappa"": 2.4203704493120313, ""theta"": 0.06157745400443673, ""sigma"": 0.31503524594008925, ""rho"": -0.2650265589356422, ""r"": 0.06888801604509354, ""label"": ""sobol_147_0""}"
CORE_GRID,1125,sobol_147_2,FAIL,"[""solver_error""]",UNRESOLVED,UNRESOLVED,"[""coverage_core.jsonl#grid_index=1125""]","{""x"": -0.3666772484779358, ""v"": 0.10664785676635802, ""tau"": 1.3488025825788519, ""K"": 1, ""kappa"": 2.4203704493120313, ""theta"": 0.06157745400443673, ""sigma"": 0.31503524594008925, ""rho"": -0.2650265589356422, ""r"": 0.06888801604509354, ""label"": ""sobol_147_2""}"
CORE_GRID,1126,sobol_147_3,FAIL,"[""solver_error""]",UNRESOLVED,UNRESOLVED,"[""coverage_core.jsonl#grid_index=1126""]","{""x"": 0.354520147293806, ""v"": 0.14867292367853224, ""tau"": 0.892034436620417, ""K"": 1, ""kappa"": 2.4203704493120313, ""theta"": 0.06157745400443673, ""sigma"": 0.31503524594008925, ""rho"": -0.2650265589356422, ""r"": 0.06888801604509354, ""label"": ""sobol_147_3""}"
CORE_GRID,1127,sobol_147_4,PASS,[],NOT_APPLICABLE_STRICT_PASS,NUMERICALLY_RESOLVED,"[""coverage_core.jsonl#grid_index=1127""]","{""x"": 0.04088800773024559, ""v"": 0.08024003333412111, ""tau"": 0.2801404578522557, ""K"": 1, ""kappa"": 2.4203704493120313, ""theta"": 0.06157745400443673, ""sigma"": 0.31503524594008925, ""rho"": -0.2650265589356422, ""r"": 0.06888801604509354, ""label"": ""sobol_147_4""}"
CORE_GRID,1128,sobol_147_10,FAIL,"[""solver_error""]",UNRESOLVED,UNRESOLVED,"[""coverage_core.jsonl#grid_index=1128""]","{""x"": -0.23001908361911771, ""v"": 0.03501842706464231, ""tau"": 0.4642354260708782, ""K"": 1, ""kappa"": 2.4203704493120313, ""theta"": 0.06157745400443673, ""sigma"": 0.31503524594008925, ""rho"": -0.2650265589356422, ""r"": 0.06888801604509354, ""label"": ""sobol_147_10""}"
CORE_GRID,1129,sobol_147_12,FAIL,"[""solver_error""]",UNRESOLVED,UNRESOLVED,"[""coverage_core.jsonl#grid_index=1129""]","{""x"": 0.5604935221374034, ""v"": 0.028094159672036767, ""tau"": 1.4081812845247368, ""K"": 1, ""kappa"": 2.4203704493120313, ""theta"": 0.06157745400443673, ""sigma"": 0.31503524594008925, ""rho"": -0.2650265589356422, ""r"": 0.06888801604509354, ""label"": ""sobol_147_12""}"
CORE_GRID,1130,sobol_148_2,FAIL,"[""solver_error""]",UNRESOLVED,UNRESOLVED,"[""coverage_core.jsonl#grid_index=1130""]","{""x"": -0.5516764529049396, ""v"": 0.04447851004078984, ""tau"": 1.4894785282445984, ""K"": 1, ""kappa"": 2.8015710627660155, ""theta"": 0.09667162781581283, ""sigma"": 0.22631797920912505, ""rho"": -0.12507578134536745, ""r"": 0.07819957554340362, ""label"": ""sobol_148_2""}"
CORE_GRID,1131,sobol_148_4,FAIL,"[""solver_error""]",UNRESOLVED,UNRESOLVED,"[""coverage_core.jsonl#grid_index=1131""]","{""x"": 0.23995194733142844, ""v"": 0.018145318143069744, ""tau"": 0.3905677866811553, ""K"": 1, ""kappa"": 2.8015710627660155, ""theta"": 0.09667162781581283, ""sigma"": 0.22631797920912505, ""rho"": -0.12507578134536745, ""r"": 0.07819957554340362, ""label"": ""sobol_148_4""}"
CORE_GRID,1132,sobol_148_10,PASS,[],NOT_APPLICABLE_STRICT_PASS,NUMERICALLY_RESOLVED,"[""coverage_core.jsonl#grid_index=1132""]","{""x"": -0.04972339645028123, ""v"": 0.0970649728551507, ""tau"": 0.3311635353343768, ""K"": 1, ""kappa"": 2.8015710627660155, ""theta"": 0.09667162781581283, ""sigma"": 0.22631797920912505, ""rho"": -0.12507578134536745, ""r"": 0.07819957554340362, ""label"": ""sobol_148_10""}"
CORE_GRID,1133,sobol_148_11,PASS,[],NOT_APPLICABLE_STRICT_PASS,NUMERICALLY_RESOLVED,"[""coverage_core.jsonl#grid_index=1133""]","{""x"": 0.07037650644779214, ""v"": 0.14690279308706522, ""tau"": 1.909724909841778, ""K"": 1, ""kappa"": 2.8015710627660155, ""theta"": 0.09667162781581283, ""sigma"": 0.22631797920912505, ""rho"": -0.12507578134536745, ""r"": 0.07819957554340362, ""label"": ""sobol_148_11""}"
CORE_GRID,1134,sobol_148_12,FAIL,"[""solver_error""]",UNRESOLVED,UNRESOLVED,"[""coverage_core.jsonl#grid_index=1134""]","{""x"": 0.35676267743110657, ""v"": 0.09031072119250894, ""tau"": 1.3052875192628965, ""K"": 1, ""kappa"": 2.8015710627660155, ""theta"": 0.09667162781581283, ""sigma"": 0.22631797920912505, ""rho"": -0.12507578134536745, ""r"": 0.07819957554340362, ""label"": ""sobol_148_12""}"
CORE_GRID,1135,sobol_148_14,FAIL,"[""solver_error""]",UNRESOLVED,UNRESOLVED,"[""coverage_core.jsonl#grid_index=1135""]","{""x"": -0.6743839256465435, ""v"": 0.015594612807035446, ""tau"": 1.5069558297816132, ""K"": 1, ""kappa"": 2.8015710627660155, ""theta"": 0.09667162781581283, ""sigma"": 0.22631797920912505, ""rho"": -0.12507578134536745, ""r"": 0.07819957554340362, ""label"": ""sobol_148_14""}"
CORE_GRID,1136,sobol_149_2,FAIL,"[""B_N"", ""solver_error""]",COS_RESOLVED,NUMERICALLY_RESOLVED,"[""coverage_core.jsonl#grid_index=1136"", ""mp_cases\\0d22a41ca723\\c34846aabe774b2243db.json""]","{""x"": -0.4398244969546795, ""v"": 0.07980428519658744, ""tau"": 1.9660044828437209, ""K"": 1, ""kappa"": 1.0515187652781606, ""theta"": 0.0487714540027082, ""sigma"": 0.7538300709798932, ""rho"": -0.8539222180843353, ""r"": 0.029161773025989532, ""label"": ""sobol_149_2""}"
CORE_GRID,1137,sobol_149_4,FAIL,"[""B_N"", ""solver_error""]",COS_RESOLVED,NUMERICALLY_RESOLVED,"[""coverage_core.jsonl#grid_index=1137"", ""mp_cases\\0d22a41ca723\\cb2f5d3fed9fd8daf5cf.json""]","{""x"": 0.12810463160276409, ""v"": 0.10806034621782601, ""tau"": 0.9138852531489517, ""K"": 1, ""kappa"": 1.0515187652781606, ""theta"": 0.0487714540027082, ""sigma"": 0.7538300709798932, ""rho"": -0.8539222180843353, ""r"": 0.029161773025989532, ""label"": ""sobol_149_4""}"
CORE_GRID,1138,sobol_149_5,FAIL,"[""B_N"", ""solver_error""]",COS_RESOLVED,NUMERICALLY_RESOLVED,"[""coverage_core.jsonl#grid_index=1138"", ""mp_cases\\0d22a41ca723\\5ec754e5603f5daafc41.json""]","{""x"": -0.1443747304379941, ""v"": 0.1520383444149047, ""tau"": 1.3230709563090748, ""K"": 1, ""kappa"": 1.0515187652781606, ""theta"": 0.0487714540027082, ""sigma"": 0.7538300709798932, ""rho"": -0.8539222180843353, ""r"": 0.029161773025989532, ""label"": ""sobol_149_5""}"
CORE_GRID,1139,sobol_149_10,FAIL,"[""B_N"", ""solver_error""]",COS_RESOLVED,NUMERICALLY_RESOLVED,"[""coverage_core.jsonl#grid_index=1139"", ""mp_cases\\0d22a41ca723\\cbf5f3992cac8673e465.json""]","{""x"": -0.1640468023717403, ""v"": 0.030605088220909238, ""tau"": 0.8524079014037159, ""K"": 1, ""kappa"": 1.0515187652781606, ""theta"": 0.0487714540027082, ""sigma"": 0.7538300709798932, ""rho"": -0.8539222180843353, ""r"": 0.029161773025989532, ""label"": ""sobol_149_10""}"
CORE_GRID,1140,sobol_149_12,FAIL,"[""B_N"", ""solver_error""]",COS_RESOLVED,NUMERICALLY_RESOLVED,"[""coverage_core.jsonl#grid_index=1140"", ""mp_cases\\0d22a41ca723\\828500c38cd7368bd609.json""]","{""x"": 0.4710814610123635, ""v"": 0.03153075720183551, ""tau"": 1.779744180591984, ""K"": 1, ""kappa"": 1.0515187652781606, ""theta"": 0.0487714540027082, ""sigma"": 0.7538300709798932, ""rho"": -0.8539222180843353, ""r"": 0.029161773025989532, ""label"": ""sobol_149_12""}"
CORE_GRID,1141,sobol_150_2,FAIL,"[""solver_error""]",UNRESOLVED,UNRESOLVED,"[""coverage_core.jsonl#grid_index=1141""]","{""x"": -0.5074938878417015, ""v"": 0.11943385400809348, ""tau"": 0.5772595715428156, ""K"": 1, ""kappa"": 1.6996718989685178, ""theta"": 0.09253077756613494, ""sigma"": 0.4356208409182727, ""rho"": -0.3800661191344261, ""r"": 0.008315964713692666, ""label"": ""sobol_150_2""}"
CORE_GRID,1142,sobol_150_3,FAIL,"[""solver_error""]",UNRESOLVED,UNRESOLVED,"[""coverage_core.jsonl#grid_index=1142""]","{""x"": 0.4961997516453267, ""v"": 0.13990953215397894, ""tau"": 1.1587712545620485, ""K"": 1, ""kappa"": 1.6996718989685178, ""theta"": 0.09253077756613494, ""sigma"": 0.4356208409182727, ""rho"": -0.3800661191344261, ""r"": 0.008315964713692666, ""label"": ""sobol_150_3""}"
CORE_GRID,1143,sobol_150_4,FAIL,"[""solver_error""]",UNRESOLVED,UNRESOLVED,"[""coverage_core.jsonl#grid_index=1143""]","{""x"": 0.2004568912088871, ""v"": 0.0677021702285856, ""tau"": 1.5523515513336787, ""K"": 1, ""kappa"": 1.6996718989685178, ""theta"": 0.09253077756613494, ""sigma"": 0.4356208409182727, ""rho"": -0.3800661191344261, ""r"": 0.008315964713692666, ""label"": ""sobol_150_4""}"
CORE_GRID,1144,sobol_150_10,FAIL,"[""solver_error""]",UNRESOLVED,UNRESOLVED,"[""coverage_core.jsonl#grid_index=1144""]","{""x"": -0.09097612649202347, ""v"": 0.05139959021471441, ""tau"": 1.7423894433009008, ""K"": 1, ""kappa"": 1.6996718989685178, ""theta"": 0.09253077756613494, ""sigma"": 0.4356208409182727, ""rho"": -0.3800661191344261, ""r"": 0.008315964713692666, ""label"": ""sobol_150_10""}"
CORE_GRID,1145,sobol_150_12,FAIL,"[""solver_error""]",UNRESOLVED,UNRESOLVED,"[""coverage_core.jsonl#grid_index=1145""]","{""x"": 0.4027029164135456, ""v"": 0.011464862385764718, ""tau"": 0.6425126763615048, ""K"": 1, ""kappa"": 1.6996718989685178, ""theta"": 0.09253077756613494, ""sigma"": 0.4356208409182727, ""rho"": -0.3800661191344261, ""r"": 0.008315964713692666, ""label"": ""sobol_150_12""}"
CORE_GRID,1146,sobol_151_0,FAIL,"[""solver_error""]",UNRESOLVED,UNRESOLVED,"[""coverage_core.jsonl#grid_index=1146""]","{""x"": 0.6369667299091815, ""v"": 0.08397411974146962, ""tau"": 0.8345148681352536, ""K"": 1, ""kappa"": 3.44961582031101, ""theta"": 0.040431383512914185, ""sigma"": 0.6128979316912591, ""rho"": -0.6026428148150444, ""r"": 0.059355719164013866, ""label"": ""sobol_151_0""}"
CORE_GRID,1147,sobol_151_1,FAIL,"[""solver_error""]",UNRESOLVED,UNRESOLVED,"[""coverage_core.jsonl#grid_index=1147""]","{""x"": -0.6116101607680321, ""v"": 0.15718794288113713, ""tau"": 1.43155963511561, ""K"": 1, ""kappa"": 3.44961582031101, ""theta"": 0.040431383512914185, ""sigma"": 0.6128979316912591, ""rho"": -0.6026428148150444, ""r"": 0.059355719164013866, ""label"": ""sobol_151_1""}"
CORE_GRID,1148,sobol_151_4,FAIL,"[""solver_error""]",UNRESOLVED,UNRESOLVED,"[""coverage_core.jsonl#grid_index=1148""]","{""x"": 0.012436690181493848, ""v"": 0.056031332816928625, ""tau"": 1.0307474190642731, ""K"": 1, ""kappa"": 3.44961582031101, ""theta"": 0.040431383512914185, ""sigma"": 0.6128979316912591, ""rho"": -0.6026428148150444, ""r"": 0.059355719164013866, ""label"": ""sobol_151_4""}"
CORE_GRID,1149,sobol_151_10,PASS,[],NOT_APPLICABLE_STRICT_PASS,NUMERICALLY_RESOLVED,"[""coverage_core.jsonl#grid_index=1149""]","{""x"": -0.27678520381450655, ""v"": 0.0708690988831222, ""tau"": 1.218959673980458, ""K"": 1, ""kappa"": 3.44961582031101, ""theta"": 0.040431383512914185, ""sigma"": 0.6128979316912591, ""rho"": -0.6026428148150444, ""r"": 0.059355719164013866, ""label"": ""sobol_151_10""}"
CORE_GRID,1150,sobol_151_12,FAIL,"[""solver_error""]",UNRESOLVED,UNRESOLVED,"[""coverage_core.jsonl#grid_index=1150""]","{""x"": 0.588507353514433, ""v"": 0.11675455048680305, ""tau"": 0.16585538326762617, ""K"": 1, ""kappa"": 3.44961582031101, ""theta"": 0.040431383512914185, ""sigma"": 0.6128979316912591, ""rho"": -0.6026428148150444, ""r"": 0.059355719164013866, ""label"": ""sobol_151_12""}"
CORE_GRID,1151,sobol_151_13,FAIL,"[""solver_error""]",UNRESOLVED,UNRESOLVED,"[""coverage_core.jsonl#grid_index=1151""]","{""x"": -0.562878280878067, ""v"": 0.12746499106287956, ""tau"": 1.5740402656134278, ""K"": 1, ""kappa"": 3.44961582031101, ""theta"": 0.040431383512914185, ""sigma"": 0.6128979316912591, ""rho"": -0.6026428148150444, ""r"": 0.059355719164013866, ""label"": ""sobol_151_13""}"
CORE_GRID,1152,sobol_152_2,FAIL,"[""solver_error""]",UNRESOLVED,UNRESOLVED,"[""coverage_core.jsonl#grid_index=1152""]","{""x"": -0.5741978198289871, ""v"": 0.012940430315211415, ""tau"": 0.9236769625170541, ""K"": 1, ""kappa"": 3.2789519391953945, ""theta"": 0.11904244141653181, ""sigma"": 0.3912258724682033, ""rho"": -0.8435974717140198, ""r"": 0.014673435688018798, ""label"": ""sobol_152_2""}"
CORE_GRID,1153,sobol_152_4,FAIL,"[""solver_error""]",UNRESOLVED,UNRESOLVED,"[""coverage_core.jsonl#grid_index=1153""]","{""x"": 0.285913174599409, ""v"": 0.04919112357310951, ""tau"": 1.9601721795985387, ""K"": 1, ""kappa"": 3.2789519391953945, ""theta"": 0.11904244141653181, ""sigma"": 0.3912258724682033, ""rho"": -0.8435974717140198, ""r"": 0.014673435688018798, ""label"": ""sobol_152_4""}"
CORE_GRID,1154,sobol_152_10,PASS,[],NOT_APPLICABLE_STRICT_PASS,NUMERICALLY_RESOLVED,"[""coverage_core.jsonl#grid_index=1154""]","{""x"": -0.02500705718994145, ""v"": 0.06609546835534275, ""tau"": 1.7702261346044936, ""K"": 1, ""kappa"": 3.2789519391953945, ""theta"": 0.11904244141653181, ""sigma"": 0.3912258724682033, ""rho"": -0.8435974717140198, ""r"": 0.014673435688018798, ""label"": ""sobol_152_10""}"
CORE_GRID,1155,sobol_152_12,FAIL,"[""solver_error""]",UNRESOLVED,UNRESOLVED,"[""coverage_core.jsonl#grid_index=1155""]","{""x"": 0.31797690019011493, ""v"": 0.12177250091917813, ""tau"": 0.8584538388346868, ""K"": 1, ""kappa"": 3.2789519391953945, ""theta"": 0.11904244141653181, ""sigma"": 0.3912258724682033, ""rho"": -0.8435974717140198, ""r"": 0.014673435688018798, ""label"": ""sobol_152_12""}"
CORE_GRID,1156,sobol_152_13,PASS,[],NOT_APPLICABLE_STRICT_PASS,NUMERICALLY_RESOLVED,"[""coverage_core.jsonl#grid_index=1156""]","{""x"": -0.32953883707523346, ""v"": 0.1344957605469972, ""tau"": 1.3765549426417916, ""K"": 1, ""kappa"": 3.2789519391953945, ""theta"": 0.11904244141653181, ""sigma"": 0.3912258724682033, ""rho"": -0.8435974717140198, ""r"": 0.014673435688018798, ""label"": ""sobol_152_13""}"
CORE_GRID,1157,sobol_152_14,FAIL,"[""solver_error"", ""FD_uncertainty_budget_unresolved""]",UNRESOLVED,UNRESOLVED,"[""coverage_core.jsonl#grid_index=1157""]","{""x"": -0.6002999916672707, ""v"": 0.0460951195564121, ""tau"": 0.09518272703927425, ""K"": 1, ""kappa"": 3.2789519391953945, ""theta"": 0.11904244141653181, ""sigma"": 0.3912258724682033, ""rho"": -0.8435974717140198, ""r"": 0.014673435688018798, ""label"": ""sobol_152_14""}"
CORE_GRID,1158,sobol_153_0,FAIL,"[""solver_error""]",UNRESOLVED,UNRESOLVED,"[""coverage_core.jsonl#grid_index=1158""]","{""x"": 0.683786042779684, ""v"": 0.03412556787952781, ""tau"": 0.6820461209678638, ""K"": 1, ""kappa"": 1.5290060359984636, ""theta"": 0.06391532065346837, ""sigma"": 0.5694402134977281, ""rho"": -0.16470922827720635, ""r"": 0.04299834340810776, ""label"": ""sobol_153_0""}"
CORE_GRID,1159,sobol_153_2,FAIL,"[""solver_error""]",UNRESOLVED,UNRESOLVED,"[""coverage_core.jsonl#grid_index=1159""]","{""x"": -0.3848591342568397, ""v"": 0.11079289298504591, ""tau"": 0.3846436773596834, ""K"": 1, ""kappa"": 1.5290060359984636, ""theta"": 0.06391532065346837, ""sigma"": 0.5694402134977281, ""rho"": -0.16470922827720635, ""r"": 0.04299834340810776, ""label"": ""sobol_153_2""}"
CORE_GRID,1160,sobol_153_3,FAIL,"[""solver_error""]",UNRESOLVED,UNRESOLVED,"[""coverage_core.jsonl#grid_index=1160""]","{""x"": 0.4102021135389804, ""v"": 0.129375915043056, ""tau"": 1.854289889165629, ""K"": 1, ""kappa"": 1.5290060359984636, ""theta"": 0.06391532065346837, ""sigma"": 0.5694402134977281, ""rho"": -0.16470922827720635, ""r"": 0.04299834340810776, ""label"": ""sobol_153_3""}"
CORE_GRID,1161,sobol_153_4,FAIL,"[""solver_error""]",UNRESOLVED,UNRESOLVED,"[""coverage_core.jsonl#grid_index=1161""]","{""x"": 0.09656983092427263, ""v"": 0.07658709259703755, ""tau"": 1.4991184023415878, ""K"": 1, ""kappa"": 1.5290060359984636, ""theta"": 0.06391532065346837, ""sigma"": 0.5694402134977281, ""rho"": -0.16470922827720635, ""r"": 0.04299834340810776, ""label"": ""sobol_153_4""}"
CORE_GRID,1162,sobol_153_10,FAIL,"[""solver_error""]",UNRESOLVED,UNRESOLVED,"[""coverage_core.jsonl#grid_index=1162""]","{""x"": -0.2118367239832878, ""v"": 0.06212412426248193, ""tau"": 1.31099799439858, ""K"": 1, ""kappa"": 1.5290060359984636, ""theta"": 0.06391532065346837, ""sigma"": 0.5694402134977281, ""rho"": -0.16470922827720635, ""r"": 0.04299834340810776, ""label"": ""sobol_153_10""}"
CORE_GRID,1163,sobol_154_2,FAIL,"[""solver_error""]",UNRESOLVED,UNRESOLVED,"[""coverage_core.jsonl#grid_index=1163""]","{""x"": -0.4666596136987209, ""v"": 0.08840694418177009, ""tau"": 1.0251278391196614, ""K"": 1, ""kappa"": 1.2200211081653833, ""theta"": 0.07015596114099026, ""sigma"": 0.2696907071396708, ""rho"": -0.6888023480772972, ""r"": 0.06447889842092991, ""label"": ""sobol_154_2""}"
CORE_GRID,1164,sobol_154_4,FAIL,"[""solver_error""]",UNRESOLVED,UNRESOLVED,"[""coverage_core.jsonl#grid_index=1164""]","{""x"": 0.17368747740983959, ""v"": 0.09921336732804775, ""tau"": 0.11237619302442504, ""K"": 1, ""kappa"": 1.2200211081653833, ""theta"": 0.07015596114099026, ""sigma"": 0.2696907071396708, ""rho"": -0.6888023480772972, ""r"": 0.06447889842092991, ""label"": ""sobol_154_4""}"
CORE_GRID,1165,sobol_154_5,PASS,[],NOT_APPLICABLE_STRICT_PASS,NUMERICALLY_RESOLVED,"[""coverage_core.jsonl#grid_index=1165""]","{""x"": -0.1527345232665538, ""v"": 0.14117669872939587, ""tau"": 1.6294743345074711, ""K"": 1, ""kappa"": 1.2200211081653833, ""theta"": 0.07015596114099026, ""sigma"": 0.2696907071396708, ""rho"": -0.6888023480772972, ""r"": 0.06447889842092991, ""label"": ""sobol_154_5""}"
CORE_GRID,1166,sobol_154_10,FAIL,"[""solver_error""]",UNRESOLVED,UNRESOLVED,"[""coverage_core.jsonl#grid_index=1166""]","{""x"": -0.13430291935801497, ""v"": 0.019934173673391342, ""tau"": 0.17174855967067065, ""K"": 1, ""kappa"": 1.2200211081653833, ""theta"": 0.07015596114099026, ""sigma"": 0.2696907071396708, ""rho"": -0.6888023480772972, ""r"": 0.06447889842092991, ""label"": ""sobol_154_10""}"
CORE_GRID,1167,sobol_154_12,FAIL,"[""solver_error""]",UNRESOLVED,UNRESOLVED,"[""coverage_core.jsonl#grid_index=1167""]","{""x"": 0.42258527129888535, ""v"": 0.04244599072262645, ""tau"": 1.209228904692397, ""K"": 1, ""kappa"": 1.2200211081653833, ""theta"": 0.07015596114099026, ""sigma"": 0.2696907071396708, ""rho"": -0.6888023480772972, ""r"": 0.06447889842092991, ""label"": ""sobol_154_12""}"
CORE_GRID,1168,sobol_155_0,FAIL,"[""solver_error""]",UNRESOLVED,UNRESOLVED,"[""coverage_core.jsonl#grid_index=1168""]","{""x"": 0.6383211717009545, ""v"": 0.11446678754873574, ""tau"": 1.266728223641477, ""K"": 1, ""kappa"": 2.9700722582638264, ""theta"": 0.02528274513781071, ""sigma"": 0.7976273538544774, ""rho"": -0.31618403643369675, ""r"": 0.03288250751793385, ""label"": ""sobol_155_0""}"
CORE_GRID,1169,sobol_155_1,FAIL,"[""solver_error"", ""FD_uncertainty_budget_unresolved""]",UNRESOLVED,UNRESOLVED,"[""coverage_core.jsonl#grid_index=1169""]","{""x"": -0.6642363511025905, ""v"": 0.12523805466480553, ""tau"": 0.9740022257051711, ""K"": 1, ""kappa"": 2.9700722582638264, ""theta"": 0.02528274513781071, ""sigma"": 0.7976273538544774, ""rho"": -0.31618403643369675, ""r"": 0.03288250751793385, ""label"": ""sobol_155_1""}"
CORE_GRID,1170,sobol_155_2,FAIL,"[""solver_error""]",UNRESOLVED,UNRESOLVED,"[""coverage_core.jsonl#grid_index=1170""]","{""x"": -0.35583784952759745, ""v"": 0.037798542296513915, ""tau"": 1.5619604925122408, ""K"": 1, ""kappa"": 2.9700722582638264, ""theta"": 0.02528274513781071, ""sigma"": 0.7976273538544774, ""rho"": -0.31618403643369675, ""r"": 0.03288250751793385, ""label"": ""sobol_155_2""}"
CORE_GRID,1171,sobol_155_4,FAIL,"[""solver_error""]",UNRESOLVED,UNRESOLVED,"[""coverage_core.jsonl#grid_index=1171""]","{""x"": 0.06286103725433345, ""v"": 0.025069248164072633, ""tau"": 0.571244567030272, ""K"": 1, ""kappa"": 2.9700722582638264, ""theta"": 0.02528274513781071, ""sigma"": 0.7976273538544774, ""rho"": -0.31618403643369675, ""r"": 0.03288250751793385, ""label"": ""sobol_155_4""}"
CORE_GRID,1172,sobol_155_10,FAIL,"[""solver_error""]",UNRESOLVED,UNRESOLVED,"[""coverage_core.jsonl#grid_index=1172""]","{""x"": -0.24730346873402598, ""v"": 0.10190748260356486, ""tau"": 0.6326900340749749, ""K"": 1, ""kappa"": 2.9700722582638264, ""theta"": 0.02528274513781071, ""sigma"": 0.7976273538544774, ""rho"": -0.31618403643369675, ""r"": 0.03288250751793385, ""label"": ""sobol_155_10""}"
CORE_GRID,1173,sobol_155_11,FAIL,"[""solver_error""]",UNRESOLVED,UNRESOLVED,"[""coverage_core.jsonl#grid_index=1173""]","{""x"": 0.23135150671005245, ""v"": 0.15363599197007716, ""tau"": 1.105288220011437, ""K"": 1, ""kappa"": 2.9700722582638264, ""theta"": 0.02528274513781071, ""sigma"": 0.7976273538544774, ""rho"": -0.31618403643369675, ""r"": 0.03288250751793385, ""label"": ""sobol_155_11""}"
CORE_GRID,1174,sobol_155_12,FAIL,"[""solver_error""]",UNRESOLVED,UNRESOLVED,"[""coverage_core.jsonl#grid_index=1174""]","{""x"": 0.5355904787778853, ""v"": 0.08522425009869039, ""tau"": 1.7481308513550118, ""K"": 1, ""kappa"": 2.9700722582638264, ""theta"": 0.02528274513781071, ""sigma"": 0.7976273538544774, ""rho"": -0.31618403643369675, ""r"": 0.03288250751793385, ""label"": ""sobol_155_12""}"
CORE_GRID,1175,sobol_155_13,FAIL,"[""solver_error"", ""FD_uncertainty_budget_unresolved""]",UNRESOLVED,UNRESOLVED,"[""coverage_core.jsonl#grid_index=1175""]","{""x"": -0.5618145145475865, ""v"": 0.1584993766155094, ""tau"": 0.02100735093422589, ""K"": 1, ""kappa"": 2.9700722582638264, ""theta"": 0.02528274513781071, ""sigma"": 0.7976273538544774, ""rho"": -0.31618403643369675, ""r"": 0.03288250751793385, ""label"": ""sobol_155_13""}"
CORE_GRID,1176,sobol_156_2,FAIL,"[""solver_error""]",UNRESOLVED,UNRESOLVED,"[""coverage_core.jsonl#grid_index=1176""]","{""x"": -0.5267744868993759, ""v"": 0.09964930918067694, ""tau"": 1.66616295816909, ""K"": 1, ""kappa"": 2.476171927526593, ""theta"": 0.08394299436360599, ""sigma"": 0.5367274262011051, ""rho"": -0.48092075288295744, ""r"": 0.02483077086508274, ""label"": ""sobol_156_2""}"
CORE_GRID,1177,sobol_156_3,FAIL,"[""solver_error""]",UNRESOLVED,UNRESOLVED,"[""coverage_core.jsonl#grid_index=1177""]","{""x"": 0.5529802702367306, ""v"": 0.14356554206460714, ""tau"": 0.07177154368366159, ""K"": 1, ""kappa"": 2.476171927526593, ""theta"": 0.08394299436360599, ""sigma"": 0.5367274262011051, ""rho"": -0.48092075288295744, ""r"": 0.02483077086508274, ""label"": ""sobol_156_3""}"
CORE_GRID,1178,sobol_156_4,FAIL,"[""solver_error""]",UNRESOLVED,UNRESOLVED,"[""coverage_core.jsonl#grid_index=1178""]","{""x"": 0.25723755285143857, ""v"": 0.08699461864307523, ""tau"": 0.7076372255327269, ""K"": 1, ""kappa"": 2.476171927526593, ""theta"": 0.08394299436360599, ""sigma"": 0.5367274262011051, ""rho"": -0.48092075288295744, ""r"": 0.02483077086508274, ""label"": ""sobol_156_4""}"
CORE_GRID,1179,sobol_156_10,PASS,[],NOT_APPLICABLE_STRICT_PASS,NUMERICALLY_RESOLVED,"[""coverage_core.jsonl#grid_index=1179""]","{""x"": -0.07169535756111145, ""v"": 0.039934898260980844, ""tau"": 0.521378499670102, ""K"": 1, ""kappa"": 2.476171927526593, ""theta"": 0.08394299436360599, ""sigma"": 0.5367274262011051, ""rho"": -0.48092075288295744, ""r"": 0.02483077086508274, ""label"": ""sobol_156_10""}"
CORE_GRID,1180,sobol_156_12,FAIL,"[""solver_error""]",UNRESOLVED,UNRESOLVED,"[""coverage_core.jsonl#grid_index=1180""]","{""x"": 0.3459220670163632, ""v"": 0.02342164982110262, ""tau"": 1.6046842679802684, ""K"": 1, ""kappa"": 2.476171927526593, ""theta"": 0.08394299436360599, ""sigma"": 0.5367274262011051, ""rho"": -0.48092075288295744, ""r"": 0.02483077086508274, ""label"": ""sobol_156_12""}"
CORE_GRID,1181,sobol_156_14,FAIL,"[""solver_error""]",UNRESOLVED,UNRESOLVED,"[""coverage_core.jsonl#grid_index=1181""]","{""x"": -0.6471371009945869, ""v"": 0.0668705920688808, ""tau"": 1.3404571340042388, ""K"": 1, ""kappa"": 2.476171927526593, ""theta"": 0.08394299436360599, ""sigma"": 0.5367274262011051, ""rho"": -0.48092075288295744, ""r"": 0.02483077086508274, ""label"": ""sobol_156_14""}"
CORE_GRID,1182,sobol_157_2,FAIL,"[""solver_error""]",UNRESOLVED,UNRESOLVED,"[""coverage_core.jsonl#grid_index=1182""]","{""x"": -0.41257802993059156, ""v"": 0.02561007929034531, ""tau"": 1.1270174742602403, ""K"": 1, ""kappa"": 0.7262213043868542, ""theta"": 0.038093121983110906, ""sigma"": 0.35866125486791134, ""rho"": -0.5019834905862808, ""r"": 0.07253064461052418, ""label"": ""sobol_157_2""}"
CORE_GRID,1183,sobol_157_4,FAIL,"[""solver_error""]",UNRESOLVED,UNRESOLVED,"[""coverage_core.jsonl#grid_index=1183""]","{""x"": 0.1430455930531025, ""v"": 0.03628132748417556, ""tau"": 0.24645221388218774, ""K"": 1, ""kappa"": 0.7262213043868542, ""theta"": 0.038093121983110906, ""sigma"": 0.35866125486791134, ""rho"": -0.5019834905862808, ""r"": 0.07253064461052418, ""label"": ""sobol_157_4""}"
CORE_GRID,1184,sobol_157_10,FAIL,"[""solver_error""]",UNRESOLVED,UNRESOLVED,"[""coverage_core.jsonl#grid_index=1184""]","{""x"": -0.1836764082312583, ""v"": 0.0828523791860789, ""tau"": 0.06226635047249378, ""K"": 1, ""kappa"": 0.7262213043868542, ""theta"": 0.038093121983110906, ""sigma"": 0.35866125486791134, ""rho"": -0.5019834905862808, ""r"": 0.07253064461052418, ""label"": ""sobol_157_10""}"
CORE_GRID,1185,sobol_157_11,FAIL,"[""solver_error""]",UNRESOLVED,UNRESOLVED,"[""coverage_core.jsonl#grid_index=1185""]","{""x"": 0.16274184063076969, ""v"": 0.15808079461567104, ""tau"": 1.7107564686864083, ""K"": 1, ""kappa"": 0.7262213043868542, ""theta"": 0.038093121983110906, ""sigma"": 0.35866125486791134, ""rho"": -0.5019834905862808, ""r"": 0.07253064461052418, ""label"": ""sobol_157_11""}"
CORE_GRID,1186,sobol_157_12,FAIL,"[""solver_error""]",UNRESOLVED,UNRESOLVED,"[""coverage_core.jsonl#grid_index=1186""]","{""x"": 0.45789863839745526, ""v"": 0.10525573720224202, ""tau"": 1.0676078393959278, ""K"": 1, ""kappa"": 0.7262213043868542, ""theta"": 0.038093121983110906, ""sigma"": 0.35866125486791134, ""rho"": -0.5019834905862808, ""r"": 0.07253064461052418, ""label"": ""sobol_157_12""}"
CORE_GRID,1187,sobol_157_13,FAIL,"[""solver_error""]",UNRESOLVED,UNRESOLVED,"[""coverage_core.jsonl#grid_index=1187""]","{""x"": -0.46976962834596636, ""v"": 0.15503131528384984, ""tau"": 0.6742521762138322, ""K"": 1, ""kappa"": 0.7262213043868542, ""theta"": 0.038093121983110906, ""sigma"": 0.35866125486791134, ""rho"": -0.5019834905862808, ""r"": 0.07253064461052418, ""label"": ""sobol_157_13""}"
CORE_GRID,1188,sobol_158_2,FAIL,"[""solver_error"", ""FD_uncertainty_budget_unresolved""]",UNRESOLVED,UNRESOLVED,"[""coverage_core.jsonl#grid_index=1188""]","{""x"": -0.4948954604566097, ""v"": 0.04863524413667619, ""tau"": 0.27040919036574895, ""K"": 1, ""kappa"": 2.0228256322443485, ""theta"": 0.10685903502628208, ""sigma"": 0.6556777448393404, ""rho"": -0.2265162542462349, ""r"": 0.054946563243865966, ""label"": ""sobol_158_2""}"
CORE_GRID,1189,sobol_158_4,FAIL,"[""solver_error""]",UNRESOLVED,UNRESOLVED,"[""coverage_core.jsonl#grid_index=1189""]","{""x"": 0.22067103534936905, ""v"": 0.014473051065579057, ""tau"": 1.3546962720519375, ""K"": 1, ""kappa"": 2.0228256322443485, ""theta"": 0.10685903502628208, ""sigma"": 0.6556777448393404, ""rho"": -0.2265162542462349, ""r"": 0.054946563243865966, ""label"": ""sobol_158_4""}"
CORE_GRID,1190,sobol_158_10,PASS,[],NOT_APPLICABLE_STRICT_PASS,NUMERICALLY_RESOLVED,"[""coverage_core.jsonl#grid_index=1190""]","{""x"": -0.1065039150416851, ""v"": 0.12415947974659503, ""tau"": 1.41812525672232, ""K"": 1, ""kappa"": 2.0228256322443485, ""theta"": 0.10685903502628208, ""sigma"": 0.6556777448393404, ""rho"": -0.2265162542462349, ""r"": 0.054946563243865966, ""label"": ""sobol_158_10""}"
CORE_GRID,1191,sobol_158_11,FAIL,"[""solver_error""]",UNRESOLVED,UNRESOLVED,"[""coverage_core.jsonl#grid_index=1191""]","{""x"": 0.08965710550546646, ""v"": 0.13492974848486483, ""tau"": 0.8207683052113723, ""K"": 1, ""kappa"": 2.0228256322443485, ""theta"": 0.10685903502628208, ""sigma"": 0.6556777448393404, ""rho"": -0.2265162542462349, ""r"": 0.054946563243865966, ""label"": ""sobol_158_11""}"
CORE_GRID,1192,sobol_158_12,FAIL,"[""solver_error""]",UNRESOLVED,UNRESOLVED,"[""coverage_core.jsonl#grid_index=1192""]","{""x"": 0.3760431334376335, ""v"": 0.06273174821399152, ""tau"": 0.4586163591963076, ""K"": 1, ""kappa"": 2.0228256322443485, ""theta"": 0.10685903502628208, ""sigma"": 0.6556777448393404, ""rho"": -0.2265162542462349, ""r"": 0.054946563243865966, ""label"": ""sobol_158_12""}"
CORE_GRID,1193,sobol_158_14,FAIL,"[""solver_error"", ""FD_uncertainty_budget_unresolved""]",UNRESOLVED,UNRESOLVED,"[""coverage_core.jsonl#grid_index=1193""]","{""x"": -0.6937017537653446, ""v"": 0.019281885819509625, ""tau"": 0.7245261175262313, ""K"": 1, ""kappa"": 2.0228256322443485, ""theta"": 0.10685903502628208, ""sigma"": 0.6556777448393404, ""rho"": -0.2265162542462349, ""r"": 0.054946563243865966, ""label"": ""sobol_158_14""}"
CORE_GRID,1194,sobol_159_0,FAIL,"[""solver_error""]",UNRESOLVED,UNRESOLVED,"[""coverage_core.jsonl#grid_index=1194""]","{""x"": 0.610307304561138, ""v"": 0.02977368887513876, ""tau"": 0.01321483757125125, ""K"": 1, ""kappa"": 3.7728846315294504, ""theta"": 0.052708379905670885, ""sigma"": 0.12759021641686558, ""rho"": -0.7538489237427711, ""r"": 0.0027252063155174255, ""label"": ""sobol_159_0""}"
CORE_GRID,1195,sobol_159_2,FAIL,"[""solver_error""]",UNRESOLVED,UNRESOLVED,"[""coverage_core.jsonl#grid_index=1195""]","{""x"": -0.3092159248888492, ""v"": 0.07616662001237273, ""tau"": 0.8073694940974255, ""K"": 1, ""kappa"": 3.7728846315294504, ""theta"": 0.052708379905670885, ""sigma"": 0.12759021641686558, ""rho"": -0.7538489237427711, ""r"": 0.0027252063155174255, ""label"": ""sobol_159_2""}"
CORE_GRID,1196,sobol_159_4,PASS,[],NOT_APPLICABLE_STRICT_PASS,NUMERICALLY_RESOLVED,"[""coverage_core.jsonl#grid_index=1196""]","{""x"": 0.03499597907066354, ""v"": 0.11219010688364506, ""tau"": 1.8136808750116162, ""K"": 1, ""kappa"": 3.7728846315294504, ""theta"": 0.052708379905670885, ""sigma"": 0.12759021641686558, ""rho"": -0.7538489237427711, ""r"": 0.0027252063155174255, ""label"": ""sobol_159_4""}"
CORE_GRID,1197,sobol_159_5,PASS,[],NOT_APPLICABLE_STRICT_PASS,NUMERICALLY_RESOLVED,"[""coverage_core.jsonl#grid_index=1197""]","{""x"": -0.0137660153210164, ""v"": 0.13272609002888203, ""tau"": 0.42134126115752946, ""K"": 1, ""kappa"": 3.7728846315294504, ""theta"": 0.052708379905670885, ""sigma"": 0.12759021641686558, ""rho"": -0.7538489237427711, ""r"": 0.0027252063155174255, ""label"": ""sobol_159_5""}"
CORE_GRID,1198,sobol_159_12,FAIL,"[""solver_error""]",UNRESOLVED,UNRESOLVED,"[""coverage_core.jsonl#grid_index=1198""]","{""x"": 0.5641905695199967, ""v"": 0.058651700150221586, ""tau"": 0.9974058691619171, ""K"": 1, ""kappa"": 3.7728846315294504, ""theta"": 0.052708379905670885, ""sigma"": 0.12759021641686558, ""rho"": -0.7538489237427711, ""r"": 0.0027252063155174255, ""label"": ""sobol_159_12""}"
CORE_GRID,1199,sobol_160_2,FAIL,"[""solver_error""]",UNRESOLVED,UNRESOLVED,"[""coverage_core.jsonl#grid_index=1199""]","{""x"": -0.5860370725393295, ""v"": 0.10880432557314634, ""tau"": 0.8634053829961293, ""K"": 1, ""kappa"": 3.687062090728432, ""theta"": 0.0858339474350214, ""sigma"": 0.28307482274249196, ""rho"": -0.617761816084385, ""r"": 0.07628354676067829, ""label"": ""sobol_160_2""}"
CORE_GRID,1200,sobol_160_3,FAIL,"[""solver_error""]",UNRESOLVED,UNRESOLVED,"[""coverage_core.jsonl#grid_index=1200""]","{""x"": 0.5653840206563472, ""v"": 0.15076746325939894, ""tau"": 1.4047216383651608, ""K"": 1, ""kappa"": 3.687062090728432, ""theta"": 0.0858339474350214, ""sigma"": 0.28307482274249196, ""rho"": -0.617761816084385, ""r"": 0.07628354676067829, ""label"": ""sobol_160_3""}"
CORE_GRID,1201,sobol_160_4,FAIL,"[""solver_error""]",UNRESOLVED,UNRESOLVED,"[""coverage_core.jsonl#grid_index=1201""]","{""x"": 0.27899784967303276, ""v"": 0.07857154728844762, ""tau"": 1.7595941168921334, ""K"": 1, ""kappa"": 3.687062090728432, ""theta"": 0.0858339474350214, ""sigma"": 0.28307482274249196, ""rho"": -0.617761816084385, ""r"": 0.07628354676067829, ""label"": ""sobol_160_4""}"
CORE_GRID,1202,sobol_160_10,PASS,[],NOT_APPLICABLE_STRICT_PASS,NUMERICALLY_RESOLVED,"[""coverage_core.jsonl#grid_index=1202""]","{""x"": -0.01021934151649484, ""v"": 0.03273250022903085, ""tau"": 1.9476490043037171, ""K"": 1, ""kappa"": 3.687062090728432, ""theta"": 0.0858339474350214, ""sigma"": 0.28307482274249196, ""rho"": -0.617761816084385, ""r"": 0.07628354676067829, ""label"": ""sobol_160_10""}"
CORE_GRID,1203,sobol_160_12,FAIL,"[""solver_error""]",UNRESOLVED,UNRESOLVED,"[""coverage_core.jsonl#grid_index=1203""]","{""x"": 0.32194376215338716, ""v"": 0.029891149140894413, ""tau"": 0.9267429928664886, ""K"": 1, ""kappa"": 3.687062090728432, ""theta"": 0.0858339474350214, ""sigma"": 0.28307482274249196, ""rho"": -0.617761816084385, ""r"": 0.07628354676067829, ""label"": ""sobol_160_12""}"
CORE_GRID,1204,sobol_160_14,FAIL,"[""solver_error"", ""FD_uncertainty_budget_unresolved""]",UNRESOLVED,UNRESOLVED,"[""coverage_core.jsonl#grid_index=1204""]","{""x"": -0.6347861364483833, ""v"": 0.0752931865863502, ""tau"": 0.13250267595082282, ""K"": 1, ""kappa"": 3.687062090728432, ""theta"": 0.0858339474350214, ""sigma"": 0.28307482274249196, ""rho"": -0.617761816084385, ""r"": 0.07628354676067829, ""label"": ""sobol_160_14""}"
CORE_GRID,1205,sobol_161_2,FAIL,"[""solver_error"", ""FD_uncertainty_budget_unresolved""]",UNRESOLVED,UNRESOLVED,"[""coverage_core.jsonl#grid_index=1205""]","{""x"": -0.4002293542027473, ""v"": 0.01889643189497292, ""tau"": 0.3400975607579485, ""K"": 1, ""kappa"": 1.9371095118112862, ""theta"": 0.03461298428475857, ""sigma"": 0.46056151548400515, ""rho"": -0.39033773690462115, ""r"": 0.026083068624138832, ""label"": ""sobol_161_2""}"
CORE_GRID,1206,sobol_161_4,FAIL,"[""solver_error""]",UNRESOLVED,UNRESOLVED,"[""coverage_core.jsonl#grid_index=1206""]","{""x"": 0.09319462850689897, ""v"": 0.04323959234170616, ""tau"": 1.283058770880517, ""K"": 1, ""kappa"": 1.9371095118112862, ""theta"": 0.03461298428475857, ""sigma"": 0.46056151548400515, ""rho"": -0.39033773690462115, ""r"": 0.026083068624138832, ""label"": ""sobol_161_4""}"
CORE_GRID,1207,sobol_161_10,PASS,[],NOT_APPLICABLE_STRICT_PASS,NUMERICALLY_RESOLVED,"[""coverage_core.jsonl#grid_index=1207""]","{""x"": -0.1982430920004845, ""v"": 0.09151959861628711, ""tau"": 1.4731865207450316, ""K"": 1, ""kappa"": 1.9371095118112862, ""theta"": 0.03461298428475857, ""sigma"": 0.46056151548400515, ""rho"": -0.39033773690462115, ""r"": 0.026083068624138832, ""label"": ""sobol_161_10""}"
CORE_GRID,1208,sobol_161_12,FAIL,"[""solver_error""]",UNRESOLVED,UNRESOLVED,"[""coverage_core.jsonl#grid_index=1208""]","{""x"": 0.5099630333483218, ""v"": 0.09634485398419201, ""tau"": 0.4055042259528169, ""K"": 1, ""kappa"": 1.9371095118112862, ""theta"": 0.03461298428475857, ""sigma"": 0.46056151548400515, ""rho"": -0.39033773690462115, ""r"": 0.026083068624138832, ""label"": ""sobol_161_12""}"
CORE_GRID,1209,sobol_161_13,FAIL,"[""solver_error""]",UNRESOLVED,UNRESOLVED,"[""coverage_core.jsonl#grid_index=1209""]","{""x"": -0.49369285851716993, ""v"": 0.14807352726347744, ""tau"": 1.8665551352277694, ""K"": 1, ""kappa"": 1.9371095118112862, ""theta"": 0.03461298428475857, ""sigma"": 0.46056151548400515, ""rho"": -0.39033773690462115, ""r"": 0.026083068624138832, ""label"": ""sobol_161_13""}"
CORE_GRID,1210,sobol_162_2,FAIL,"[""solver_error""]",UNRESOLVED,UNRESOLVED,"[""coverage_core.jsonl#grid_index=1210""]","{""x"": -0.4732633374631404, ""v"": 0.0553493311163038, ""tau"": 1.1986463796495208, ""K"": 1, ""kappa"": 0.8138602864928544, ""theta"": 0.10335369946435095, ""sigma"": 0.16148558668792248, ""rho"": -0.8631621032953263, ""r"": 0.006477188169956207, ""label"": ""sobol_162_2""}"
CORE_GRID,1211,sobol_162_10,PASS,[],NOT_APPLICABLE_STRICT_PASS,NUMERICALLY_RESOLVED,"[""coverage_core.jsonl#grid_index=1211""]","{""x"": -0.13061039373278627, ""v"": 0.11549271480180323, ""tau"": 0.115385116447532, ""K"": 1, ""kappa"": 0.8138602864928544, ""theta"": 0.10335369946435095, ""sigma"": 0.16148558668792248, ""rho"": -0.8631621032953263, ""r"": 0.006477188169956207, ""label"": ""sobol_162_10""}"
CORE_GRID,1212,sobol_162_11,FAIL,"[""solver_error""]",UNRESOLVED,UNRESOLVED,"[""coverage_core.jsonl#grid_index=1212""]","{""x"": 0.14190446287393566, ""v"": 0.12821613834239542, ""tau"": 1.655685091978826, ""K"": 1, ""kappa"": 0.8138602864928544, ""theta"": 0.10335369946435095, ""sigma"": 0.16148558668792248, ""rho"": -0.8631621032953263, ""r"": 0.006477188169956207, ""label"": ""sobol_162_11""}"
CORE_GRID,1213,sobol_162_12,FAIL,"[""solver_error""]",UNRESOLVED,UNRESOLVED,"[""coverage_core.jsonl#grid_index=1213""]","{""x"": 0.43764732331037526, ""v"": 0.07164313062094152, ""tau"": 1.0125399426416686, ""K"": 1, ""kappa"": 0.8138602864928544, ""theta"": 0.10335369946435095, ""sigma"": 0.16148558668792248, ""rho"": -0.8631621032953263, ""r"": 0.006477188169956207, ""label"": ""sobol_162_12""}"
CORE_GRID,1214,sobol_163_0,FAIL,"[""solver_error""]",UNRESOLVED,UNRESOLVED,"[""coverage_core.jsonl#grid_index=1214""]","{""x"": 0.6719137832522393, ""v"": 0.022571313194930553, ""tau"": 1.4559930473240832, ""K"": 1, ""kappa"": 2.5639181123115122, ""theta"": 0.05457414107397199, ""sigma"": 0.6887800239026546, ""rho"": -0.142007765173912, ""r"": 0.056199151873588565, ""label"": ""sobol_163_0""}"
CORE_GRID,1215,sobol_163_2,FAIL,"[""solver_error""]",UNRESOLVED,UNRESOLVED,"[""coverage_core.jsonl#grid_index=1215""]","{""x"": -0.3589387156069278, ""v"": 0.06701108952984214, ""tau"": 1.7202563490201201, ""K"": 1, ""kappa"": 2.5639181123115122, ""theta"": 0.05457414107397199, ""sigma"": 0.6887800239026546, ""rho"": -0.142007765173912, ""r"": 0.056199151873588565, ""label"": ""sobol_163_2""}"
CORE_GRID,1216,sobol_163_4,FAIL,"[""solver_error""]",UNRESOLVED,UNRESOLVED,"[""coverage_core.jsonl#grid_index=1216""]","{""x"": 0.04721648097038278, ""v"": 0.12061273865401745, ""tau"": 0.6515947039024756, ""K"": 1, ""kappa"": 2.5639181123115122, ""theta"": 0.05457414107397199, ""sigma"": 0.6887800239026546, ""rho"": -0.142007765173912, ""r"": 0.056199151873588565, ""label"": ""sobol_163_4""}"
CORE_GRID,1217,sobol_163_5,PASS,[],NOT_APPLICABLE_STRICT_PASS,NUMERICALLY_RESOLVED,"[""coverage_core.jsonl#grid_index=1217""]","{""x"": -0.07284563854336734, ""v"": 0.13919556699693203, ""tau"": 1.1156109048216234, ""K"": 1, ""kappa"": 2.5639181123115122, ""theta"": 0.05457414107397199, ""sigma"": 0.6887800239026546, ""rho"": -0.142007765173912, ""r"": 0.056199151873588565, ""label"": ""sobol_163_5""}"
CORE_GRID,1218,sobol_163_10,FAIL,"[""solver_error""]",UNRESOLVED,UNRESOLVED,"[""coverage_core.jsonl#grid_index=1218""]","{""x"": -0.24246327951550484, ""v"": 0.010193947702646255, ""tau"": 0.5920327801833905, ""K"": 1, ""kappa"": 2.5639181123115122, ""theta"": 0.05457414107397199, ""sigma"": 0.6887800239026546, ""rho"": -0.142007765173912, ""r"": 0.056199151873588565, ""label"": ""sobol_163_10""}"
CORE_GRID,1219,sobol_163_12,FAIL,"[""solver_error""]",UNRESOLVED,UNRESOLVED,"[""coverage_core.jsonl#grid_index=1219""]","{""x"": 0.5494957119226456, ""v"": 0.05218174634501338, ""tau"": 1.5359791182462008, ""K"": 1, ""kappa"": 2.5639181123115122, ""theta"": 0.05457414107397199, ""sigma"": 0.6887800239026546, ""rho"": -0.142007765173912, ""r"": 0.056199151873588565, ""label"": ""sobol_163_12""}"
CORE_GRID,1220,sobol_164_4,FAIL,"[""solver_error""]",UNRESOLVED,UNRESOLVED,"[""coverage_core.jsonl#grid_index=1220""]","{""x"": 0.23252927586436267, ""v"": 0.057858365355059505, ""tau"": 0.518121131374279, ""K"": 1, ""kappa"": 2.9449176457710564, ""theta"": 0.11637025324627757, ""sigma"": 0.6024969177320599, ""rho"": -0.2553898975253105, ""r"": 0.04675094515085221, ""label"": ""sobol_164_4""}"
CORE_GRID,1221,sobol_164_10,FAIL,"[""solver_error""]",UNRESOLVED,UNRESOLVED,"[""coverage_core.jsonl#grid_index=1221""]","{""x"": -0.03838226795196542, ""v"": 0.07305369595997036, ""tau"": 0.7023744783659894, ""K"": 1, ""kappa"": 2.9449176457710564, ""theta"": 0.11637025324627757, ""sigma"": 0.6024969177320599, ""rho"": -0.2553898975253105, ""r"": 0.04675094515085221, ""label"": ""sobol_164_10""}"
CORE_GRID,1222,sobol_164_12,FAIL,"[""solver_error""]",UNRESOLVED,UNRESOLVED,"[""coverage_core.jsonl#grid_index=1222""]","{""x"": 0.3688543997704983, ""v"": 0.11505889077670872, ""tau"": 1.67649703833925, ""K"": 1, ""kappa"": 2.9449176457710564, ""theta"": 0.11637025324627757, ""sigma"": 0.6024969177320599, ""rho"": -0.2553898975253105, ""r"": 0.04675094515085221, ""label"": ""sobol_164_12""}"
CORE_GRID,1223,sobol_164_13,FAIL,"[""solver_error"", ""FD_uncertainty_budget_unresolved""]",UNRESOLVED,UNRESOLVED,"[""coverage_core.jsonl#grid_index=1223""]","{""x"": -0.3523075014352798, ""v"": 0.1258289956022054, ""tau"": 0.09068760143533822, ""K"": 1, ""kappa"": 2.9449176457710564, ""theta"": 0.11637025324627757, ""sigma"": 0.6024969177320599, ""rho"": -0.2553898975253105, ""r"": 0.04675094515085221, ""label"": ""sobol_164_13""}"
CORE_GRID,1224,sobol_164_14,FAIL,"[""solver_error""]",UNRESOLVED,UNRESOLVED,"[""coverage_core.jsonl#grid_index=1224""]","{""x"": -0.6630978003144264, ""v"": 0.03742835461162031, ""tau"": 1.3813504298579775, ""K"": 1, ""kappa"": 2.9449176457710564, ""theta"": 0.11637025324627757, ""sigma"": 0.6024969177320599, ""rho"": -0.2553898975253105, ""r"": 0.04675094515085221, ""label"": ""sobol_164_14""}"
CORE_GRID,1225,sobol_165_2,FAIL,"[""solver_error""]",UNRESOLVED,UNRESOLVED,"[""coverage_core.jsonl#grid_index=1225""]","{""x"": -0.4476546540856361, ""v"": 0.11726236995309591, ""tau"": 1.0938376585346838, ""K"": 1, ""kappa"": 1.1949736983515322, ""theta"": 0.06817672921344638, ""sigma"": 0.4251557243987918, ""rho"": -0.7281121119856835, ""r"": 0.01592542350292206, ""label"": ""sobol_165_2""}"
CORE_GRID,1226,sobol_165_3,FAIL,"[""solver_error""]",UNRESOLVED,UNRESOLVED,"[""coverage_core.jsonl#grid_index=1226""]","{""x"": 0.42610646858811374, ""v"": 0.1377985468134284, ""tau"": 0.677280168740138, ""K"": 1, ""kappa"": 1.1949736983515322, ""theta"": 0.06817672921344638, ""sigma"": 0.4251557243987918, ""rho"": -0.7281121119856835, ""r"": 0.01592542350292206, ""label"": ""sobol_165_3""}"
CORE_GRID,1227,sobol_165_4,FAIL,"[""solver_error""]",UNRESOLVED,UNRESOLVED,"[""coverage_core.jsonl#grid_index=1227""]","{""x"": 0.12186763957142821, ""v"": 0.06938471691682935, ""tau"": 0.041717004884655275, ""K"": 1, ""kappa"": 1.1949736983515322, ""theta"": 0.06817672921344638, ""sigma"": 0.4251557243987918, ""rho"": -0.7281121119856835, ""r"": 0.01592542350292206, ""label"": ""sobol_165_4""}"
CORE_GRID,1228,sobol_165_10,FAIL,"[""solver_error""]",UNRESOLVED,UNRESOLVED,"[""coverage_core.jsonl#grid_index=1228""]","{""x"": -0.1515476033091545, ""v"": 0.053701015654951334, ""tau"": 0.22779598892740316, ""K"": 1, ""kappa"": 1.1949736983515322, ""theta"": 0.06817672921344638, ""sigma"": 0.4251557243987918, ""rho"": -0.7281121119856835, ""r"": 0.01592542350292206, ""label"": ""sobol_165_10""}"
CORE_GRID,1229,sobol_166_2,FAIL,"[""solver_error"", ""FD_uncertainty_budget_unresolved""]",UNRESOLVED,UNRESOLVED,"[""coverage_core.jsonl#grid_index=1229""]","{""x"": -0.5198787175118923, ""v"": 0.08193696802482009, ""tau"": 0.4553094982310006, ""K"": 1, ""kappa"": 1.555975838098675, ""theta"": 0.07444252584129572, ""sigma"": 0.7215013018809259, ""rho"": -0.40039955973625185, ""r"": 0.036634789779782295, ""label"": ""sobol_166_2""}"
CORE_GRID,1230,sobol_166_4,FAIL,"[""solver_error""]",UNRESOLVED,UNRESOLVED,"[""coverage_core.jsonl#grid_index=1230""]","{""x"": 0.1894088700413703, ""v"": 0.10641528852283955, ""tau"": 1.4304019501950178, ""K"": 1, ""kappa"": 1.555975838098675, ""theta"": 0.07444252584129572, ""sigma"": 0.7215013018809259, ""rho"": -0.40039955973625185, ""r"": 0.036634789779782295, ""label"": ""sobol_166_4""}"
CORE_GRID,1231,sobol_166_5,PASS,[],NOT_APPLICABLE_STRICT_PASS,NUMERICALLY_RESOLVED,"[""coverage_core.jsonl#grid_index=1231""]","{""x"": -0.2153467945754528, ""v"": 0.15033171512186527, ""tau"": 0.8416403086508609, ""K"": 1, ""kappa"": 1.555975838098675, ""theta"": 0.07444252584129572, ""sigma"": 0.7215013018809259, ""rho"": -0.40039955973625185, ""r"": 0.036634789779782295, ""label"": ""sobol_166_5""}"
CORE_GRID,1232,sobol_166_10,PASS,[],NOT_APPLICABLE_STRICT_PASS,NUMERICALLY_RESOLVED,"[""coverage_core.jsonl#grid_index=1232""]","{""x"": -0.0832606248557568, ""v"": 0.02835676819086075, ""tau"": 1.3650874591484252, ""K"": 1, ""kappa"": 1.555975838098675, ""theta"": 0.07444252584129572, ""sigma"": 0.7215013018809259, ""rho"": -0.40039955973625185, ""r"": 0.036634789779782295, ""label"": ""sobol_166_10""}"
CORE_GRID,1233,sobol_166_12,FAIL,"[""solver_error""]",UNRESOLVED,UNRESOLVED,"[""coverage_core.jsonl#grid_index=1233""]","{""x"": 0.40904526561498633, ""v"": 0.03329049749299884, ""tau"": 0.2652111643821829, ""K"": 1, ""kappa"": 1.555975838098675, ""theta"": 0.07444252584129572, ""sigma"": 0.7215013018809259, ""rho"": -0.40039955973625185, ""r"": 0.036634789779782295, ""label"": ""sobol_166_12""}"
CORE_GRID,1234,sobol_166_14,FAIL,"[""solver_error"", ""FD_uncertainty_budget_unresolved""]",UNRESOLVED,UNRESOLVED,"[""coverage_core.jsonl#grid_index=1234""]","{""x"": -0.6962212242186069, ""v"": 0.11091813910752535, ""tau"": 0.5625736331419339, ""K"": 1, ""kappa"": 1.555975838098675, ""theta"": 0.07444252584129572, ""sigma"": 0.7215013018809259, ""rho"": -0.40039955973625185, ""r"": 0.036634789779782295, ""label"": ""sobol_166_14""}"
CORE_GRID,1235,sobol_166_15,FAIL,"[""solver_error""]",UNRESOLVED,UNRESOLVED,"[""coverage_core.jsonl#grid_index=1235""]","{""x"": 0.6802373617887496, ""v"": 0.12950196582823992, ""tau"": 1.2064688035087394, ""K"": 1, ""kappa"": 1.555975838098675, ""theta"": 0.07444252584129572, ""sigma"": 0.7215013018809259, ""rho"": -0.40039955973625185, ""r"": 0.036634789779782295, ""label"": ""sobol_166_15""}"
CORE_GRID,1236,sobol_167_0,FAIL,"[""solver_error""]",UNRESOLVED,UNRESOLVED,"[""coverage_core.jsonl#grid_index=1236""]","{""x"": 0.6247788771986962, ""v"": 0.12142505240626633, ""tau"": 0.21355685831550214, ""K"": 1, ""kappa"": 3.306028161663562, ""theta"": 0.02263571906834841, ""sigma"": 0.1940533126704395, ""rho"": -0.5793915152549743, ""r"": 0.06573179699480533, ""label"": ""sobol_167_0""}"
CORE_GRID,1237,sobol_167_1,FAIL,"[""solver_error""]",UNRESOLVED,UNRESOLVED,"[""coverage_core.jsonl#grid_index=1237""]","{""x"": -0.6038395129144192, ""v"": 0.13414941472001374, ""tau"": 1.5593580153682047, ""K"": 1, ""kappa"": 3.306028161663562, ""theta"": 0.02263571906834841, ""sigma"": 0.1940533126704395, ""rho"": -0.5793915152549743, ""r"": 0.06573179699480533, ""label"": ""sobol_167_1""}"
CORE_GRID,1238,sobol_167_2,FAIL,"[""solver_error""]",UNRESOLVED,UNRESOLVED,"[""coverage_core.jsonl#grid_index=1238""]","{""x"": -0.3307048358023167, ""v"": 0.04670990235172212, ""tau"": 0.9767918023909072, ""K"": 1, ""kappa"": 3.306028161663562, ""theta"": 0.02263571906834841, ""sigma"": 0.1940533126704395, ""rho"": -0.5793915152549743, ""r"": 0.06573179699480533, ""label"": ""sobol_167_2""}"
CORE_GRID,1239,sobol_167_4,FAIL,"[""solver_error""]",UNRESOLVED,UNRESOLVED,"[""coverage_core.jsonl#grid_index=1239""]","{""x"": 0.00023031234741210938, ""v"": 0.01640250557102263, ""tau"": 1.9051079709999381, ""K"": 1, ""kappa"": 3.306028161663562, ""theta"": 0.02263571906834841, ""sigma"": 0.1940533126704395, ""rho"": -0.5793915152549743, ""r"": 0.06573179699480533, ""label"": ""sobol_167_4""}"
CORE_GRID,1240,sobol_167_10,PASS,[],NOT_APPLICABLE_STRICT_PASS,NUMERICALLY_RESOLVED,"[""coverage_core.jsonl#grid_index=1240""]","{""x"": -0.2702550955116749, ""v"": 0.09494969458319247, ""tau"": 1.8418665803518028, ""K"": 1, ""kappa"": 3.306028161663562, ""theta"": 0.02263571906834841, ""sigma"": 0.1940533126704395, ""rho"": -0.5793915152549743, ""r"": 0.06573179699480533, ""label"": ""sobol_167_10""}"
CORE_GRID,1241,sobol_167_11,FAIL,"[""solver_error""]",UNRESOLVED,UNRESOLVED,"[""coverage_core.jsonl#grid_index=1241""]","{""x"": 0.28241225481033316, ""v"": 0.14472510875202715, ""tau"": 0.42631180749999154, ""K"": 1, ""kappa"": 3.306028161663562, ""theta"": 0.02263571906834841, ""sigma"": 0.1940533126704395, ""rho"": -0.5793915152549743, ""r"": 0.06573179699480533, ""label"": ""sobol_167_11""}"
CORE_GRID,1242,sobol_167_12,FAIL,"[""solver_error""]",UNRESOLVED,UNRESOLVED,"[""coverage_core.jsonl#grid_index=1242""]","{""x"": 0.5960443943738938, ""v"": 0.09193837433122098, ""tau"": 0.7887627618121249, ""K"": 1, ""kappa"": 3.306028161663562, ""theta"": 0.02263571906834841, ""sigma"": 0.1940533126704395, ""rho"": -0.5793915152549743, ""r"": 0.06573179699480533, ""label"": ""sobol_167_12""}"
CORE_GRID,1243,sobol_168_2,FAIL,"[""solver_error"", ""FD_uncertainty_budget_unresolved""]",UNRESOLVED,UNRESOLVED,"[""coverage_core.jsonl#grid_index=1243""]","{""x"": -0.5664089329540729, ""v"": 0.03605590807273984, ""tau"": 0.047367038138742955, ""K"": 1, ""kappa"": 3.367744484450668, ""theta"": 0.10105281153693796, ""sigma"": 0.7657144821248948, ""rho"": -0.7634307071566582, ""r"": 0.02041406124830246, ""label"": ""sobol_168_2""}"
CORE_GRID,1244,sobol_168_4,FAIL,"[""solver_error""]",UNRESOLVED,UNRESOLVED,"[""coverage_core.jsonl#grid_index=1244""]","{""x"": 0.29218213856220254, ""v"": 0.02730081882327795, ""tau"": 1.0838627348291792, ""K"": 1, ""kappa"": 3.367744484450668, ""theta"": 0.10105281153693796, ""sigma"": 0.7657144821248948, ""rho"": -0.7634307071566582, ""r"": 0.02041406124830246, ""label"": ""sobol_168_4""}"
CORE_GRID,1245,sobol_168_10,FAIL,"[""solver_error""]",UNRESOLVED,UNRESOLVED,"[""coverage_core.jsonl#grid_index=1245""]","{""x"": -0.037464985996484845, ""v"": 0.1035349564626813, ""tau"": 1.1492681210668432, ""K"": 1, ""kappa"": 3.367744484450668, ""theta"": 0.10105281153693796, ""sigma"": 0.7657144821248948, ""rho"": -0.7634307071566582, ""r"": 0.02041406124830246, ""label"": ""sobol_168_10""}"
CORE_GRID,1246,sobol_168_11,FAIL,"[""solver_error""]",UNRESOLVED,UNRESOLVED,"[""coverage_core.jsonl#grid_index=1246""]","{""x"": 0.011259260773658797, ""v"": 0.15532587189227343, ""tau"": 0.6237971341895264, ""K"": 1, ""kappa"": 3.367744484450668, ""theta"": 0.10105281153693796, ""sigma"": 0.7657144821248948, ""rho"": -0.7634307071566582, ""r"": 0.02041406124830246, ""label"": ""sobol_168_11""}"
CORE_GRID,1247,sobol_168_12,FAIL,"[""solver_error""]",UNRESOLVED,UNRESOLVED,"[""coverage_core.jsonl#grid_index=1247""]","{""x"": 0.3070019781589508, ""v"": 0.08310879254713655, ""tau"": 0.23749630490598816, ""K"": 1, ""kappa"": 3.367744484450668, ""theta"": 0.10105281153693796, ""sigma"": 0.7657144821248948, ""rho"": -0.7634307071566582, ""r"": 0.02041406124830246, ""label"": ""sobol_168_12""}"
CORE_GRID,1248,sobol_168_13,PASS,[],NOT_APPLICABLE_STRICT_PASS,NUMERICALLY_RESOLVED,"[""coverage_core.jsonl#grid_index=1248""]","{""x"": -0.3229722507297993, ""v"": 0.15632187062874436, ""tau"": 1.5043518952212283, ""K"": 1, ""kappa"": 3.367744484450668, ""theta"": 0.10105281153693796, ""sigma"": 0.7657144821248948, ""rho"": -0.7634307071566582, ""r"": 0.02041406124830246, ""label"": ""sobol_168_13""}"
CORE_GRID,1249,sobol_169_0,FAIL,"[""solver_error""]",UNRESOLVED,UNRESOLVED,"[""coverage_core.jsonl#grid_index=1249""]","{""x"": 0.691194838285446, ""v"": 0.01108656101860106, ""tau"": 0.3047441330974892, ""K"": 1, ""kappa"": 1.617693308275193, ""theta"": 0.04602372849360109, ""sigma"": 0.23767103953287005, ""rho"": -0.24076260179281228, ""r"": 0.07195246815681458, ""label"": ""sobol_169_0""}"
CORE_GRID,1250,sobol_169_2,FAIL,"[""solver_error""]",UNRESOLVED,UNRESOLVED,"[""coverage_core.jsonl#grid_index=1250""]","{""x"": -0.3782559268176555, ""v"": 0.08676206576637924, ""tau"": 0.508542643505193, ""K"": 1, ""kappa"": 1.617693308275193, ""theta"": 0.04602372849360109, ""sigma"": 0.23767103953287005, ""rho"": -0.24076260179281228, ""r"": 0.07195246815681458, ""label"": ""sobol_169_2""}"
CORE_GRID,1251,sobol_169_4,FAIL,"[""solver_error""]",UNRESOLVED,UNRESOLVED,"[""coverage_core.jsonl#grid_index=1251""]","{""x"": 0.10403377264738078, ""v"": 0.10134622943587601, ""tau"": 1.6230178480960489, ""K"": 1, ""kappa"": 1.617693308275193, ""theta"": 0.04602372849360109, ""sigma"": 0.23767103953287005, ""rho"": -0.24076260179281228, ""r"": 0.07195246815681458, ""label"": ""sobol_169_4""}"
CORE_GRID,1252,sobol_169_5,FAIL,"[""solver_error""]",UNRESOLVED,UNRESOLVED,"[""coverage_core.jsonl#grid_index=1252""]","{""x"": -0.09216270670294757, ""v"": 0.1433711324352771, ""tau"": 0.14612167032938156, ""K"": 1, ""kappa"": 1.617693308275193, ""theta"": 0.04602372849360109, ""sigma"": 0.23767103953287005, ""rho"": -0.24076260179281228, ""r"": 0.07195246815681458, ""label"": ""sobol_169_5""}"
CORE_GRID,1253,sobol_169_10,FAIL,"[""solver_error""]",UNRESOLVED,UNRESOLVED,"[""coverage_core.jsonl#grid_index=1253""]","{""x"": -0.22314588055014606, ""v"": 0.02169373561628163, ""tau"": 1.6863501339352556, ""K"": 1, ""kappa"": 1.617693308275193, ""theta"": 0.04602372849360109, ""sigma"": 0.23767103953287005, ""rho"": -0.24076260179281228, ""r"": 0.07195246815681458, ""label"": ""sobol_169_10""}"
CORE_GRID,1254,sobol_169_12,FAIL,"[""solver_error""]",UNRESOLVED,UNRESOLVED,"[""coverage_core.jsonl#grid_index=1254""]","{""x"": 0.49267825037240986, ""v"": 0.04019749234430492, ""tau"": 0.6966026170024028, ""K"": 1, ""kappa"": 1.617693308275193, ""theta"": 0.04602372849360109, ""sigma"": 0.23767103953287005, ""rho"": -0.24076260179281228, ""r"": 0.07195246815681458, ""label"": ""sobol_169_12""}"
CORE_GRID,1255,sobol_170_2,PASS,[],NOT_APPLICABLE_STRICT_PASS,NUMERICALLY_RESOLVED,"[""coverage_core.jsonl#grid_index=1255""]","{""x"": -0.4553918704390526, ""v"": 0.11247561895288527, ""tau"": 1.8953467223771094, ""K"": 1, ""kappa"": 1.1311460095457733, ""theta"": 0.08975787207484245, ""sigma"": 0.5593068959191442, ""rho"": -0.5182258307933807, ""r"": 0.05060831733047962, ""label"": ""sobol_170_2""}"
CORE_GRID,1256,sobol_170_3,FAIL,"[""solver_error""]",UNRESOLVED,UNRESOLVED,"[""coverage_core.jsonl#grid_index=1256""]","{""x"": 0.47223861292004576, ""v"": 0.13099814229644835, ""tau"": 0.37087678682384273, ""K"": 1, ""kappa"": 1.1311460095457733, ""theta"": 0.08975787207484245, ""sigma"": 0.5593068959191442, ""rho"": -0.5182258307933807, ""r"": 0.05060831733047962, ""label"": ""sobol_170_3""}"
CORE_GRID,1257,sobol_170_4,FAIL,"[""solver_error""]",UNRESOLVED,UNRESOLVED,"[""coverage_core.jsonl#grid_index=1257""]","{""x"": 0.1858525849878787, ""v"": 0.0744157878216356, ""tau"": 0.9825936448908159, ""K"": 1, ""kappa"": 1.1311460095457733, ""theta"": 0.08975787207484245, ""sigma"": 0.5593068959191442, ""rho"": -0.5182258307933807, ""r"": 0.05060831733047962, ""label"": ""sobol_170_4""}"
CORE_GRID,1258,sobol_170_10,PASS,[],NOT_APPLICABLE_STRICT_PASS,NUMERICALLY_RESOLVED,"[""coverage_core.jsonl#grid_index=1258""]","{""x"": -0.14086499959230414, ""v"": 0.0603105032350868, ""tau"": 0.7983112685448889, ""K"": 1, ""kappa"": 1.1311460095457733, ""theta"": 0.08975787207484245, ""sigma"": 0.5593068959191442, ""rho"": -0.5182258307933807, ""r"": 0.05060831733047962, ""label"": ""sobol_170_10""}"
CORE_GRID,1259,sobol_171_0,FAIL,"[""solver_error""]",UNRESOLVED,UNRESOLVED,"[""coverage_core.jsonl#grid_index=1259""]","{""x"": 0.6493556030094623, ""v"": 0.09044406609609723, ""tau"": 1.6379391703909885, ""K"": 1, ""kappa"": 2.8810919388197362, ""theta"": 0.04478738129138947, ""sigma"": 0.38119935076683753, ""rho"": -0.489287793636322, ""r"": 0.002067956104874611, ""label"": ""sobol_171_0""}"
CORE_GRID,1260,sobol_171_2,FAIL,"[""solver_error""]",UNRESOLVED,UNRESOLVED,"[""coverage_core.jsonl#grid_index=1260""]","{""x"": -0.3434117496013641, ""v"": 0.014767641201615334, ""tau"": 1.4363565202617634, ""K"": 1, ""kappa"": 2.8810919388197362, ""theta"": 0.04478738129138947, ""sigma"": 0.38119935076683753, ""rho"": -0.489287793636322, ""r"": 0.002067956104874611, ""label"": ""sobol_171_2""}"
CORE_GRID,1261,sobol_171_4,FAIL,"[""solver_error""]",UNRESOLVED,UNRESOLVED,"[""coverage_core.jsonl#grid_index=1261""]","{""x"": 0.0738770864903926, ""v"": 0.04687628662213683, ""tau"": 0.4456391633887376, ""K"": 1, ""kappa"": 2.8810919388197362, ""theta"": 0.04478738129138947, ""sigma"": 0.38119935076683753, ""rho"": -0.489287793636322, ""r"": 0.002067956104874611, ""label"": ""sobol_171_4""}"
CORE_GRID,1262,sobol_171_10,FAIL,"[""solver_error""]",UNRESOLVED,UNRESOLVED,"[""coverage_core.jsonl#grid_index=1262""]","{""x"": -0.25506024062633514, ""v"": 0.0643996293656528, ""tau"": 0.2595311499917732, ""K"": 1, ""kappa"": 2.8810919388197362, ""theta"": 0.04478738129138947, ""sigma"": 0.38119935076683753, ""rho"": -0.489287793636322, ""r"": 0.002067956104874611, ""label"": ""sobol_171_10""}"
CORE_GRID,1263,sobol_171_12,FAIL,"[""solver_error""]",UNRESOLVED,UNRESOLVED,"[""coverage_core.jsonl#grid_index=1263""]","{""x"": 0.5292801015079021, ""v"": 0.12395691871643066, ""tau"": 1.374970535880753, ""K"": 1, ""kappa"": 2.8810919388197362, ""theta"": 0.04478738129138947, ""sigma"": 0.38119935076683753, ""rho"": -0.489287793636322, ""r"": 0.002067956104874611, ""label"": ""sobol_171_12""}"
CORE_GRID,1264,sobol_171_13,FAIL,"[""solver_error""]",UNRESOLVED,UNRESOLVED,"[""coverage_core.jsonl#grid_index=1264""]","{""x"": -0.550510150194168, ""v"": 0.13662051409482956, ""tau"": 0.8951242949835778, ""K"": 1, ""kappa"": 2.8810919388197362, ""theta"": 0.04478738129138947, ""sigma"": 0.38119935076683753, ""rho"": -0.489287793636322, ""r"": 0.002067956104874611, ""label"": ""sobol_171_13""}"
CORE_GRID,1265,sobol_172_2,FAIL,"[""solver_error""]",UNRESOLVED,UNRESOLVED,"[""coverage_core.jsonl#grid_index=1265""]","{""x"": -0.538097233325243, ""v"": 0.07776596280746162, ""tau"": 1.292759585057548, ""K"": 1, ""kappa"": 2.3872057679109275, ""theta"": 0.07674304571002723, ""sigma"": 0.1170989003032446, ""rho"": -0.301107420027256, ""r"": 0.010256454423069954, ""label"": ""sobol_172_2""}"
CORE_GRID,1266,sobol_172_4,FAIL,"[""solver_error""]",UNRESOLVED,UNRESOLVED,"[""coverage_core.jsonl#grid_index=1266""]","{""x"": 0.24512730538845062, ""v"": 0.11010182765312493, ""tau"": 0.3342343245943387, ""K"": 1, ""kappa"": 2.3872057679109275, ""theta"": 0.07674304571002723, ""sigma"": 0.1170989003032446, ""rho"": -0.301107420027256, ""r"": 0.010256454423069954, ""label"": ""sobol_172_4""}"
CORE_GRID,1267,sobol_172_5,FAIL,"[""solver_error""]",UNRESOLVED,UNRESOLVED,"[""coverage_core.jsonl#grid_index=1267""]","{""x"": -0.23356545343995094, ""v"": 0.13057766971178353, ""tau"": 1.9358738014762777, ""K"": 1, ""kappa"": 2.3872057679109275, ""theta"": 0.07674304571002723, ""sigma"": 0.1170989003032446, ""rho"": -0.301107420027256, ""r"": 0.010256454423069954, ""label"": ""sobol_172_5""}"
CORE_GRID,1268,sobol_172_12,FAIL,"[""solver_error""]",UNRESOLVED,UNRESOLVED,"[""coverage_core.jsonl#grid_index=1268""]","{""x"": 0.3533263564109803, ""v"": 0.060853224946185946, ""tau"": 1.4788360409290782, ""K"": 1, ""kappa"": 2.3872057679109275, ""theta"": 0.07674304571002723, ""sigma"": 0.1170989003032446, ""rho"": -0.301107420027256, ""r"": 0.010256454423069954, ""label"": ""sobol_172_12""}"
CORE_GRID,1269,sobol_172_14,FAIL,"[""solver_error""]",UNRESOLVED,UNRESOLVED,"[""coverage_core.jsonl#grid_index=1269""]","{""x"": -0.6405385427176952, ""v"": 0.10724711255170405, ""tau"": 1.7119113763365599, ""K"": 1, ""kappa"": 2.3872057679109275, ""theta"": 0.07674304571002723, ""sigma"": 0.1170989003032446, ""rho"": -0.301107420027256, ""r"": 0.010256454423069954, ""label"": ""sobol_172_14""}"
CORE_GRID,1270,sobol_172_15,FAIL,"[""solver_error""]",UNRESOLVED,UNRESOLVED,"[""coverage_core.jsonl#grid_index=1270""]","{""x"": 0.6620544746518136, ""v"": 0.14927101717330515, ""tau"": 0.05513623655803265, ""K"": 1, ""kappa"": 2.3872057679109275, ""theta"": 0.07674304571002723, ""sigma"": 0.1170989003032446, ""rho"": -0.301107420027256, ""r"": 0.010256454423069954, ""label"": ""sobol_172_15""}"
CORE_GRID,1271,sobol_173_2,FAIL,"[""B_N"", ""solver_error""]",COS_RESOLVED,NUMERICALLY_RESOLVED,"[""coverage_core.jsonl#grid_index=1271"", ""mp_cases\\0d22a41ca723\\e58e0f67933f1392c03d.json""]","{""x"": -0.4250956110656261, ""v"": 0.05036189826205373, ""tau"": 1.7538227685985879, ""K"": 1, ""kappa"": 0.6371467947028577, ""theta"": 0.03118652354925871, ""sigma"": 0.6453359700739383, ""rho"": -0.6784883335232734, ""r"": 0.04241982854902744, ""label"": ""sobol_173_2""}"
CORE_GRID,1272,sobol_173_4,FAIL,"[""B_N"", ""solver_error""]",COS_RESOLVED,NUMERICALLY_RESOLVED,"[""coverage_core.jsonl#grid_index=1272"", ""mp_cases\\0d22a41ca723\\47cef2c2a5b6202615b0.json""]","{""x"": 0.13212116807699203, ""v"": 0.01225841324776411, ""tau"": 0.8732579803936893, ""K"": 1, ""kappa"": 0.6371467947028577, ""theta"": 0.03118652354925871, ""sigma"": 0.6453359700739383, ""rho"": -0.6784883335232734, ""r"": 0.04241982854902744, ""label"": ""sobol_173_4""}"
CORE_GRID,1273,sobol_173_10,FAIL,"[""solver_error""]",UNRESOLVED,UNRESOLVED,"[""coverage_core.jsonl#grid_index=1273""]","{""x"": -0.17586477622389785, ""v"": 0.12254654709249735, ""tau"": 0.9327280571395975, ""K"": 1, ""kappa"": 0.6371467947028577, ""theta"": 0.03118652354925871, ""sigma"": 0.6453359700739383, ""rho"": -0.6784883335232734, ""r"": 0.04241982854902744, ""label"": ""sobol_173_10""}"
CORE_GRID,1274,sobol_173_11,FAIL,"[""solver_error""]",UNRESOLVED,UNRESOLVED,"[""coverage_core.jsonl#grid_index=1274""]","{""x"": 0.15052172988653179, ""v"": 0.13325679395347834, ""tau"": 1.333455506956116, ""K"": 1, ""kappa"": 0.6371467947028577, ""theta"": 0.03118652354925871, ""sigma"": 0.6453359700739383, ""rho"": -0.6784883335232734, ""r"": 0.04241982854902744, ""label"": ""sobol_173_11""}"
CORE_GRID,1275,sobol_173_12,FAIL,"[""B_N"", ""solver_error""]",COS_RESOLVED,NUMERICALLY_RESOLVED,"[""coverage_core.jsonl#grid_index=1275"", ""mp_cases\\0d22a41ca723\\78e2013026f898fc2bb8.json""]","{""x"": 0.4641540125012398, ""v"": 0.06483361730352044, ""tau"": 1.9380700182361854, ""K"": 1, ""kappa"": 0.6371467947028577, ""theta"": 0.03118652354925871, ""sigma"": 0.6453359700739383, ""rho"": -0.6784883335232734, ""r"": 0.04241982854902744, ""label"": ""sobol_173_12""}"
CORE_GRID,1276,sobol_174_2,FAIL,"[""solver_error""]",UNRESOLVED,UNRESOLVED,"[""coverage_core.jsonl#grid_index=1276""]","{""x"": -0.5025928661227226, ""v"": 0.023830315098166466, ""tau"": 0.6455187444382953, ""K"": 1, ""kappa"": 2.1116606309078634, ""theta"": 0.11244593968614937, ""sigma"": 0.32643313528969886, ""rho"": -0.1555119186639785, ""r"": 0.06014092415571213, ""label"": ""sobol_174_2""}"
CORE_GRID,1277,sobol_174_4,FAIL,"[""solver_error""]",UNRESOLVED,UNRESOLVED,"[""coverage_core.jsonl#grid_index=1277""]","{""x"": 0.21431044712662706, ""v"": 0.038549670483917, ""tau"": 1.7298044021692245, ""K"": 1, ""kappa"": 2.1116606309078634, ""theta"": 0.11244593968614937, ""sigma"": 0.32643313528969886, ""rho"": -0.1555119186639785, ""r"": 0.06014092415571213, ""label"": ""sobol_174_4""}"
CORE_GRID,1278,sobol_174_10,PASS,[],NOT_APPLICABLE_STRICT_PASS,NUMERICALLY_RESOLVED,"[""coverage_core.jsonl#grid_index=1278""]","{""x"": -0.09410084635019311, ""v"": 0.08450411586090922, ""tau"": 1.5417813994581737, ""K"": 1, ""kappa"": 2.1116606309078634, ""theta"": 0.11244593968614937, ""sigma"": 0.32643313528969886, ""rho"": -0.1555119186639785, ""r"": 0.06014092415571213, ""label"": ""sobol_174_10""}"
CORE_GRID,1279,sobol_174_11,FAIL,"[""solver_error""]",UNRESOLVED,UNRESOLVED,"[""coverage_core.jsonl#grid_index=1279""]","{""x"": 0.08224816694855686, ""v"": 0.15967012522742152, ""tau"": 0.19615537031287594, ""K"": 1, ""kappa"": 2.1116606309078634, ""theta"": 0.11244593968614937, ""sigma"": 0.32643313528969886, ""rho"": -0.1555119186639785, ""r"": 0.06014092415571213, ""label"": ""sobol_174_11""}"
CORE_GRID,1280,sobol_174_12,FAIL,"[""solver_error""]",UNRESOLVED,UNRESOLVED,"[""coverage_core.jsonl#grid_index=1280""]","{""x"": 0.3870730586349964, ""v"": 0.10311637446284294, ""tau"": 0.582271077976902, ""K"": 1, ""kappa"": 2.1116606309078634, ""theta"": 0.11244593968614937, ""sigma"": 0.32643313528969886, ""rho"": -0.1555119186639785, ""r"": 0.06014092415571213, ""label"": ""sobol_174_12""}"
CORE_GRID,1281,sobol_174_13,PASS,[],NOT_APPLICABLE_STRICT_PASS,NUMERICALLY_RESOLVED,"[""coverage_core.jsonl#grid_index=1281""]","{""x"": -0.4080259367823601, ""v"": 0.15295400097966194, ""tau"": 1.1868779880127736, ""K"": 1, ""kappa"": 2.1116606309078634, ""theta"": 0.11244593968614937, ""sigma"": 0.32643313528969886, ""rho"": -0.1555119186639785, ""r"": 0.06014092415571213, ""label"": ""sobol_174_13""}"
CORE_GRID,1282,sobol_174_14,FAIL,"[""solver_error"", ""FD_uncertainty_budget_unresolved""]",UNRESOLVED,UNRESOLVED,"[""coverage_core.jsonl#grid_index=1282""]","{""x"": -0.6812803030014037, ""v"": 0.05672156671062112, ""tau"": 0.347467432674464, ""K"": 1, ""kappa"": 2.1116606309078634, ""theta"": 0.11244593968614937, ""sigma"": 0.32643313528969886, ""rho"": -0.1555119186639785, ""r"": 0.06014092415571213, ""label"": ""sobol_174_14""}"
CORE_GRID,1283,sobol_175_0,FAIL,"[""solver_error""]",UNRESOLVED,UNRESOLVED,"[""coverage_core.jsonl#grid_index=1283""]","{""x"": 0.6028068847954273, ""v"": 0.05453266086988151, ""tau"": 0.8873323281517341, ""K"": 1, ""kappa"": 3.8616112279705703, ""theta"": 0.058002697285264734, ""sigma"": 0.5043497652746737, ""rho"": -0.8266229003667832, ""r"": 0.032225595712661745, ""label"": ""sobol_175_0""}"
CORE_GRID,1284,sobol_175_2,FAIL,"[""solver_error"", ""FD_uncertainty_budget_unresolved""]",UNRESOLVED,UNRESOLVED,"[""coverage_core.jsonl#grid_index=1284""]","{""x"": -0.3157641291618347, ""v"": 0.09798064478673041, ""tau"": 0.1866559695881156, ""K"": 1, ""kappa"": 3.8616112279705703, ""theta"": 0.058002697285264734, ""sigma"": 0.5043497652746737, ""rho"": -0.8266229003667832, ""r"": 0.032225595712661745, ""label"": ""sobol_175_2""}"
CORE_GRID,1285,sobol_175_3,FAIL,"[""solver_error""]",UNRESOLVED,UNRESOLVED,"[""coverage_core.jsonl#grid_index=1285""]","{""x"": 0.3317161493003369, ""v"": 0.14195880689658225, ""tau"": 1.586365473948212, ""K"": 1, ""kappa"": 3.8616112279705703, ""theta"": 0.058002697285264734, ""sigma"": 0.5043497652746737, ""rho"": -0.8266229003667832, ""r"": 0.032225595712661745, ""label"": ""sobol_175_3""}"
CORE_GRID,1286,sobol_175_4,FAIL,"[""solver_error""]",UNRESOLVED,UNRESOLVED,"[""coverage_core.jsonl#grid_index=1286""]","{""x"": 0.02747717723250398, ""v"": 0.08915090910159051, ""tau"": 1.192965926547047, ""K"": 1, ""kappa"": 3.8616112279705703, ""theta"": 0.058002697285264734, ""sigma"": 0.5043497652746737, ""rho"": -0.8266229003667832, ""r"": 0.032225595712661745, ""label"": ""sobol_175_4""}"
CORE_GRID,1287,sobol_175_10,PASS,[],NOT_APPLICABLE_STRICT_PASS,NUMERICALLY_RESOLVED,"[""coverage_core.jsonl#grid_index=1287""]","{""x"": -0.28343831598758695, ""v"": 0.041732067009434104, ""tau"": 1.0028700613830652, ""K"": 1, ""kappa"": 3.8616112279705703, ""theta"": 0.058002697285264734, ""sigma"": 0.5043497652746737, ""rho"": -0.8266229003667832, ""r"": 0.032225595712661745, ""label"": ""sobol_175_10""}"
CORE_GRID,1288,sobol_175_12,FAIL,"[""solver_error""]",UNRESOLVED,UNRESOLVED,"[""coverage_core.jsonl#grid_index=1288""]","{""x"": 0.5764150433242321, ""v"": 0.02113590226508677, ""tau"": 0.12133924780221331, ""K"": 1, ""kappa"": 3.8616112279705703, ""theta"": 0.058002697285264734, ""sigma"": 0.5043497652746737, ""rho"": -0.8266229003667832, ""r"": 0.032225595712661745, ""label"": ""sobol_175_12""}"
CORE_GRID,1289,sobol_176_2,FAIL,"[""solver_error""]",UNRESOLVED,UNRESOLVED,"[""coverage_core.jsonl#grid_index=1289""]","{""x"": -0.5943146891891956, ""v"": 0.020723717287182808, ""tau"": 1.1199560950007585, ""K"": 1, ""kappa"": 3.991195227019489, ""theta"": 0.10766108797863126, ""sigma"": 0.25879703285172584, ""rho"": -0.4358878470957279, ""r"": 0.058375892713665965, ""label"": ""sobol_176_2""}"
CORE_GRID,1290,sobol_176_4,FAIL,"[""solver_error"", ""FD_uncertainty_budget_unresolved""]",UNRESOLVED,UNRESOLVED,"[""coverage_core.jsonl#grid_index=1290""]","{""x"": 0.26385391652584067, ""v"": 0.041167987044900656, ""tau"": 0.0054866048204342995, ""K"": 1, ""kappa"": 3.991195227019489, ""theta"": 0.10766108797863126, ""sigma"": 0.25879703285172584, ""rho"": -0.4358878470957279, ""r"": 0.058375892713665965, ""label"": ""sobol_176_4""}"
CORE_GRID,1291,sobol_176_10,PASS,[],NOT_APPLICABLE_STRICT_PASS,NUMERICALLY_RESOLVED,"[""coverage_core.jsonl#grid_index=1291""]","{""x"": -0.008842650800943375, ""v"": 0.08968495531007648, ""tau"": 0.19360189693462515, ""K"": 1, ""kappa"": 3.991195227019489, ""theta"": 0.10766108797863126, ""sigma"": 0.25879703285172584, ""rho"": -0.4358878470957279, ""r"": 0.058375892713665965, ""label"": ""sobol_176_10""}"
CORE_GRID,1292,sobol_176_12,FAIL,"[""solver_error""]",UNRESOLVED,UNRESOLVED,"[""coverage_core.jsonl#grid_index=1292""]","{""x"": 0.3346181988716126, ""v"": 0.09842381626367569, ""tau"": 1.1833551282780097, ""K"": 1, ""kappa"": 3.991195227019489, ""theta"": 0.10766108797863126, ""sigma"": 0.25879703285172584, ""rho"": -0.4358878470957279, ""r"": 0.058375892713665965, ""label"": ""sobol_176_12""}"
CORE_GRID,1293,sobol_176_13,PASS,[],NOT_APPLICABLE_STRICT_PASS,NUMERICALLY_RESOLVED,"[""coverage_core.jsonl#grid_index=1293""]","{""x"": -0.3139603681862354, ""v"": 0.14234007894992828, ""tau"": 0.5877646843547977, ""K"": 1, ""kappa"": 3.991195227019489, ""theta"": 0.10766108797863126, ""sigma"": 0.25879703285172584, ""rho"": -0.4358878470957279, ""r"": 0.058375892713665965, ""label"": ""sobol_176_13""}"
CORE_GRID,1294,sobol_176_14,FAIL,"[""solver_error""]",UNRESOLVED,UNRESOLVED,"[""coverage_core.jsonl#grid_index=1294""]","{""x"": -0.6218119315803051, ""v"": 0.05399834597483277, ""tau"": 1.8861918835050708, ""K"": 1, ""kappa"": 3.991195227019489, ""theta"": 0.10766108797863126, ""sigma"": 0.25879703285172584, ""rho"": -0.4358878470957279, ""r"": 0.058375892713665965, ""label"": ""sobol_176_14""}"
CORE_GRID,1295,sobol_177_2,FAIL,"[""solver_error""]",UNRESOLVED,UNRESOLVED,"[""coverage_core.jsonl#grid_index=1295""]","{""x"": -0.406295757740736, ""v"": 0.10258259647525847, ""tau"": 1.5791843541794353, ""K"": 1, ""kappa"": 2.2411478320136666, ""theta"": 0.06278830559924245, ""sigma"": 0.7869713456369936, ""rho"": -0.5569895423948765, ""r"": 0.009260009303689002, ""label"": ""sobol_177_2""}"
CORE_GRID,1296,sobol_177_3,FAIL,"[""solver_error""]",UNRESOLVED,UNRESOLVED,"[""coverage_core.jsonl#grid_index=1296""]","{""x"": 0.39004869014024734, ""v"": 0.1523581447545439, ""tau"": 0.18800210736558903, ""K"": 1, ""kappa"": 2.2411478320136666, ""theta"": 0.06278830559924245, ""sigma"": 0.7869713456369936, ""rho"": -0.5569895423948765, ""r"": 0.009260009303689002, ""label"": ""sobol_177_3""}"
CORE_GRID,1297,sobol_177_4,FAIL,"[""solver_error""]",UNRESOLVED,UNRESOLVED,"[""coverage_core.jsonl#grid_index=1297""]","{""x"": 0.07583047002553944, ""v"": 0.08406067616306245, ""tau"": 0.5426905647711089, ""K"": 1, ""kappa"": 2.2411478320136666, ""theta"": 0.06278830559924245, ""sigma"": 0.7869713456369936, ""rho"": -0.5569895423948765, ""r"": 0.009260009303689002, ""label"": ""sobol_177_4""}"
CORE_GRID,1298,sobol_177_5,FAIL,"[""solver_error""]",UNRESOLVED,UNRESOLVED,"[""coverage_core.jsonl#grid_index=1298""]","{""x"": -0.10176395997405052, ""v"": 0.15928912139497697, ""tau"": 1.1933407669679985, ""K"": 1, ""kappa"": 2.2411478320136666, ""theta"": 0.06278830559924245, ""sigma"": 0.7869713456369936, ""rho"": -0.5569895423948765, ""r"": 0.009260009303689002, ""label"": ""sobol_177_5""}"
CORE_GRID,1299,sobol_177_10,FAIL,"[""solver_error""]",UNRESOLVED,UNRESOLVED,"[""coverage_core.jsonl#grid_index=1299""]","{""x"": -0.1946461759507656, ""v"": 0.03896212368272245, ""tau"": 0.7326350631192327, ""K"": 1, ""kappa"": 2.2411478320136666, ""theta"": 0.06278830559924245, ""sigma"": 0.7869713456369936, ""rho"": -0.5569895423948765, ""r"": 0.009260009303689002, ""label"": ""sobol_177_10""}"
CORE_GRID,1300,sobol_177_12,FAIL,"[""solver_error""]",UNRESOLVED,UNRESOLVED,"[""coverage_core.jsonl#grid_index=1300""]","{""x"": 0.52042625695467, ""v"": 0.024394126841798425, ""tau"": 1.6444087865621975, ""K"": 1, ""kappa"": 2.2411478320136666, ""theta"": 0.06278830559924245, ""sigma"": 0.7869713456369936, ""rho"": -0.5569895423948765, ""r"": 0.009260009303689002, ""label"": ""sobol_177_12""}"
CORE_GRID,1301,sobol_178_2,FAIL,"[""solver_error""]",UNRESOLVED,UNRESOLVED,"[""coverage_core.jsonl#grid_index=1301""]","{""x"": -0.4838845655322075, ""v"": 0.06542779761366546, ""tau"": 0.9406561046461797, ""K"": 1, ""kappa"": 0.5095920646563172, ""theta"": 0.08152927689254284, ""sigma"": 0.40245285294950006, ""rho"": -0.2840194575488567, ""r"": 0.02825797826051712, ""label"": ""sobol_178_2""}"
CORE_GRID,1302,sobol_178_4,FAIL,"[""solver_error""]",UNRESOLVED,UNRESOLVED,"[""coverage_core.jsonl#grid_index=1302""]","{""x"": 0.15811130180954924, ""v"": 0.12292827409692109, ""tau"": 1.9313753613655174, ""K"": 1, ""kappa"": 0.5095920646563172, ""theta"": 0.08152927689254284, ""sigma"": 0.40245285294950006, ""rho"": -0.2840194575488567, ""r"": 0.02825797826051712, ""label"": ""sobol_178_4""}"
CORE_GRID,1303,sobol_178_5,PASS,[],NOT_APPLICABLE_STRICT_PASS,NUMERICALLY_RESOLVED,"[""coverage_core.jsonl#grid_index=1303""]","{""x"": -0.16937353760004048, ""v"": 0.13369857263751328, ""tau"": 0.33680120471584063, ""K"": 1, ""kappa"": 0.5095920646563172, ""theta"": 0.08152927689254284, ""sigma"": 0.40245285294950006, ""rho"": -0.2840194575488567, ""r"": 0.02825797826051712, ""label"": ""sobol_178_5""}"
CORE_GRID,1304,sobol_178_10,PASS,[],NOT_APPLICABLE_STRICT_PASS,NUMERICALLY_RESOLVED,"[""coverage_core.jsonl#grid_index=1304""]","{""x"": -0.11282731443643579, ""v"": 0.011784664588049054, ""tau"": 1.8699266820562086, ""K"": 1, ""kappa"": 0.5095920646563172, ""theta"": 0.08152927689254284, ""sigma"": 0.40245285294950006, ""rho"": -0.2840194575488567, ""r"": 0.02825797826051712, ""label"": ""sobol_178_10""}"
CORE_GRID,1305,sobol_178_12,FAIL,"[""solver_error""]",UNRESOLVED,UNRESOLVED,"[""coverage_core.jsonl#grid_index=1305""]","{""x"": 0.4432903714478016, ""v"": 0.049858786864206195, ""tau"": 0.7544891960135409, ""K"": 1, ""kappa"": 0.5095920646563172, ""theta"": 0.08152927689254284, ""sigma"": 0.40245285294950006, ""rho"": -0.2840194575488567, ""r"": 0.02825797826051712, ""label"": ""sobol_178_12""}"
CORE_GRID,1306,sobol_179_0,FAIL,"[""solver_error""]",UNRESOLVED,UNRESOLVED,"[""coverage_core.jsonl#grid_index=1306""]","{""x"": 0.6590974397957325, ""v"": 0.1067431066185236, ""tau"": 0.7145278900307381, ""K"": 1, ""kappa"": 2.2595342127606273, ""theta"": 0.02640258677303791, ""sigma"": 0.5804349102079868, ""rho"": -0.7113969974219799, ""r"": 0.07906331598758698, ""label"": ""sobol_179_0""}"
CORE_GRID,1307,sobol_179_1,FAIL,"[""solver_error"", ""FD_uncertainty_budget_unresolved""]",UNRESOLVED,UNRESOLVED,"[""coverage_core.jsonl#grid_index=1307""]","{""x"": -0.6422506973147392, ""v"": 0.14870737679302692, ""tau"": 1.0545165319779208, ""K"": 1, ""kappa"": 2.2595342127606273, ""theta"": 0.02640258677303791, ""sigma"": 0.5804349102079868, ""rho"": -0.7113969974219799, ""r"": 0.07906331598758698, ""label"": ""sobol_179_1""}"
CORE_GRID,1308,sobol_179_2,FAIL,"[""solver_error"", ""FD_uncertainty_budget_unresolved""]",UNRESOLVED,UNRESOLVED,"[""coverage_core.jsonl#grid_index=1308""]","{""x"": -0.37203651666641235, ""v"": 0.06132676498964429, ""tau"": 0.4797147492146385, ""K"": 1, ""kappa"": 2.2595342127606273, ""theta"": 0.02640258677303791, ""sigma"": 0.5804349102079868, ""rho"": -0.7113969974219799, ""r"": 0.07906331598758698, ""label"": ""sobol_179_2""}"
CORE_GRID,1309,sobol_179_10,FAIL,"[""solver_error""]",UNRESOLVED,UNRESOLVED,"[""coverage_core.jsonl#grid_index=1309""]","{""x"": -0.22714776098728184, ""v"": 0.1095074387267232, ""tau"": 1.333093909690866, ""K"": 1, ""kappa"": 2.2595342127606273, ""theta"": 0.02640258677303791, ""sigma"": 0.5804349102079868, ""rho"": -0.7113969974219799, ""r"": 0.07906331598758698, ""label"": ""sobol_179_10""}"
CORE_GRID,1310,sobol_179_11,FAIL,"[""solver_error""]",UNRESOLVED,UNRESOLVED,"[""coverage_core.jsonl#grid_index=1310""]","{""x"": 0.25279042348265657, ""v"": 0.13004339206963778, ""tau"": 0.938946363797027, ""K"": 1, ""kappa"": 2.2595342127606273, ""theta"": 0.02640258677303791, ""sigma"": 0.5804349102079868, ""rho"": -0.7113969974219799, ""r"": 0.07906331598758698, ""label"": ""sobol_179_11""}"
CORE_GRID,1311,sobol_179_12,FAIL,"[""solver_error""]",UNRESOLVED,UNRESOLVED,"[""coverage_core.jsonl#grid_index=1311""]","{""x"": 0.5576153330504894, ""v"": 0.0773844444192946, ""tau"": 0.29562070303493077, ""K"": 1, ""kappa"": 2.2595342127606273, ""theta"": 0.02640258677303791, ""sigma"": 0.5804349102079868, ""rho"": -0.7113969974219799, ""r"": 0.07906331598758698, ""label"": ""sobol_179_12""}"
CORE_GRID,1312,sobol_180_2,FAIL,"[""solver_error"", ""FD_uncertainty_budget_unresolved""]",UNRESOLVED,UNRESOLVED,"[""coverage_core.jsonl#grid_index=1312""]","{""x"": -0.5476996310055255, ""v"": 0.12348436214961112, ""tau"": 0.3780602042541085, ""K"": 1, ""kappa"": 2.7500627050176263, ""theta"": 0.09434735316783191, ""sigma"": 0.6664191188290715, ""rho"": -0.8982105560600758, ""r"": 0.06853109627962113, ""label"": ""sobol_180_2""}"
CORE_GRID,1313,sobol_180_3,FAIL,"[""solver_error""]",UNRESOLVED,UNRESOLVED,"[""coverage_core.jsonl#grid_index=1313""]","{""x"": 0.5311387717723846, ""v"": 0.1362075919751078, ""tau"": 1.8940009786969139, ""K"": 1, ""kappa"": 2.7500627050176263, ""theta"": 0.09434735316783191, ""sigma"": 0.6664191188290715, ""rho"": -0.8982105560600758, ""r"": 0.06853109627962113, ""label"": ""sobol_180_3""}"
CORE_GRID,1314,sobol_180_4,FAIL,"[""solver_error""]",UNRESOLVED,UNRESOLVED,"[""coverage_core.jsonl#grid_index=1314""]","{""x"": 0.23598199188709268, ""v"": 0.06389532587490976, ""tau"": 1.2586192780484755, ""K"": 1, ""kappa"": 2.7500627050176263, ""theta"": 0.09434735316783191, ""sigma"": 0.6664191188290715, ""rho"": -0.8982105560600758, ""r"": 0.06853109627962113, ""label"": ""sobol_180_4""}"
CORE_GRID,1315,sobol_180_10,FAIL,"[""solver_error""]",UNRESOLVED,UNRESOLVED,"[""coverage_core.jsonl#grid_index=1315""]","{""x"": -0.056192741543054536, ""v"": 0.04747165902517736, ""tau"": 1.4428112090690919, ""K"": 1, ""kappa"": 2.7500627050176263, ""theta"": 0.09434735316783191, ""sigma"": 0.6664191188290715, ""rho"": -0.8982105560600758, ""r"": 0.06853109627962113, ""label"": ""sobol_180_10""}"
CORE_GRID,1316,sobol_180_12,FAIL,"[""solver_error""]",UNRESOLVED,UNRESOLVED,"[""coverage_core.jsonl#grid_index=1316""]","{""x"": 0.3632205784320832, ""v"": 0.015148176113143563, ""tau"": 0.4374635335619724, ""K"": 1, ""kappa"": 2.7500627050176263, ""theta"": 0.09434735316783191, ""sigma"": 0.6664191188290715, ""rho"": -0.8982105560600758, ""r"": 0.06853109627962113, ""label"": ""sobol_180_12""}"
CORE_GRID,1317,sobol_180_14,FAIL,"[""solver_error"", ""FD_uncertainty_budget_unresolved""]",UNRESOLVED,UNRESOLVED,"[""coverage_core.jsonl#grid_index=1317""]","{""x"": -0.6690132133662701, ""v"": 0.08984902198426425, ""tau"": 0.6412715394833376, ""K"": 1, ""kappa"": 2.7500627050176263, ""theta"": 0.09434735316783191, ""sigma"": 0.6664191188290715, ""rho"": -0.8982105560600758, ""r"": 0.06853109627962113, ""label"": ""sobol_180_14""}"
CORE_GRID,1318,sobol_181_4,FAIL,"[""solver_error""]",UNRESOLVED,UNRESOLVED,"[""coverage_core.jsonl#grid_index=1318""]","{""x"": 0.12281631678342819, ""v"": 0.05992970010265708, ""tau"": 1.7956955876600529, ""K"": 1, ""kappa"": 1.0000066263601184, ""theta"": 0.04019713167101145, ""sigma"": 0.13839835803955794, ""rho"": -0.11926361396908758, ""r"": 0.03879016935825348, ""label"": ""sobol_181_4""}"
CORE_GRID,1319,sobol_181_10,FAIL,"[""solver_error""]",UNRESOLVED,UNRESOLVED,"[""coverage_core.jsonl#grid_index=1319""]","{""x"": -0.16685403808951382, ""v"": 0.07488861260935664, ""tau"": 1.9819568119507047, ""K"": 1, ""kappa"": 1.0000066263601184, ""theta"": 0.04019713167101145, ""sigma"": 0.13839835803955794, ""rho"": -0.11926361396908758, ""r"": 0.03879016935825348, ""label"": ""sobol_181_10""}"
CORE_GRID,1320,sobol_181_12,FAIL,"[""solver_error""]",UNRESOLVED,UNRESOLVED,"[""coverage_core.jsonl#grid_index=1320""]","{""x"": 0.4738772526383399, ""v"": 0.11297965422272682, ""tau"": 0.8986486641852747, ""K"": 1, ""kappa"": 1.0000066263601184, ""theta"": 0.04019713167101145, ""sigma"": 0.13839835803955794, ""rho"": -0.11926361396908758, ""r"": 0.03879016935825348, ""label"": ""sobol_181_12""}"
CORE_GRID,1321,sobol_181_13,FAIL,"[""solver_error""]",UNRESOLVED,UNRESOLVED,"[""coverage_core.jsonl#grid_index=1321""]","{""x"": -0.45236132070422175, ""v"": 0.1315627060830593, ""tau"": 1.3694803425340012, ""K"": 1, ""kappa"": 1.0000066263601184, ""theta"": 0.04019713167101145, ""sigma"": 0.13839835803955794, ""rho"": -0.11926361396908758, ""r"": 0.03879016935825348, ""label"": ""sobol_181_13""}"
CORE_GRID,1322,sobol_182_2,FAIL,"[""solver_error""]",UNRESOLVED,UNRESOLVED,"[""coverage_core.jsonl#grid_index=1322""]","{""x"": -0.5116103276610374, ""v"": 0.040732253808528185, ""tau"": 1.6957212020864798, ""K"": 1, ""kappa"": 1.7507522283121943, ""theta"": 0.09646184964105488, ""sigma"": 0.5256471968255937, ""rho"": -0.6467327915132046, ""r"": 0.01872777469456196, ""label"": ""sobol_182_2""}"
CORE_GRID,1323,sobol_182_4,FAIL,"[""solver_error""]",UNRESOLVED,UNRESOLVED,"[""coverage_core.jsonl#grid_index=1323""]","{""x"": 0.20458019748330125, ""v"": 0.022136191837489605, ""tau"": 0.6894093452812364, ""K"": 1, ""kappa"": 1.7507522283121943, ""theta"": 0.09646184964105488, ""sigma"": 0.5256471968255937, ""rho"": -0.6467327915132046, ""r"": 0.01872777469456196, ""label"": ""sobol_182_4""}"
CORE_GRID,1324,sobol_182_10,FAIL,"[""solver_error""]",UNRESOLVED,UNRESOLVED,"[""coverage_core.jsonl#grid_index=1324""]","{""x"": -0.0846647098660469, ""v"": 0.10093475971370935, ""tau"": 0.6241553184236326, ""K"": 1, ""kappa"": 1.7507522283121943, ""theta"": 0.09646184964105488, ""sigma"": 0.5256471968255937, ""rho"": -0.6467327915132046, ""r"": 0.01872777469456196, ""label"": ""sobol_182_10""}"
CORE_GRID,1325,sobol_182_11,FAIL,"[""solver_error""]",UNRESOLVED,UNRESOLVED,"[""coverage_core.jsonl#grid_index=1325""]","{""x"": 0.11057996526360503, ""v"": 0.14289806131273508, ""tau"": 1.1430483049424809, ""K"": 1, ""kappa"": 1.7507522283121943, ""theta"": 0.09646184964105488, ""sigma"": 0.5256471968255937, ""rho"": -0.6467327915132046, ""r"": 0.01872777469456196, ""label"": ""sobol_182_11""}"
CORE_GRID,1326,sobol_182_12,FAIL,"[""solver_error""]",UNRESOLVED,UNRESOLVED,"[""coverage_core.jsonl#grid_index=1326""]","{""x"": 0.39638005569577217, ""v"": 0.08619727054610848, ""tau"": 1.5056842321581725, ""K"": 1, ""kappa"": 1.7507522283121943, ""theta"": 0.09646184964105488, ""sigma"": 0.5256471968255937, ""rho"": -0.6467327915132046, ""r"": 0.01872777469456196, ""label"": ""sobol_182_12""}"
CORE_GRID,1327,sobol_183_2,FAIL,"[""solver_error""]",UNRESOLVED,UNRESOLVED,"[""coverage_core.jsonl#grid_index=1327""]","{""x"": -0.32461089491844175, ""v"": 0.08352005365304649, ""tau"": 1.2349110810485269, ""K"": 1, ""kappa"": 3.5006999308243394, ""theta"": 0.050612407904118306, ""sigma"": 0.34751964015886183, ""rho"": -0.37406169399619105, ""r"": 0.0489081559330225, ""label"": ""sobol_183_2""}"
CORE_GRID,1328,sobol_183_3,FAIL,"[""solver_error""]",UNRESOLVED,UNRESOLVED,"[""coverage_core.jsonl#grid_index=1328""]","{""x"": 0.30397143289446826, ""v"": 0.1567951503675431, ""tau"": 0.5050050311477944, ""K"": 1, ""kappa"": 3.5006999308243394, ""theta"": 0.050612407904118306, ""sigma"": 0.34751964015886183, ""rho"": -0.37406169399619105, ""r"": 0.0489081559330225, ""label"": ""sobol_183_3""}"
CORE_GRID,1329,sobol_183_4,FAIL,"[""solver_error""]",UNRESOLVED,UNRESOLVED,"[""coverage_core.jsonl#grid_index=1329""]","{""x"": 0.017585387080907733, ""v"": 0.10409996029920876, ""tau"": 0.1506197163428638, ""K"": 1, ""kappa"": 3.5006999308243394, ""theta"": 0.050612407904118306, ""sigma"": 0.34751964015886183, ""rho"": -0.37406169399619105, ""r"": 0.0489081559330225, ""label"": ""sobol_183_4""}"
CORE_GRID,1330,sobol_183_5,PASS,[],NOT_APPLICABLE_STRICT_PASS,NUMERICALLY_RESOLVED,"[""coverage_core.jsonl#grid_index=1330""]","{""x"": -0.02974692285060887, ""v"": 0.15582849946804345, ""tau"": 1.6204486703130578, ""K"": 1, ""kappa"": 3.5006999308243394, ""theta"": 0.050612407904118306, ""sigma"": 0.34751964015886183, ""rho"": -0.37406169399619105, ""r"": 0.0489081559330225, ""label"": ""sobol_183_5""}"
CORE_GRID,1331,sobol_183_10,FAIL,"[""solver_error"", ""FD_uncertainty_budget_unresolved""]",UNRESOLVED,UNRESOLVED,"[""coverage_core.jsonl#grid_index=1331""]","{""x"": -0.2738429278135299, ""v"": 0.02676584874279797, ""tau"": 0.08719513366471916, ""K"": 1, ""kappa"": 3.5006999308243394, ""theta"": 0.050612407904118306, ""sigma"": 0.34751964015886183, ""rho"": -0.37406169399619105, ""r"": 0.0489081559330225, ""label"": ""sobol_183_10""}"
CORE_GRID,1332,sobol_183_12,FAIL,"[""solver_error""]",UNRESOLVED,UNRESOLVED,"[""coverage_core.jsonl#grid_index=1332""]","{""x"": 0.5855536334216596, ""v"": 0.03561366046778858, ""tau"": 1.0466997481712568, ""K"": 1, ""kappa"": 3.5006999308243394, ""theta"": 0.050612407904118306, ""sigma"": 0.34751964015886183, ""rho"": -0.37406169399619105, ""r"": 0.0489081559330225, ""label"": ""sobol_183_12""}"
CORE_GRID,1333,sobol_184_2,FAIL,"[""solver_error""]",UNRESOLVED,UNRESOLVED,"[""coverage_core.jsonl#grid_index=1333""]","{""x"": -0.5770302325487137, ""v"": 0.09250319888815284, ""tau"": 1.7859338557103737, ""K"": 1, ""kappa"": 3.2278703581541777, ""theta"": 0.07297809094190598, ""sigma"": 0.48168978011235597, ""rho"": -0.18311598971486087, ""r"": 0.004850777089595795, ""label"": ""sobol_184_2""}"
CORE_GRID,1334,sobol_184_4,FAIL,"[""solver_error""]",UNRESOLVED,UNRESOLVED,"[""coverage_core.jsonl#grid_index=1334""]","{""x"": 0.28875703141093245, ""v"": 0.0953607764095068, ""tau"": 0.8429745454341173, ""K"": 1, ""kappa"": 3.2278703581541777, ""theta"": 0.07297809094190598, ""sigma"": 0.48168978011235597, ""rho"": -0.18311598971486087, ""r"": 0.004850777089595795, ""label"": ""sobol_184_4""}"
CORE_GRID,1335,sobol_184_5,FAIL,"[""solver_error""]",UNRESOLVED,UNRESOLVED,"[""coverage_core.jsonl#grid_index=1335""]","{""x"": -0.26251906156539917, ""v"": 0.14519856683909893, ""tau"": 1.4232070333036106, ""K"": 1, ""kappa"": 3.2278703581541777, ""theta"": 0.07297809094190598, ""sigma"": 0.48168978011235597, ""rho"": -0.18311598971486087, ""r"": 0.004850777089595795, ""label"": ""sobol_184_5""}"
CORE_GRID,1336,sobol_184_10,PASS,[],NOT_APPLICABLE_STRICT_PASS,NUMERICALLY_RESOLVED,"[""coverage_core.jsonl#grid_index=1336""]","{""x"": -0.019682121276855424, ""v"": 0.015960436314344406, ""tau"": 0.9081966875911882, ""K"": 1, ""kappa"": 3.2278703581541777, ""theta"": 0.07297809094190598, ""sigma"": 0.48168978011235597, ""rho"": -0.18311598971486087, ""r"": 0.004850777089595795, ""label"": ""sobol_184_10""}"
CORE_GRID,1337,sobol_184_12,FAIL,"[""solver_error""]",UNRESOLVED,UNRESOLVED,"[""coverage_core.jsonl#grid_index=1337""]","{""x"": 0.3126450978219508, ""v"": 0.04617511061951518, ""tau"": 1.9758808822297151, ""K"": 1, ""kappa"": 3.2278703581541777, ""theta"": 0.07297809094190598, ""sigma"": 0.48168978011235597, ""rho"": -0.18311598971486087, ""r"": 0.004850777089595795, ""label"": ""sobol_184_12""}"
CORE_GRID,1338,sobol_184_14,FAIL,"[""solver_error""]",UNRESOLVED,UNRESOLVED,"[""coverage_core.jsonl#grid_index=1338""]","{""x"": -0.6068700447678566, ""v"": 0.12186774704605341, ""tau"": 1.2109725564969556, ""K"": 1, ""kappa"": 3.2278703581541777, ""theta"": 0.07297809094190598, ""sigma"": 0.48168978011235597, ""rho"": -0.18311598971486087, ""r"": 0.004850777089595795, ""label"": ""sobol_184_14""}"
CORE_GRID,1339,sobol_184_15,FAIL,"[""solver_error""]",UNRESOLVED,UNRESOLVED,"[""coverage_core.jsonl#grid_index=1339""]","{""x"": 0.6231402195990086, ""v"": 0.13453020993620157, ""tau"": 0.5600101697694747, ""K"": 1, ""kappa"": 3.2278703581541777, ""theta"": 0.07297809094190598, ""sigma"": 0.48168978011235597, ""rho"": -0.18311598971486087, ""r"": 0.004850777089595795, ""label"": ""sobol_184_15""}"
CORE_GRID,1340,sobol_185_0,FAIL,"[""solver_error""]",UNRESOLVED,UNRESOLVED,"[""coverage_core.jsonl#grid_index=1340""]","{""x"": 0.6783787094056606, ""v"": 0.11038483795709908, ""tau"": 1.5597142997559987, ""K"": 1, ""kappa"": 1.4779215082526207, ""theta"": 0.024100922495126725, ""sigma"": 0.3043285752646625, ""rho"": -0.812105143815279, ""r"": 0.052785058021545414, ""label"": ""sobol_185_0""}"
CORE_GRID,1341,sobol_185_1,FAIL,"[""solver_error"", ""FD_uncertainty_budget_unresolved""]",UNRESOLVED,UNRESOLVED,"[""coverage_core.jsonl#grid_index=1341""]","{""x"": -0.6990317612886429, ""v"": 0.12890658644028008, ""tau"": 0.20733513490903, ""K"": 1, ""kappa"": 1.4779215082526207, ""theta"": 0.024100922495126725, ""sigma"": 0.3043285752646625, ""rho"": -0.812105143815279, ""r"": 0.052785058021545414, ""label"": ""sobol_185_1""}"
CORE_GRID,1342,sobol_185_2,FAIL,"[""solver_error""]",UNRESOLVED,UNRESOLVED,"[""coverage_core.jsonl#grid_index=1342""]","{""x"": -0.39135365635156627, ""v"": 0.033732775365933776, ""tau"": 1.264573379659966, ""K"": 1, ""kappa"": 1.4779215082526207, ""theta"": 0.024100922495126725, ""sigma"": 0.3043285752646625, ""rho"": -0.812105143815279, ""r"": 0.052785058021545414, ""label"": ""sobol_185_2""}"
CORE_GRID,1343,sobol_185_4,FAIL,"[""solver_error""]",UNRESOLVED,UNRESOLVED,"[""coverage_core.jsonl#grid_index=1343""]","{""x"": 0.10307579711079606, ""v"": 0.028891351306810975, ""tau"": 0.36839035273869597, ""K"": 1, ""kappa"": 1.4779215082526207, ""theta"": 0.024100922495126725, ""sigma"": 0.3043285752646625, ""rho"": -0.812105143815279, ""r"": 0.052785058021545414, ""label"": ""sobol_185_4""}"
CORE_GRID,1344,sobol_185_10,FAIL,"[""solver_error""]",UNRESOLVED,UNRESOLVED,"[""coverage_core.jsonl#grid_index=1344""]","{""x"": -0.2078301474452019, ""v"": 0.1058506725821644, ""tau"": 0.4317830507163076, ""K"": 1, ""kappa"": 1.4779215082526207, ""theta"": 0.024100922495126725, ""sigma"": 0.3043285752646625, ""rho"": -0.812105143815279, ""r"": 0.052785058021545414, ""label"": ""sobol_185_10""}"
CORE_GRID,1345,sobol_185_11,FAIL,"[""solver_error""]",UNRESOLVED,UNRESOLVED,"[""coverage_core.jsonl#grid_index=1345""]","{""x"": 0.19597303345799455, ""v"": 0.1498287005815655, ""tau"": 1.8383232535838725, ""K"": 1, ""kappa"": 1.4779215082526207, ""theta"": 0.024100922495126725, ""sigma"": 0.3043285752646625, ""rho"": -0.812105143815279, ""r"": 0.052785058021545414, ""label"": ""sobol_185_11""}"
CORE_GRID,1346,sobol_185_12,FAIL,"[""solver_error""]",UNRESOLVED,UNRESOLVED,"[""coverage_core.jsonl#grid_index=1346""]","{""x"": 0.50079779997468, ""v"": 0.08152567758224905, ""tau"": 1.4526947691282701, ""K"": 1, ""kappa"": 1.4779215082526207, ""theta"": 0.024100922495126725, ""sigma"": 0.3043285752646625, ""rho"": -0.812105143815279, ""r"": 0.052785058021545414, ""label"": ""sobol_185_12""}"
CORE_GRID,1347,sobol_186_4,FAIL,"[""solver_error""]",UNRESOLVED,UNRESOLVED,"[""coverage_core.jsonl#grid_index=1347""]","{""x"": 0.17070858031511316, ""v"": 0.053105733124539256, ""tau"": 1.2249366257982772, ""K"": 1, ""kappa"": 1.2715290486812592, ""theta"": 0.1178362643159926, ""sigma"": 0.7100371377542615, ""rho"": -0.33439854010939596, ""r"": 0.07473223753273488, ""label"": ""sobol_186_4""}"
CORE_GRID,1348,sobol_186_10,PASS,[],NOT_APPLICABLE_STRICT_PASS,NUMERICALLY_RESOLVED,"[""coverage_core.jsonl#grid_index=1348""]","{""x"": -0.1394882373511792, ""v"": 0.06988893146626651, ""tau"": 1.0408365417508378, ""K"": 1, ""kappa"": 1.2715290486812592, ""theta"": 0.1178362643159926, ""sigma"": 0.7100371377542615, ""rho"": -0.33439854010939596, ""r"": 0.07473223753273488, ""label"": ""sobol_186_10""}"
CORE_GRID,1349,sobol_186_12,FAIL,"[""solver_error""]",UNRESOLVED,UNRESOLVED,"[""coverage_core.jsonl#grid_index=1349""]","{""x"": 0.4277637228369713, ""v"": 0.11773537402041256, ""tau"": 0.09689591809855921, ""K"": 1, ""kappa"": 1.2715290486812592, ""theta"": 0.1178362643159926, ""sigma"": 0.7100371377542615, ""rho"": -0.33439854010939596, ""r"": 0.07473223753273488, ""label"": ""sobol_186_12""}"
CORE_GRID,1350,sobol_186_13,PASS,[],NOT_APPLICABLE_STRICT_PASS,NUMERICALLY_RESOLVED,"[""coverage_core.jsonl#grid_index=1350""]","{""x"": -0.4446060977876186, ""v"": 0.13821102236397564, ""tau"": 1.6761273472082048, ""K"": 1, ""kappa"": 1.2715290486812592, ""theta"": 0.1178362643159926, ""sigma"": 0.7100371377542615, ""rho"": -0.33439854010939596, ""r"": 0.07473223753273488, ""label"": ""sobol_186_13""}"
CORE_GRID,1351,sobol_187_0,FAIL,"[""solver_error""]",UNRESOLVED,UNRESOLVED,"[""coverage_core.jsonl#grid_index=1351""]","{""x"": 0.643570576608181, ""v"": 0.037901417817920446, ""tau"": 0.38245836519710125, ""K"": 1, ""kappa"": 3.0215831454843283, ""theta"": 0.06671300062909723, ""sigma"": 0.1826118303462863, ""rho"": -0.6571116589009762, ""r"": 0.02258897103369236, ""label"": ""sobol_187_0""}"
CORE_GRID,1352,sobol_187_2,FAIL,"[""solver_error""]",UNRESOLVED,UNRESOLVED,"[""coverage_core.jsonl#grid_index=1352""]","{""x"": -0.349478367716074, ""v"": 0.11455440800637007, ""tau"": 0.6798303889568954, ""K"": 1, ""kappa"": 3.0215831454843283, ""theta"": 0.06671300062909723, ""sigma"": 0.1826118303462863, ""rho"": -0.6571116589009762, ""r"": 0.02258897103369236, ""label"": ""sobol_187_2""}"
CORE_GRID,1353,sobol_187_3,FAIL,"[""solver_error""]",UNRESOLVED,UNRESOLVED,"[""coverage_core.jsonl#grid_index=1353""]","{""x"": 0.3707310765981675, ""v"": 0.12526487838476896, ""tau"": 1.0893206623907659, ""K"": 1, ""kappa"": 3.0215831454843283, ""theta"": 0.06671300062909723, ""sigma"": 0.1826118303462863, ""rho"": -0.6571116589009762, ""r"": 0.02258897103369236, ""label"": ""sobol_187_3""}"
CORE_GRID,1354,sobol_187_4,FAIL,"[""solver_error""]",UNRESOLVED,UNRESOLVED,"[""coverage_core.jsonl#grid_index=1354""]","{""x"": 0.05651299953460698, ""v"": 0.07258096011355519, ""tau"": 1.701706236616398, ""K"": 1, ""kappa"": 3.0215831454843283, ""theta"": 0.06671300062909723, ""sigma"": 0.1826118303462863, ""rho"": -0.6571116589009762, ""r"": 0.02258897103369236, ""label"": ""sobol_187_4""}"
CORE_GRID,1355,sobol_187_10,FAIL,"[""solver_error""]",UNRESOLVED,UNRESOLVED,"[""coverage_core.jsonl#grid_index=1355""]","{""x"": -0.25146339610219004, ""v"": 0.05823907861486077, ""tau"": 1.5155368592989231, ""K"": 1, ""kappa"": 3.0215831454843283, ""theta"": 0.06671300062909723, ""sigma"": 0.1826118303462863, ""rho"": -0.6571116589009762, ""r"": 0.02258897103369236, ""label"": ""sobol_187_10""}"
CORE_GRID,1356,sobol_188_2,FAIL,"[""solver_error"", ""FD_uncertainty_budget_unresolved""]",UNRESOLVED,UNRESOLVED,"[""coverage_core.jsonl#grid_index=1356""]","{""x"": -0.5298289149999619, ""v"": 0.05268524563871324, ""tau"": 0.5366141368516736, ""K"": 1, ""kappa"": 2.6369989588856697, ""theta"": 0.10501340663060547, ""sigma"": 0.44624214582145216, ""rho"": -0.5454877234995366, ""r"": 0.03438097544014454, ""label"": ""sobol_188_2""}"
CORE_GRID,1357,sobol_188_4,FAIL,"[""solver_error""]",UNRESOLVED,UNRESOLVED,"[""coverage_core.jsonl#grid_index=1357""]","{""x"": 0.26029884740710263, ""v"": 0.010667667025700212, ""tau"": 1.5887328906553901, ""K"": 1, ""kappa"": 2.6369989588856697, ""theta"": 0.10501340663060547, ""sigma"": 0.44624214582145216, ""rho"": -0.5454877234995366, ""r"": 0.03438097544014454, ""label"": ""sobol_188_4""}"
CORE_GRID,1358,sobol_188_10,PASS,[],NOT_APPLICABLE_STRICT_PASS,NUMERICALLY_RESOLVED,"[""coverage_core.jsonl#grid_index=1358""]","{""x"": -0.06644595265388498, ""v"": 0.12023104191757739, ""tau"": 1.6502105993189153, ""K"": 1, ""kappa"": 2.6369989588856697, ""theta"": 0.10501340663060547, ""sigma"": 0.44624214582145216, ""rho"": -0.5454877234995366, ""r"": 0.03438097544014454, ""label"": ""sobol_188_10""}"
CORE_GRID,1359,sobol_188_11,PASS,[],NOT_APPLICABLE_STRICT_PASS,NUMERICALLY_RESOLVED,"[""coverage_core.jsonl#grid_index=1359""]","{""x"": 0.0548609845340251, ""v"": 0.13875375897623599, ""tau"": 0.11892709733607869, ""K"": 1, ""kappa"": 2.6369989588856697, ""theta"": 0.10501340663060547, ""sigma"": 0.44624214582145216, ""rho"": -0.5454877234995366, ""r"": 0.03438097544014454, ""label"": ""sobol_188_11""}"
CORE_GRID,1360,sobol_188_12,FAIL,"[""solver_error""]",UNRESOLVED,UNRESOLVED,"[""coverage_core.jsonl#grid_index=1360""]","{""x"": 0.3406612180173396, ""v"": 0.06641652225516737, ""tau"": 0.7228738442395947, ""K"": 1, ""kappa"": 2.6369989588856697, ""theta"": 0.10501340663060547, ""sigma"": 0.44624214582145216, ""rho"": -0.5454877234995366, ""r"": 0.03438097544014454, ""label"": ""sobol_188_12""}"
CORE_GRID,1361,sobol_188_14,FAIL,"[""solver_error"", ""FD_uncertainty_budget_unresolved""]",UNRESOLVED,UNRESOLVED,"[""coverage_core.jsonl#grid_index=1361""]","{""x"": -0.6534851387143135, ""v"": 0.022952324943616986, ""tau"": 0.45687267764855827, ""K"": 1, ""kappa"": 2.6369989588856697, ""theta"": 0.10501340663060547, ""sigma"": 0.44624214582145216, ""rho"": -0.5454877234995366, ""r"": 0.03438097544014454, ""label"": ""sobol_188_14""}"
CORE_GRID,1362,sobol_189_2,FAIL,"[""solver_error"", ""FD_uncertainty_budget_unresolved""]",UNRESOLVED,UNRESOLVED,"[""coverage_core.jsonl#grid_index=1362""]","{""x"": -0.4190015986561775, ""v"": 0.0720250359736383, ""tau"": 0.015369651809571281, ""K"": 1, ""kappa"": 0.8870579581707716, ""theta"": 0.052913677301257844, ""sigma"": 0.6237942658364772, ""rho"": -0.47433020249009133, ""r"": 0.06294022358953953, ""label"": ""sobol_189_2""}"
CORE_GRID,1363,sobol_189_4,FAIL,"[""solver_error""]",UNRESOLVED,UNRESOLVED,"[""coverage_core.jsonl#grid_index=1363""]","{""x"": 0.1494760282337666, ""v"": 0.11608707346022129, ""tau"": 1.1142761103535397, ""K"": 1, ""kappa"": 0.8870579581707716, ""theta"": 0.052913677301257844, ""sigma"": 0.6237942658364772, ""rho"": -0.47433020249009133, ""r"": 0.06294022358953953, ""label"": ""sobol_189_4""}"
CORE_GRID,1364,sobol_189_5,PASS,[],NOT_APPLICABLE_STRICT_PASS,NUMERICALLY_RESOLVED,"[""coverage_core.jsonl#grid_index=1364""]","{""x"": -0.12413776963949208, ""v"": 0.12875044532120228, ""tau"": 0.6587871595448445, ""K"": 1, ""kappa"": 0.8870579581707716, ""theta"": 0.052913677301257844, ""sigma"": 0.6237942658364772, ""rho"": -0.47433020249009133, ""r"": 0.06294022358953953, ""label"": ""sobol_189_5""}"
CORE_GRID,1365,sobol_189_12,FAIL,"[""solver_error""]",UNRESOLVED,UNRESOLVED,"[""coverage_core.jsonl#grid_index=1365""]","{""x"": 0.45366318002343187, ""v"": 0.05487540317699313, ""tau"": 0.19955649674456155, ""K"": 1, ""kappa"": 0.8870579581707716, ""theta"": 0.052913677301257844, ""sigma"": 0.6237942658364772, ""rho"": -0.47433020249009133, ""r"": 0.06294022358953953, ""label"": ""sobol_189_12""}"
CORE_GRID,1366,sobol_190_2,FAIL,"[""solver_error""]",UNRESOLVED,UNRESOLVED,"[""coverage_core.jsonl#grid_index=1366""]","{""x"": -0.4919806502759456, ""v"": 0.09590159263461828, ""tau"": 1.4021738793974416, ""K"": 1, ""kappa"": 1.8624266292899847, ""theta"": 0.08417257469147445, ""sigma"": 0.21535268696025012, ""rho"": -0.7971608988940716, ""r"": 0.044577039182186126, ""label"": ""sobol_190_2""}"
CORE_GRID,1367,sobol_190_3,FAIL,"[""solver_error""]",UNRESOLVED,UNRESOLVED,"[""coverage_core.jsonl#grid_index=1367""]","{""x"": 0.5129200145602226, ""v"": 0.14769234415143728, ""tau"": 0.8679229368248748, ""K"": 1, ""kappa"": 1.8624266292899847, ""theta"": 0.08417257469147445, ""sigma"": 0.21535268696025012, ""rho"": -0.7971608988940716, ""r"": 0.044577039182186126, ""label"": ""sobol_190_3""}"
CORE_GRID,1368,sobol_190_4,FAIL,"[""solver_error""]",UNRESOLVED,UNRESOLVED,"[""coverage_core.jsonl#grid_index=1368""]","{""x"": 0.21776309162378316, ""v"": 0.09098599897697568, ""tau"": 0.47385199637787917, ""K"": 1, ""kappa"": 1.8624266292899847, ""theta"": 0.08417257469147445, ""sigma"": 0.21535268696025012, ""rho"": -0.7971608988940716, ""r"": 0.044577039182186126, ""label"": ""sobol_190_4""}"
CORE_GRID,1369,sobol_190_10,PASS,[],NOT_APPLICABLE_STRICT_PASS,NUMERICALLY_RESOLVED,"[""coverage_core.jsonl#grid_index=1369""]","{""x"": -0.11191124841570854, ""v"": 0.0438032248057425, ""tau"": 0.2856458090726168, ""K"": 1, ""kappa"": 1.8624266292899847, ""theta"": 0.08417257469147445, ""sigma"": 0.21535268696025012, ""rho"": -0.7971608988940716, ""r"": 0.044577039182186126, ""label"": ""sobol_190_10""}"
CORE_GRID,1370,sobol_190_12,FAIL,"[""solver_error""]",UNRESOLVED,UNRESOLVED,"[""coverage_core.jsonl#grid_index=1370""]","{""x"": 0.3814390227198601, ""v"": 0.01930870581418276, ""tau"": 1.3387439132017631, ""K"": 1, ""kappa"": 1.8624266292899847, ""theta"": 0.08417257469147445, ""sigma"": 0.21535268696025012, ""rho"": -0.7971608988940716, ""r"": 0.044577039182186126, ""label"": ""sobol_190_12""}"
CORE_GRID,1371,sobol_190_14,FAIL,"[""solver_error""]",UNRESOLVED,UNRESOLVED,"[""coverage_core.jsonl#grid_index=1371""]","{""x"": -0.6871957875788212, ""v"": 0.06277383072301745, ""tau"": 1.6030015265125603, ""K"": 1, ""kappa"": 1.8624266292899847, ""theta"": 0.08417257469147445, ""sigma"": 0.21535268696025012, ""rho"": -0.7971608988940716, ""r"": 0.044577039182186126, ""label"": ""sobol_190_14""}"
CORE_GRID,1372,sobol_191_0,FAIL,"[""solver_error""]",UNRESOLVED,UNRESOLVED,"[""coverage_core.jsonl#grid_index=1372""]","{""x"": 0.615632240474224, ""v"": 0.07570492452941835, ""tau"": 1.1292027566796317, ""K"": 1, ""kappa"": 3.6124760061502457, ""theta"": 0.03627206262201071, ""sigma"": 0.7425843671895563, ""rho"": -0.21972734257578852, ""r"": 0.013058805465698242, ""label"": ""sobol_191_0""}"
CORE_GRID,1373,sobol_191_2,FAIL,"[""solver_error""]",UNRESOLVED,UNRESOLVED,"[""coverage_core.jsonl#grid_index=1373""]","{""x"": -0.3026390053331852, ""v"": 0.029327248455956578, ""tau"": 1.9256035297451215, ""K"": 1, ""kappa"": 3.6124760061502457, ""theta"": 0.03627206262201071, ""sigma"": 0.7425843671895563, ""rho"": -0.21972734257578852, ""r"": 0.013058805465698242, ""label"": ""sobol_191_2""}"
CORE_GRID,1374,sobol_191_4,FAIL,"[""solver_error""]",UNRESOLVED,UNRESOLVED,"[""coverage_core.jsonl#grid_index=1374""]","{""x"": 0.028425925970077426, ""v"": 0.0323204945307225, ""tau"": 0.9505091704989946, ""K"": 1, ""kappa"": 3.6124760061502457, ""theta"": 0.03627206262201071, ""sigma"": 0.7425843671895563, ""rho"": -0.21972734257578852, ""r"": 0.013058805465698242, ""label"": ""sobol_191_4""}"
CORE_GRID,1375,sobol_191_10,FAIL,"[""solver_error""]",UNRESOLVED,UNRESOLVED,"[""coverage_core.jsonl#grid_index=1375""]","{""x"": -0.29874482229351995, ""v"": 0.07901454041711986, ""tau"": 0.7604737769597993, ""K"": 1, ""kappa"": 3.6124760061502457, ""theta"": 0.03627206262201071, ""sigma"": 0.7425843671895563, ""rho"": -0.21972734257578852, ""r"": 0.013058805465698242, ""label"": ""sobol_191_10""}"
CORE_GRID,1376,sobol_191_12,FAIL,"[""solver_error""]",UNRESOLVED,UNRESOLVED,"[""coverage_core.jsonl#grid_index=1376""]","{""x"": 0.5682680994272231, ""v"": 0.10933819343335927, ""tau"": 1.860348164443932, ""K"": 1, ""kappa"": 3.6124760061502457, ""theta"": 0.03627206262201071, ""sigma"": 0.7425843671895563, ""rho"": -0.21972734257578852, ""r"": 0.013058805465698242, ""label"": ""sobol_191_12""}"
CORE_GRID,1377,sobol_191_13,FAIL,"[""solver_error"", ""FD_uncertainty_budget_unresolved""]",UNRESOLVED,UNRESOLVED,"[""coverage_core.jsonl#grid_index=1377""]","{""x"": -0.5842519618570804, ""v"": 0.1513632305432111, ""tau"": 0.4058771665274565, ""K"": 1, ""kappa"": 3.6124760061502457, ""theta"": 0.03627206262201071, ""sigma"": 0.7425843671895563, ""rho"": -0.21972734257578852, ""r"": 0.013058805465698242, ""label"": ""sobol_191_13""}"
CORE_GRID,1378,sobol_192_2,FAIL,"[""solver_error""]",UNRESOLVED,UNRESOLVED,"[""coverage_core.jsonl#grid_index=1378""]","{""x"": -0.585780456662178, ""v"": 0.07842244138009846, ""tau"": 1.426790409277947, ""K"": 1, ""kappa"": 3.5774567588232458, ""theta"": 0.07384435383602977, ""sigma"": 0.20187006276100875, ""rho"": -0.8061222642660141, ""r"": 0.02549293212592602, ""label"": ""sobol_192_2""}"
CORE_GRID,1379,sobol_192_4,FAIL,"[""solver_error""]",UNRESOLVED,UNRESOLVED,"[""coverage_core.jsonl#grid_index=1379""]","{""x"": 0.27405602261424056, ""v"": 0.10871340404264629, ""tau"": 0.4516570306833952, ""K"": 1, ""kappa"": 3.5774567588232458, ""theta"": 0.07384435383602977, ""sigma"": 0.20187006276100875, ""rho"": -0.8061222642660141, ""r"": 0.02549293212592602, ""label"": ""sobol_192_4""}"
CORE_GRID,1380,sobol_192_5,PASS,[],NOT_APPLICABLE_STRICT_PASS,NUMERICALLY_RESOLVED,"[""coverage_core.jsonl#grid_index=1380""]","{""x"": -0.299705708026886, ""v"": 0.1507348797749728, ""tau"": 1.7891805387649036, ""K"": 1, ""kappa"": 3.5774567588232458, ""theta"": 0.07384435383602977, ""sigma"": 0.20187006276100875, ""rho"": -0.8061222642660141, ""r"": 0.02549293212592602, ""label"": ""sobol_192_5""}"
CORE_GRID,1381,sobol_192_10,PASS,[],NOT_APPLICABLE_STRICT_PASS,NUMERICALLY_RESOLVED,"[""coverage_core.jsonl#grid_index=1381""]","{""x"": -0.018090891838073775, ""v"": 0.02991960453800857, ""tau"": 0.2615310951535191, ""K"": 1, ""kappa"": 3.5774567588232458, ""theta"": 0.07384435383602977, ""sigma"": 0.20187006276100875, ""rho"": -0.8061222642660141, ""r"": 0.02549293212592602, ""label"": ""sobol_192_10""}"
CORE_GRID,1382,sobol_192_12,FAIL,"[""solver_error""]",UNRESOLVED,UNRESOLVED,"[""coverage_core.jsonl#grid_index=1382""]","{""x"": 0.3251301012933254, ""v"": 0.03294502687640488, ""tau"": 1.361381691802914, ""K"": 1, ""kappa"": 3.5774567588232458, ""theta"": 0.07384435383602977, ""sigma"": 0.20187006276100875, ""rho"": -0.8061222642660141, ""r"": 0.02549293212592602, ""label"": ""sobol_192_12""}"
CORE_GRID,1383,sobol_192_14,FAIL,"[""solver_error""]",UNRESOLVED,UNRESOLVED,"[""coverage_core.jsonl#grid_index=1383""]","{""x"": -0.6309417620301246, ""v"": 0.11156544811092317, ""tau"": 1.565243027265376, ""K"": 1, ""kappa"": 3.5774567588232458, ""theta"": 0.07384435383602977, ""sigma"": 0.20187006276100875, ""rho"": -0.8061222642660141, ""r"": 0.02549293212592602, ""label"": ""sobol_192_14""}"
CORE_GRID,1384,sobol_192_15,FAIL,"[""solver_error""]",UNRESOLVED,UNRESOLVED,"[""coverage_core.jsonl#grid_index=1384""]","{""x"": 0.6140834368765353, ""v"": 0.13204422569833696, ""tau"": 0.17259860147411626, ""K"": 1, ""kappa"": 3.5774567588232458, ""theta"": 0.07384435383602977, ""sigma"": 0.20187006276100875, ""rho"": -0.8061222642660141, ""r"": 0.02549293212592602, ""label"": ""sobol_192_15""}"
CORE_GRID,1385,sobol_193_1,FAIL,"[""solver_error"", ""FD_uncertainty_budget_unresolved""]",UNRESOLVED,UNRESOLVED,"[""coverage_core.jsonl#grid_index=1385""]","{""x"": -0.6881575137376785, ""v"": 0.1356993759982288, ""tau"": 0.5723302120838077, ""K"": 1, ""kappa"": 1.8275108295492828, ""theta"": 0.021646828185766936, ""sigma"": 0.7246170045807957, ""rho"": -0.17718442976474758, ""r"": 0.07718694649636745, ""label"": ""sobol_193_1""}"
CORE_GRID,1386,sobol_193_2,FAIL,"[""solver_error""]",UNRESOLVED,UNRESOLVED,"[""coverage_core.jsonl#grid_index=1386""]","{""x"": -0.39645593315362926, ""v"": 0.043449525721371174, ""tau"": 1.9014888232618214, ""K"": 1, ""kappa"": 1.8275108295492828, ""theta"": 0.021646828185766936, ""sigma"": 0.7246170045807957, ""rho"": -0.17718442976474758, ""r"": 0.07718694649636745, ""label"": ""sobol_193_2""}"
CORE_GRID,1387,sobol_193_4,FAIL,"[""solver_error""]",UNRESOLVED,UNRESOLVED,"[""coverage_core.jsonl#grid_index=1387""]","{""x"": 0.08473599627614026, ""v"": 0.01892616832628846, ""tau"": 0.9731469565359432, ""K"": 1, ""kappa"": 1.8275108295492828, ""theta"": 0.021646828185766936, ""sigma"": 0.7246170045807957, ""rho"": -0.17718442976474758, ""r"": 0.07718694649636745, ""label"": ""sobol_193_4""}"
CORE_GRID,1388,sobol_193_10,FAIL,"[""solver_error""]",UNRESOLVED,UNRESOLVED,"[""coverage_core.jsonl#grid_index=1388""]","{""x"": -0.2049438759684563, ""v"": 0.09625551151111722, ""tau"": 0.7850903142761025, ""K"": 1, ""kappa"": 1.8275108295492828, ""theta"": 0.021646828185766936, ""sigma"": 0.7246170045807957, ""rho"": -0.17718442976474758, ""r"": 0.07718694649636745, ""label"": ""sobol_193_10""}"
CORE_GRID,1389,sobol_193_11,FAIL,"[""solver_error""]",UNRESOLVED,UNRESOLVED,"[""coverage_core.jsonl#grid_index=1389""]","{""x"": 0.21621741726994514, ""v"": 0.1480422248132527, ""tau"": 1.4518825067539833, ""K"": 1, ""kappa"": 1.8275108295492828, ""theta"": 0.021646828185766936, ""sigma"": 0.7246170045807957, ""rho"": -0.17718442976474758, ""r"": 0.07718694649636745, ""label"": ""sobol_193_11""}"
CORE_GRID,1390,sobol_193_12,FAIL,"[""solver_error""]",UNRESOLVED,UNRESOLVED,"[""coverage_core.jsonl#grid_index=1390""]","{""x"": 0.5119786061346532, ""v"": 0.09136831667274237, ""tau"": 1.8381532061852455, ""K"": 1, ""kappa"": 1.8275108295492828, ""theta"": 0.021646828185766936, ""sigma"": 0.7246170045807957, ""rho"": -0.17718442976474758, ""r"": 0.07718694649636745, ""label"": ""sobol_193_12""}"
CORE_GRID,1391,sobol_194_4,FAIL,"[""solver_error""]",UNRESOLVED,UNRESOLVED,"[""coverage_core.jsonl#grid_index=1391""]","{""x"": 0.16648077517747883, ""v"": 0.05525793135166168, ""tau"": 1.6133189635085208, ""K"": 1, ""kappa"": 0.9230116042308509, ""theta"": 0.1154058537259698, ""sigma"": 0.4111936192028224, ""rho"": -0.6513271406292915, ""r"": 0.055374339967966084, ""label"": ""sobol_194_4""}"
CORE_GRID,1392,sobol_194_10,PASS,[],NOT_APPLICABLE_STRICT_PASS,NUMERICALLY_RESOLVED,"[""coverage_core.jsonl#grid_index=1392""]","{""x"": -0.12273659035563478, ""v"": 0.07167110778391361, ""tau"": 1.672878834947441, ""K"": 1, ""kappa"": 0.9230116042308509, ""theta"": 0.1154058537259698, ""sigma"": 0.4111936192028224, ""rho"": -0.6513271406292915, ""r"": 0.055374339967966084, ""label"": ""sobol_194_10""}"
CORE_GRID,1393,sobol_194_12,FAIL,"[""solver_error""]",UNRESOLVED,UNRESOLVED,"[""coverage_core.jsonl#grid_index=1393""]","{""x"": 0.434463308751583, ""v"": 0.11570476507768035, ""tau"": 0.6987286732931222, ""K"": 1, ""kappa"": 0.9230116042308509, ""theta"": 0.1154058537259698, ""sigma"": 0.4111936192028224, ""rho"": -0.6513271406292915, ""r"": 0.055374339967966084, ""label"": ""sobol_194_12""}"
CORE_GRID,1394,sobol_194_13,PASS,[],NOT_APPLICABLE_STRICT_PASS,NUMERICALLY_RESOLVED,"[""coverage_core.jsonl#grid_index=1394""]","{""x"": -0.4182046495378017, ""v"": 0.12837172811850905, ""tau"": 1.0372551436986892, ""K"": 1, ""kappa"": 0.9230116042308509, ""theta"": 0.1154058537259698, ""sigma"": 0.4111936192028224, ""rho"": -0.6513271406292915, ""r"": 0.055374339967966084, ""label"": ""sobol_194_13""}"
CORE_GRID,1395,sobol_195_0,FAIL,"[""solver_error""]",UNRESOLVED,UNRESOLVED,"[""coverage_core.jsonl#grid_index=1395""]","{""x"": 0.6686542376875877, ""v"": 0.039289257721975446, ""tau"": 0.7718267528865014, ""K"": 1, ""kappa"": 2.673062780406326, ""theta"": 0.06760285783559085, ""sigma"": 0.5836628354154527, ""rho"": -0.32865923792123797, ""r"": 0.006990873664617539, ""label"": ""sobol_195_0""}"
CORE_GRID,1396,sobol_195_2,FAIL,"[""solver_error"", ""FD_uncertainty_budget_unresolved""]",UNRESOLVED,UNRESOLVED,"[""coverage_core.jsonl#grid_index=1396""]","{""x"": -0.3627098120748996, ""v"": 0.12082315026782453, ""tau"": 0.03803789487389463, ""K"": 1, ""kappa"": 2.673062780406326, ""theta"": 0.06760285783559085, ""sigma"": 0.5836628354154527, ""rho"": -0.32865923792123797, ""r"": 0.006990873664617539, ""label"": ""sobol_195_2""}"
CORE_GRID,1397,sobol_195_3,FAIL,"[""solver_error""]",UNRESOLVED,UNRESOLVED,"[""coverage_core.jsonl#grid_index=1397""]","{""x"": 0.34204524457454677, ""v"": 0.13934993534348905, ""tau"": 1.7018781132212588, ""K"": 1, ""kappa"": 2.673062780406326, ""theta"": 0.06760285783559085, ""sigma"": 0.5836628354154527, ""rho"": -0.32865923792123797, ""r"": 0.006990873664617539, ""label"": ""sobol_195_3""}"
CORE_GRID,1398,sobol_195_4,FAIL,"[""solver_error""]",UNRESOLVED,UNRESOLVED,"[""coverage_core.jsonl#grid_index=1398""]","{""x"": 0.05567736625671382, ""v"": 0.0670413023326546, ""tau"": 1.0901309468428648, ""K"": 1, ""kappa"": 2.673062780406326, ""theta"": 0.06760285783559085, ""sigma"": 0.5836628354154527, ""rho"": -0.32865923792123797, ""r"": 0.006990873664617539, ""label"": ""sobol_195_4""}"
CORE_GRID,1399,sobol_195_10,PASS,[],NOT_APPLICABLE_STRICT_PASS,NUMERICALLY_RESOLVED,"[""coverage_core.jsonl#grid_index=1399""]","{""x"": -0.2357601709663868, ""v"": 0.0520928802434355, ""tau"": 1.1515202624612444, ""K"": 1, ""kappa"": 2.673062780406326, ""theta"": 0.06760285783559085, ""sigma"": 0.5836628354154527, ""rho"": -0.32865923792123797, ""r"": 0.006990873664617539, ""label"": ""sobol_195_10""}"
CORE_GRID,1400,sobol_195_12,FAIL,"[""solver_error""]",UNRESOLVED,UNRESOLVED,"[""coverage_core.jsonl#grid_index=1400""]","{""x"": 0.547482392191887, ""v"": 0.010043143993243575, ""tau"": 0.22414257703348994, ""K"": 1, ""kappa"": 2.673062780406326, ""theta"": 0.06760285783559085, ""sigma"": 0.5836628354154527, ""rho"": -0.32865923792123797, ""r"": 0.006990873664617539, ""label"": ""sobol_195_12""}"
CORE_GRID,1401,sobol_196_2,FAIL,"[""solver_error"", ""FD_uncertainty_budget_unresolved""]",UNRESOLVED,UNRESOLVED,"[""coverage_core.jsonl#grid_index=1401""]","{""x"": -0.5573980897665024, ""v"": 0.05764696840196848, ""tau"": 0.1803830284070933, ""K"": 1, ""kappa"": 3.0540956663899124, ""theta"": 0.10434251286089422, ""sigma"": 0.670027205441147, ""rho"": -0.46839672327041626, ""r"": 0.015023096948862075, ""label"": ""sobol_196_2""}"
CORE_GRID,1402,sobol_196_10,PASS,[],NOT_APPLICABLE_STRICT_PASS,NUMERICALLY_RESOLVED,"[""coverage_core.jsonl#grid_index=1402""]","{""x"": -0.04574337601661682, ""v"": 0.11514676781371236, ""tau"": 1.016219060088227, ""K"": 1, ""kappa"": 3.0540956663899124, ""theta"": 0.10434251286089422, ""sigma"": 0.670027205441147, ""rho"": -0.46839672327041626, ""r"": 0.015023096948862075, ""label"": ""sobol_196_10""}"
CORE_GRID,1403,sobol_196_11,PASS,[],NOT_APPLICABLE_STRICT_PASS,NUMERICALLY_RESOLVED,"[""coverage_core.jsonl#grid_index=1403""]","{""x"": 0.05791190788149825, ""v"": 0.12586079956963658, ""tau"": 0.7236760385437971, ""K"": 1, ""kappa"": 3.0540956663899124, ""theta"": 0.10434251286089422, ""sigma"": 0.670027205441147, ""rho"": -0.46839672327041626, ""r"": 0.015023096948862075, ""label"": ""sobol_196_11""}"
CORE_GRID,1404,sobol_196_12,FAIL,"[""solver_error""]",UNRESOLVED,UNRESOLVED,"[""coverage_core.jsonl#grid_index=1404""]","{""x"": 0.37152571901679043, ""v"": 0.07320548873394728, ""tau"": 0.1190918355751487, ""K"": 1, ""kappa"": 3.0540956663899124, ""theta"": 0.10434251286089422, ""sigma"": 0.670027205441147, ""rho"": -0.46839672327041626, ""r"": 0.015023096948862075, ""label"": ""sobol_196_12""}"
CORE_GRID,1405,sobol_196_14,FAIL,"[""solver_error"", ""FD_uncertainty_budget_unresolved""]",UNRESOLVED,UNRESOLVED,"[""coverage_core.jsonl#grid_index=1405""]","{""x"": -0.6587384775280952, ""v"": 0.024856568779796362, ""tau"": 0.8218753207474947, ""K"": 1, ""kappa"": 3.0540956663899124, ""theta"": 0.10434251286089422, ""sigma"": 0.670027205441147, ""rho"": -0.46839672327041626, ""r"": 0.015023096948862075, ""label"": ""sobol_196_14""}"
CORE_GRID,1406,sobol_197_2,FAIL,"[""solver_error""]",UNRESOLVED,UNRESOLVED,"[""coverage_core.jsonl#grid_index=1406""]","{""x"": -0.44322437793016434, ""v"": 0.06953522865660489, ""tau"": 0.6552128998584867, ""K"": 1, ""kappa"": 1.3041450693272054, ""theta"": 0.05517242632806302, ""sigma"": 0.1474311244674027, ""rho"": -0.5395075261592865, ""r"": 0.04734214529395103, ""label"": ""sobol_197_2""}"
CORE_GRID,1407,sobol_197_4,FAIL,"[""solver_error""]",UNRESOLVED,UNRESOLVED,"[""coverage_core.jsonl#grid_index=1407""]","{""x"": 0.11274757459759721, ""v"": 0.11735284025780857, ""tau"": 1.7239021466571898, ""K"": 1, ""kappa"": 1.3041450693272054, ""theta"": 0.05517242632806302, ""sigma"": 0.1474311244674027, ""rho"": -0.5395075261592865, ""r"": 0.04734214529395103, ""label"": ""sobol_197_4""}"
CORE_GRID,1408,sobol_197_5,FAIL,"[""solver_error""]",UNRESOLVED,UNRESOLVED,"[""coverage_core.jsonl#grid_index=1408""]","{""x"": -0.1386741265654563, ""v"": 0.13783252681605518, ""tau"": 0.012129229696704045, ""K"": 1, ""kappa"": 1.3041450693272054, ""theta"": 0.05517242632806302, ""sigma"": 0.1474311244674027, ""rho"": -0.5395075261592865, ""r"": 0.04734214529395103, ""label"": ""sobol_197_5""}"
CORE_GRID,1409,sobol_197_12,FAIL,"[""solver_error""]",UNRESOLVED,UNRESOLVED,"[""coverage_core.jsonl#grid_index=1409""]","{""x"": 0.48352503553032866, ""v"": 0.05348803964443505, ""tau"": 0.5957471061320532, ""K"": 1, ""kappa"": 1.3041450693272054, ""theta"": 0.05517242632806302, ""sigma"": 0.1474311244674027, ""rho"": -0.5395075261592865, ""r"": 0.04734214529395103, ""label"": ""sobol_197_12""}"
CORE_GRID,1410,sobol_198_2,FAIL,"[""solver_error""]",UNRESOLVED,UNRESOLVED,"[""coverage_core.jsonl#grid_index=1410""]","{""x"": -0.5207945130765438, ""v"": 0.10620436980389059, ""tau"": 1.7632665718639535, ""K"": 1, ""kappa"": 1.4463972090743482, ""theta"": 0.08640770556405188, ""sigma"": 0.46358756795525546, ""rho"": -0.21399222463369372, ""r"": 0.06521917514503002, ""label"": ""sobol_198_2""}"
CORE_GRID,1411,sobol_198_3,FAIL,"[""solver_error""]",UNRESOLVED,UNRESOLVED,"[""coverage_core.jsonl#grid_index=1411""]","{""x"": 0.49926699846982947, ""v"": 0.15017880662344396, ""tau"": 0.4736890873450431, ""K"": 1, ""kappa"": 1.4463972090743482, ""theta"": 0.08640770556405188, ""sigma"": 0.46358756795525546, ""rho"": -0.21399222463369372, ""r"": 0.06521917514503002, ""label"": ""sobol_198_3""}"
CORE_GRID,1412,sobol_198_4,FAIL,"[""solver_error""]",UNRESOLVED,UNRESOLVED,"[""coverage_core.jsonl#grid_index=1412""]","{""x"": 0.19500987678766246, ""v"": 0.08190821693278849, ""tau"": 0.8671187645984844, ""K"": 1, ""kappa"": 1.4463972090743482, ""theta"": 0.08640770556405188, ""sigma"": 0.46358756795525546, ""rho"": -0.21399222463369372, ""r"": 0.06521917514503002, ""label"": ""sobol_198_4""}"
CORE_GRID,1413,sobol_198_10,FAIL,"[""solver_error""]",UNRESOLVED,UNRESOLVED,"[""coverage_core.jsonl#grid_index=1413""]","{""x"": -0.07590176984667774, ""v"": 0.03337885090149939, ""tau"": 0.930362148040403, ""K"": 1, ""kappa"": 1.4463972090743482, ""theta"": 0.08640770556405188, ""sigma"": 0.46358756795525546, ""rho"": -0.21399222463369372, ""r"": 0.06521917514503002, ""label"": ""sobol_198_10""}"
CORE_GRID,1414,sobol_198_12,FAIL,"[""solver_error""]",UNRESOLVED,UNRESOLVED,"[""coverage_core.jsonl#grid_index=1414""]","{""x"": 0.40637162178754815, ""v"": 0.028509039198979735, ""tau"": 1.951293857594479, ""K"": 1, ""kappa"": 1.4463972090743482, ""theta"": 0.08640770556405188, ""sigma"": 0.46358756795525546, ""rho"": -0.21399222463369372, ""r"": 0.06521917514503002, ""label"": ""sobol_198_12""}"
CORE_GRID,1415,sobol_199_0,FAIL,"[""solver_error""]",UNRESOLVED,UNRESOLVED,"[""coverage_core.jsonl#grid_index=1415""]","{""x"": 0.6221807643771171, ""v"": 0.06586180720478296, ""tau"": 1.5214834749210804, ""K"": 1, ""kappa"": 3.196456182282418, ""theta"": 0.035577461291104555, ""sigma"": 0.29097011946141715, ""rho"": -0.7913729593157768, ""r"": 0.03746067486703396, ""label"": ""sobol_199_0""}"
CORE_GRID,1416,sobol_199_2,FAIL,"[""solver_error""]",UNRESOLVED,UNRESOLVED,"[""coverage_core.jsonl#grid_index=1416""]","{""x"": -0.3351374365389347, ""v"": 0.016552540939301252, ""tau"": 1.286738832673383, ""K"": 1, ""kappa"": 3.196456182282418, ""theta"": 0.035577461291104555, ""sigma"": 0.29097011946141715, ""rho"": -0.7913729593157768, ""r"": 0.03746067486703396, ""label"": ""sobol_199_2""}"
CORE_GRID,1417,sobol_199_4,FAIL,"[""solver_error""]",UNRESOLVED,UNRESOLVED,"[""coverage_core.jsonl#grid_index=1417""]","{""x"": 0.009348124265670776, ""v"": 0.04679989442229271, ""tau"": 0.34380332066766206, ""K"": 1, ""kappa"": 3.196456182282418, ""theta"": 0.035577461291104555, ""sigma"": 0.29097011946141715, ""rho"": -0.7913729593157768, ""r"": 0.03746067486703396, ""label"": ""sobol_199_4""}"
CORE_GRID,1418,sobol_199_10,FAIL,"[""solver_error""]",UNRESOLVED,UNRESOLVED,"[""coverage_core.jsonl#grid_index=1418""]","{""x"": -0.2640670068562031, ""v"": 0.091910844668746, ""tau"": 0.4091157594340898, ""K"": 1, ""kappa"": 3.196456182282418, ""theta"": 0.035577461291104555, ""sigma"": 0.29097011946141715, ""rho"": -0.7913729593157768, ""r"": 0.03746067486703396, ""label"": ""sobol_199_10""}"
CORE_GRID,1419,sobol_199_12,FAIL,"[""solver_error""]",UNRESOLVED,UNRESOLVED,"[""coverage_core.jsonl#grid_index=1419""]","{""x"": 0.5945415169000625, ""v"": 0.09473624220117927, ""tau"": 1.4768389808568394, ""K"": 1, ""kappa"": 3.196456182282418, ""theta"": 0.035577461291104555, ""sigma"": 0.29097011946141715, ""rho"": -0.7913729593157768, ""r"": 0.03746067486703396, ""label"": ""sobol_199_12""}"
CORE_GRID,1420,sobol_199_13,FAIL,"[""solver_error"", ""FD_uncertainty_budget_unresolved""]",UNRESOLVED,UNRESOLVED,"[""coverage_core.jsonl#grid_index=1420""]","{""x"": -0.577973947674036, ""v"": 0.14456996461376548, ""tau"": 0.764050014568345, ""K"": 1, ""kappa"": 3.196456182282418, ""theta"": 0.035577461291104555, ""sigma"": 0.29097011946141715, ""rho"": -0.7913729593157768, ""r"": 0.03746067486703396, ""label"": ""sobol_199_13""}"
CORE_GRID,1421,sobol_200_2,FAIL,"[""solver_error""]",UNRESOLVED,UNRESOLVED,"[""coverage_core.jsonl#grid_index=1421""]","{""x"": -0.5679089494049548, ""v"": 0.02714647795073688, ""tau"": 1.7334806642694665, ""K"": 1, ""kappa"": 3.477323113474995, ""theta"": 0.11301951732486487, ""sigma"": 0.5067886255681514, ""rho"": -0.5502774834632873, ""r"": 0.07151797726750374, ""label"": ""sobol_200_2""}"
CORE_GRID,1422,sobol_200_4,FAIL,"[""solver_error""]",UNRESOLVED,UNRESOLVED,"[""coverage_core.jsonl#grid_index=1422""]","{""x"": 0.29837194383144383, ""v"": 0.03596163843758404, ""tau"": 0.6492283189122284, ""K"": 1, ""kappa"": 3.477323113474995, ""theta"": 0.11301951732486487, ""sigma"": 0.5067886255681514, ""rho"": -0.5502774834632873, ""r"": 0.07151797726750374, ""label"": ""sobol_200_4""}"
CORE_GRID,1423,sobol_200_10,PASS,[],NOT_APPLICABLE_STRICT_PASS,NUMERICALLY_RESOLVED,"[""coverage_core.jsonl#grid_index=1423""]","{""x"": -0.028345457464456603, ""v"": 0.08313964423723519, ""tau"": 0.5858940402792382, ""K"": 1, ""kappa"": 3.477323113474995, ""theta"": 0.11301951732486487, ""sigma"": 0.5067886255681514, ""rho"": -0.5502774834632873, ""r"": 0.07151797726750374, ""label"": ""sobol_200_10""}"
CORE_GRID,1424,sobol_200_11,PASS,[],NOT_APPLICABLE_STRICT_PASS,NUMERICALLY_RESOLVED,"[""coverage_core.jsonl#grid_index=1424""]","{""x"": 0.01679045855998984, ""v"": 0.15641070273704827, ""tau"": 1.1832436117609697, ""K"": 1, ""kappa"": 3.477323113474995, ""theta"": 0.11301951732486487, ""sigma"": 0.5067886255681514, ""rho"": -0.5502774834632873, ""r"": 0.07151797726750374, ""label"": ""sobol_200_11""}"
CORE_GRID,1425,sobol_200_12,FAIL,"[""solver_error""]",UNRESOLVED,UNRESOLVED,"[""coverage_core.jsonl#grid_index=1425""]","{""x"": 0.302572238445282, ""v"": 0.10375176253728569, ""tau"": 1.5454224456205137, ""K"": 1, ""kappa"": 3.477323113474995, ""theta"": 0.11301951732486487, ""sigma"": 0.5067886255681514, ""rho"": -0.5502774834632873, ""r"": 0.07151797726750374, ""label"": ""sobol_200_12""}"
CORE_GRID,1426,sobol_200_13,FAIL,"[""solver_error""]",UNRESOLVED,UNRESOLVED,"[""coverage_core.jsonl#grid_index=1426""]","{""x"": -0.3238136596977711, ""v"": 0.15547671052627265, ""tau"": 0.192556209998974, ""K"": 1, ""kappa"": 3.477323113474995, ""theta"": 0.11301951732486487, ""sigma"": 0.5067886255681514, ""rho"": -0.5502774834632873, ""r"": 0.07151797726750374, ""label"": ""sobol_200_13""}"
CORE_GRID,1427,sobol_200_14,FAIL,"[""solver_error""]",UNRESOLVED,UNRESOLVED,"[""coverage_core.jsonl#grid_index=1427""]","{""x"": -0.615415184944868, ""v"": 0.056394692743197083, ""tau"": 1.2794898370842611, ""K"": 1, ""kappa"": 3.477323113474995, ""theta"": 0.11301951732486487, ""sigma"": 0.5067886255681514, ""rho"": -0.5502774834632873, ""r"": 0.07151797726750374, ""label"": ""sobol_200_14""}"
CORE_GRID,1428,sobol_201_0,FAIL,"[""solver_error""]",UNRESOLVED,UNRESOLVED,"[""coverage_core.jsonl#grid_index=1428""]","{""x"": 0.686836051940918, ""v"": 0.05126131698489189, ""tau"": 1.990827302200838, ""K"": 1, ""kappa"": 1.727265287656337, ""theta"": 0.058966996781528, ""sigma"": 0.3349375706166029, ""rho"": -0.42912296652793885, ""r"": 0.021161815375089647, ""label"": ""sobol_201_0""}"
CORE_GRID,1429,sobol_201_2,FAIL,"[""solver_error""]",UNRESOLVED,UNRESOLVED,"[""coverage_core.jsonl#grid_index=1429""]","{""x"": -0.3809289984405041, ""v"": 0.10156145552173257, ""tau"": 1.1966497954683348, ""K"": 1, ""kappa"": 1.727265287656337, ""theta"": 0.058966996781528, ""sigma"": 0.3349375706166029, ""rho"": -0.42912296652793885, ""r"": 0.021161815375089647, ""label"": ""sobol_201_2""}"
CORE_GRID,1430,sobol_201_3,FAIL,"[""solver_error""]",UNRESOLVED,UNRESOLVED,"[""coverage_core.jsonl#grid_index=1430""]","{""x"": 0.3977643683552743, ""v"": 0.14352068910375237, ""tau"": 0.5452003305304854, ""K"": 1, ""kappa"": 1.727265287656337, ""theta"": 0.058966996781528, ""sigma"": 0.3349375706166029, ""rho"": -0.42912296652793885, ""r"": 0.021161815375089647, ""label"": ""sobol_201_3""}"
CORE_GRID,1431,sobol_201_4,FAIL,"[""solver_error""]",UNRESOLVED,UNRESOLVED,"[""coverage_core.jsonl#grid_index=1431""]","{""x"": 0.11139663308858871, ""v"": 0.0867950925603509, ""tau"": 0.1903579223694073, ""K"": 1, ""kappa"": 1.727265287656337, ""theta"": 0.058966996781528, ""sigma"": 0.3349375706166029, ""rho"": -0.42912296652793885, ""r"": 0.021161815375089647, ""label"": ""sobol_201_4""}"
CORE_GRID,1432,sobol_201_10,FAIL,"[""solver_error""]",UNRESOLVED,UNRESOLVED,"[""coverage_core.jsonl#grid_index=1432""]","{""x"": -0.21754086837172504, ""v"": 0.040105815045535564, ""tau"": 0.12495458841190807, ""K"": 1, ""kappa"": 1.727265287656337, ""theta"": 0.058966996781528, ""sigma"": 0.3349375706166029, ""rho"": -0.42912296652793885, ""r"": 0.021161815375089647, ""label"": ""sobol_201_10""}"
CORE_GRID,1433,sobol_201_12,FAIL,"[""solver_error""]",UNRESOLVED,UNRESOLVED,"[""coverage_core.jsonl#grid_index=1433""]","{""x"": 0.4917630270123481, ""v"": 0.0215381127782166, ""tau"": 1.0065187143664511, ""K"": 1, ""kappa"": 1.727265287656337, ""theta"": 0.058966996781528, ""sigma"": 0.3349375706166029, ""rho"": -0.42912296652793885, ""r"": 0.021161815375089647, ""label"": ""sobol_201_12""}"
CORE_GRID,1434,sobol_202_2,FAIL,"[""solver_error"", ""FD_uncertainty_budget_unresolved""]",UNRESOLVED,UNRESOLVED,"[""coverage_core.jsonl#grid_index=1434""]","{""x"": -0.4538895294070243, ""v"": 0.07426192238926888, ""tau"": 0.3378487208577257, ""K"": 1, ""kappa"": 1.0219679889269173, ""theta"": 0.07773165812715889, ""sigma"": 0.6258036986924708, ""rho"": -0.704877196252346, ""r"": 0.0014000009745359422, ""label"": ""sobol_202_2""}"
CORE_GRID,1435,sobol_202_4,FAIL,"[""solver_error""]",UNRESOLVED,UNRESOLVED,"[""coverage_core.jsonl#grid_index=1435""]","{""x"": 0.17966503277420998, ""v"": 0.11238182662054896, ""tau"": 1.296409197258837, ""K"": 1, ""kappa"": 1.0219679889269173, ""theta"": 0.07773165812715889, ""sigma"": 0.6258036986924708, ""rho"": -0.704877196252346, ""r"": 0.0014000009745359422, ""label"": ""sobol_202_4""}"
CORE_GRID,1436,sobol_202_5,FAIL,"[""solver_error""]",UNRESOLVED,UNRESOLVED,"[""coverage_core.jsonl#grid_index=1436""]","{""x"": -0.1678146377205849, ""v"": 0.13096843985840678, ""tau"": 0.9425247707995512, ""K"": 1, ""kappa"": 1.0219679889269173, ""theta"": 0.07773165812715889, ""sigma"": 0.6258036986924708, ""rho"": -0.704877196252346, ""r"": 0.0014000009745359422, ""label"": ""sobol_202_5""}"
CORE_GRID,1437,sobol_202_12,FAIL,"[""solver_error""]",UNRESOLVED,UNRESOLVED,"[""coverage_core.jsonl#grid_index=1437""]","{""x"": 0.41952149346470824, ""v"": 0.06052778474986553, ""tau"": 0.3992327124449528, ""K"": 1, ""kappa"": 1.0219679889269173, ""theta"": 0.07773165812715889, ""sigma"": 0.6258036986924708, ""rho"": -0.704877196252346, ""r"": 0.0014000009745359422, ""label"": ""sobol_202_12""}"
CORE_GRID,1438,sobol_203_0,FAIL,"[""solver_error""]",UNRESOLVED,UNRESOLVED,"[""coverage_core.jsonl#grid_index=1438""]","{""x"": 0.6537120647728443, ""v"": 0.0973920940887183, ""tau"": 0.08053253995372898, ""K"": 1, ""kappa"": 2.771920567844063, ""theta"": 0.03178460484370589, ""sigma"": 0.10380311282351613, ""rho"": -0.2774529382586479, ""r"": 0.05096514604985714, ""label"": ""sobol_203_0""}"
CORE_GRID,1439,sobol_203_1,FAIL,"[""solver_error""]",UNRESOLVED,UNRESOLVED,"[""coverage_core.jsonl#grid_index=1439""]","{""x"": -0.6699752256274223, ""v"": 0.147165049565956, ""tau"": 1.6592768982888038, ""K"": 1, ""kappa"": 2.771920567844063, ""theta"": 0.03178460484370589, ""sigma"": 0.10380311282351613, ""rho"": -0.2774529382586479, ""r"": 0.05096514604985714, ""label"": ""sobol_203_1""}"
CORE_GRID,1440,sobol_203_2,FAIL,"[""solver_error""]",UNRESOLVED,UNRESOLVED,"[""coverage_core.jsonl#grid_index=1440""]","{""x"": -0.3407364249229431, ""v"": 0.0470910354051739, ""tau"": 0.8768799834781222, ""K"": 1, ""kappa"": 2.771920567844063, ""theta"": 0.03178460484370589, ""sigma"": 0.10380311282351613, ""rho"": -0.2774529382586479, ""r"": 0.05096514604985714, ""label"": ""sobol_203_2""}"
CORE_GRID,1441,sobol_203_4,PASS,[],NOT_APPLICABLE_STRICT_PASS,NUMERICALLY_RESOLVED,"[""coverage_core.jsonl#grid_index=1441""]","{""x"": 0.06651655063033113, ""v"": 0.01480019255541265, ""tau"": 1.7574647591072357, ""K"": 1, ""kappa"": 2.771920567844063, ""theta"": 0.03178460484370589, ""sigma"": 0.10380311282351613, ""rho"": -0.2774529382586479, ""r"": 0.05096514604985714, ""label"": ""sobol_203_4""}"
CORE_GRID,1442,sobol_203_10,PASS,[],NOT_APPLICABLE_STRICT_PASS,NUMERICALLY_RESOLVED,"[""coverage_core.jsonl#grid_index=1442""]","{""x"": -0.2606629997491836, ""v"": 0.12386476597748697, ""tau"": 1.941745321118524, ""K"": 1, ""kappa"": 2.771920567844063, ""theta"": 0.03178460484370589, ""sigma"": 0.10380311282351613, ""rho"": -0.2774529382586479, ""r"": 0.05096514604985714, ""label"": ""sobol_203_10""}"
CORE_GRID,1443,sobol_203_11,FAIL,"[""solver_error""]",UNRESOLVED,UNRESOLVED,"[""coverage_core.jsonl#grid_index=1443""]","{""x"": 0.23443660363554963, ""v"": 0.13659203401766717, ""tau"": 0.2932630588248786, ""K"": 1, ""kappa"": 2.771920567844063, ""theta"": 0.03178460484370589, ""sigma"": 0.10380311282351613, ""rho"": -0.2774529382586479, ""r"": 0.05096514604985714, ""label"": ""sobol_203_11""}"
CORE_GRID,1444,sobol_203_12,FAIL,"[""solver_error""]",UNRESOLVED,UNRESOLVED,"[""coverage_core.jsonl#grid_index=1444""]","{""x"": 0.5301976494491101, ""v"": 0.06424352922476828, ""tau"": 0.9364385759598384, ""K"": 1, ""kappa"": 2.771920567844063, ""theta"": 0.03178460484370589, ""sigma"": 0.10380311282351613, ""rho"": -0.2774529382586479, ""r"": 0.05096514604985714, ""label"": ""sobol_203_12""}"
CORE_GRID,1445,sobol_204_2,FAIL,"[""solver_error""]",UNRESOLVED,UNRESOLVED,"[""coverage_core.jsonl#grid_index=1445""]","{""x"": -0.5401122696697712, ""v"": 0.1098880642093718, ""tau"": 0.9789183345726794, ""K"": 1, ""kappa"": 2.278054450172931, ""theta"": 0.08879367390647531, ""sigma"": 0.367824229132384, ""rho"": -0.11250291764736176, ""r"": 0.041673138067126275, ""label"": ""sobol_204_2""}"
CORE_GRID,1446,sobol_204_3,FAIL,"[""solver_error""]",UNRESOLVED,UNRESOLVED,"[""coverage_core.jsonl#grid_index=1446""]","{""x"": 0.556084817647934, ""v"": 0.1304276087321341, ""tau"": 1.2561034000633906, ""K"": 1, ""kappa"": 2.278054450172931, ""theta"": 0.08879367390647531, ""sigma"": 0.367824229132384, ""rho"": -0.11250291764736176, ""r"": 0.041673138067126275, ""label"": ""sobol_204_3""}"
CORE_GRID,1447,sobol_204_4,FAIL,"[""solver_error""]",UNRESOLVED,UNRESOLVED,"[""coverage_core.jsonl#grid_index=1447""]","{""x"": 0.25182755291461945, ""v"": 0.07773242611438036, ""tau"": 1.8916361961210708, ""K"": 1, ""kappa"": 2.278054450172931, ""theta"": 0.08879367390647531, ""sigma"": 0.367824229132384, ""rho"": -0.11250291764736176, ""r"": 0.041673138067126275, ""label"": ""sobol_204_4""}"
CORE_GRID,1448,sobol_204_10,FAIL,"[""solver_error""]",UNRESOLVED,UNRESOLVED,"[""coverage_core.jsonl#grid_index=1448""]","{""x"": -0.05658362880349155, ""v"": 0.060946366749703884, ""tau"": 1.8321681716553275, ""K"": 1, ""kappa"": 2.278054450172931, ""theta"": 0.08879367390647531, ""sigma"": 0.367824229132384, ""rho"": -0.11250291764736176, ""r"": 0.041673138067126275, ""label"": ""sobol_204_10""}"
CORE_GRID,1449,sobol_204_14,FAIL,"[""solver_error"", ""FD_uncertainty_budget_unresolved""]",UNRESOLVED,UNRESOLVED,"[""coverage_core.jsonl#grid_index=1449""]","{""x"": -0.6437975160777568, ""v"": 0.08101537264883518, ""tau"": 0.02969244629928162, ""K"": 1, ""kappa"": 2.278054450172931, ""theta"": 0.08879367390647531, ""sigma"": 0.367824229132384, ""rho"": -0.11250291764736176, ""r"": 0.041673138067126275, ""label"": ""sobol_204_14""}"
CORE_GRID,1450,sobol_205_2,FAIL,"[""A_domain"", ""B_N"", ""solver_error"", ""FD_uncertainty_budget_unresolved""]",FD_RESOLVED,NUMERICALLY_RESOLVED,"[""coverage_core.jsonl#grid_index=1450"", ""mp_cases\\0d22a41ca723\\502e096df1fb06660c72.json""]","{""x"": -0.4282836310565471, ""v"": 0.012411349220201373, ""tau"": 0.4419562462495551, ""K"": 1, ""kappa"": 0.5280021266080439, ""theta"": 0.0442137142457068, ""sigma"": 0.539863549824804, ""rho"": -0.8914950758218766, ""r"": 0.010692018494009971, ""label"": ""sobol_205_2""}"
CORE_GRID,1451,sobol_205_4,FAIL,"[""B_N"", ""solver_error""]",COS_RESOLVED,NUMERICALLY_RESOLVED,"[""coverage_core.jsonl#grid_index=1451"", ""mp_cases\\0d22a41ca723\\1b5b1b5abdd411dc2372.json""]","{""x"": 0.1399943992495536, ""v"": 0.0504566200543195, ""tau"": 1.4326536156983662, ""K"": 1, ""kappa"": 0.5280021266080439, ""theta"": 0.0442137142457068, ""sigma"": 0.539863549824804, ""rho"": -0.8914950758218766, ""r"": 0.010692018494009971, ""label"": ""sobol_205_4""}"
CORE_GRID,1452,sobol_205_10,FAIL,"[""B_N""]",COS_RESOLVED,NUMERICALLY_RESOLVED,"[""coverage_core.jsonl#grid_index=1452"", ""mp_cases\\0d22a41ca723\\91f90f1ae72f0a9893c4.json""]","{""x"": -0.17092119678854933, ""v"": 0.06480136257596314, ""tau"": 1.3713561470531637, ""K"": 1, ""kappa"": 0.5280021266080439, ""theta"": 0.0442137142457068, ""sigma"": 0.539863549824804, ""rho"": -0.8914950758218766, ""r"": 0.010692018494009971, ""label"": ""sobol_205_10""}"
CORE_GRID,1453,sobol_205_12,FAIL,"[""solver_error""]",UNRESOLVED,UNRESOLVED,"[""coverage_core.jsonl#grid_index=1453""]","{""x"": 0.46389564424753194, ""v"": 0.12233019131235778, ""tau"": 0.2558815452262818, ""K"": 1, ""kappa"": 0.5280021266080439, ""theta"": 0.0442137142457068, ""sigma"": 0.539863549824804, ""rho"": -0.8914950758218766, ""r"": 0.010692018494009971, ""label"": ""sobol_205_12""}"
CORE_GRID,1454,sobol_205_13,FAIL,"[""B_N"", ""solver_error""]",COS_RESOLVED,NUMERICALLY_RESOLVED,"[""coverage_core.jsonl#grid_index=1454"", ""mp_cases\\0d22a41ca723\\ec2575b2d77bef1637dd.json""]","{""x"": -0.48482799455523484, ""v"": 0.1331045578699559, ""tau"": 1.9830124182404862, ""K"": 1, ""kappa"": 0.5280021266080439, ""theta"": 0.0442137142457068, ""sigma"": 0.539863549824804, ""rho"": -0.8914950758218766, ""r"": 0.010692018494009971, ""label"": ""sobol_205_13""}"
CORE_GRID,1455,sobol_206_2,FAIL,"[""solver_error""]",UNRESOLVED,UNRESOLVED,"[""coverage_core.jsonl#grid_index=1455""]","{""x"": -0.5005801543593407, ""v"": 0.038335429737344384, ""tau"": 1.0802473867836866, ""K"": 1, ""kappa"": 2.2212659628130496, ""theta"": 0.10045481964945795, ""sigma"": 0.2462670339271426, ""rho"": -0.3674932554364204, ""r"": 0.03186984017491341, ""label"": ""sobol_206_2""}"
CORE_GRID,1456,sobol_206_4,FAIL,"[""solver_error""]",UNRESOLVED,UNRESOLVED,"[""coverage_core.jsonl#grid_index=1456""]","{""x"": 0.20760794654488568, ""v"": 0.023796302964910865, ""tau"": 0.043718377719559366, ""K"": 1, ""kappa"": 2.2212659628130496, ""theta"": 0.10045481964945795, ""sigma"": 0.2462670339271426, ""rho"": -0.3674932554364204, ""r"": 0.03186984017491341, ""label"": ""sobol_206_4""}"
CORE_GRID,1457,sobol_206_10,FAIL,"[""solver_error""]",UNRESOLVED,UNRESOLVED,"[""coverage_core.jsonl#grid_index=1457""]","{""x"": -0.10256119519472118, ""v"": 0.10320904082618654, ""tau"": 0.2338124285489025, ""K"": 1, ""kappa"": 2.2212659628130496, ""theta"": 0.10045481964945795, ""sigma"": 0.2462670339271426, ""rho"": -0.3674932554364204, ""r"": 0.03186984017491341, ""label"": ""sobol_206_10""}"
CORE_GRID,1458,sobol_206_11,FAIL,"[""solver_error""]",UNRESOLVED,UNRESOLVED,"[""coverage_core.jsonl#grid_index=1458""]","{""x"": 0.07722966447472568, ""v"": 0.15298102772794664, ""tau"": 1.5080471855277817, ""K"": 1, ""kappa"": 2.2212659628130496, ""theta"": 0.10045481964945795, ""sigma"": 0.2462670339271426, ""rho"": -0.3674932554364204, ""r"": 0.03186984017491341, ""label"": ""sobol_206_11""}"
CORE_GRID,1459,sobol_206_12,FAIL,"[""solver_error""]",UNRESOLVED,UNRESOLVED,"[""coverage_core.jsonl#grid_index=1459""]","{""x"": 0.39084361866116524, ""v"": 0.08465874963440001, ""tau"": 1.1455661608497538, ""K"": 1, ""kappa"": 2.2212659628130496, ""theta"": 0.10045481964945795, ""sigma"": 0.2462670339271426, ""rho"": -0.3674932554364204, ""r"": 0.03186984017491341, ""label"": ""sobol_206_12""}"
CORE_GRID,1460,sobol_206_13,FAIL,"[""solver_error""]",UNRESOLVED,UNRESOLVED,"[""coverage_core.jsonl#grid_index=1460""]","{""x"": -0.4076972231268883, ""v"": 0.1598831268493086, ""tau"": 0.6274572085581779, ""K"": 1, ""kappa"": 2.2212659628130496, ""theta"": 0.10045481964945795, ""sigma"": 0.2462670339271426, ""rho"": -0.3674932554364204, ""r"": 0.03186984017491341, ""label"": ""sobol_206_13""}"
CORE_GRID,1461,sobol_207_2,PASS,[],NOT_APPLICABLE_STRICT_PASS,NUMERICALLY_RESOLVED,"[""coverage_core.jsonl#grid_index=1461""]","{""x"": -0.31257836222648616, ""v"": 0.08930432051420212, ""tau"": 1.6193948932295104, ""K"": 1, ""kappa"": 3.9712099102325737, ""theta"": 0.045035014748573306, ""sigma"": 0.7680713849142193, ""rho"": -0.6402156725525856, ""r"": 0.06080994293093681, ""label"": ""sobol_207_2""}"
CORE_GRID,1462,sobol_207_4,FAIL,"[""solver_error""]",UNRESOLVED,UNRESOLVED,"[""coverage_core.jsonl#grid_index=1462""]","{""x"": 0.01960162147879596, ""v"": 0.09807584388181567, ""tau"": 0.5049016047786508, ""K"": 1, ""kappa"": 3.9712099102325737, ""theta"": 0.045035014748573306, ""sigma"": 0.7680713849142193, ""rho"": -0.6402156725525856, ""r"": 0.06080994293093681, ""label"": ""sobol_207_4""}"
CORE_GRID,1463,sobol_207_5,FAIL,"[""solver_error""]",UNRESOLVED,UNRESOLVED,"[""coverage_core.jsonl#grid_index=1463""]","{""x"": -0.00802825391292572, ""v"": 0.14198806835338473, ""tau"": 1.2330332986071766, ""K"": 1, ""kappa"": 3.9712099102325737, ""theta"": 0.045035014748573306, ""sigma"": 0.7680713849142193, ""rho"": -0.6402156725525856, ""r"": 0.06080994293093681, ""label"": ""sobol_207_5""}"
CORE_GRID,1464,sobol_207_10,FAIL,"[""solver_error""]",UNRESOLVED,UNRESOLVED,"[""coverage_core.jsonl#grid_index=1464""]","{""x"": -0.288384148478508, ""v"": 0.02110412484034896, ""tau"": 0.6929263623379585, ""K"": 1, ""kappa"": 3.9712099102325737, ""theta"": 0.045035014748573306, ""sigma"": 0.7680713849142193, ""rho"": -0.6402156725525856, ""r"": 0.06080994293093681, ""label"": ""sobol_207_10""}"
CORE_GRID,1465,sobol_207_12,FAIL,"[""solver_error""]",UNRESOLVED,UNRESOLVED,"[""coverage_core.jsonl#grid_index=1465""]","{""x"": 0.5766710869967937, ""v"": 0.04151618666946888, ""tau"": 1.6826405668971203, ""K"": 1, ""kappa"": 3.9712099102325737, ""theta"": 0.045035014748573306, ""sigma"": 0.7680713849142193, ""rho"": -0.6402156725525856, ""r"": 0.06080994293093681, ""label"": ""sobol_207_12""}"
CORE_GRID,1466,sobol_208_2,FAIL,"[""solver_error"", ""FD_uncertainty_budget_unresolved""]",UNRESOLVED,UNRESOLVED,"[""coverage_core.jsonl#grid_index=1466""]","{""x"": -0.5964041121304035, ""v"": 0.04113399074412882, ""tau"": 0.6852571995640617, ""K"": 1, ""kappa"": 3.882050519809127, ""theta"": 0.09547312993556262, ""sigma"": 0.3560235930606723, ""rho"": -0.247282975167036, ""r"": 0.009772015139460563, ""label"": ""sobol_208_2""}"
CORE_GRID,1467,sobol_208_4,FAIL,"[""solver_error""]",UNRESOLVED,UNRESOLVED,"[""coverage_core.jsonl#grid_index=1467""]","{""x"": 0.2706285506486892, ""v"": 0.020509460708126426, ""tau"": 1.6915433582524577, ""K"": 1, ""kappa"": 3.882050519809127, ""theta"": 0.09547312993556262, ""sigma"": 0.3560235930606723, ""rho"": -0.247282975167036, ""r"": 0.009772015139460563, ""label"": ""sobol_208_4""}"
CORE_GRID,1468,sobol_208_10,PASS,[],NOT_APPLICABLE_STRICT_PASS,NUMERICALLY_RESOLVED,"[""coverage_core.jsonl#grid_index=1468""]","{""x"": -0.0003102399408816403, ""v"": 0.09857847145758569, ""tau"": 1.5016006147525909, ""K"": 1, ""kappa"": 3.882050519809127, ""theta"": 0.09547312993556262, ""sigma"": 0.3560235930606723, ""rho"": -0.247282975167036, ""r"": 0.009772015139460563, ""label"": ""sobol_208_10""}"
CORE_GRID,1469,sobol_208_11,PASS,[],NOT_APPLICABLE_STRICT_PASS,NUMERICALLY_RESOLVED,"[""coverage_core.jsonl#grid_index=1469""]","{""x"": 0.025927796959877014, ""v"": 0.1425530721899122, ""tau"": 0.23443259824333446, ""K"": 1, ""kappa"": 3.882050519809127, ""theta"": 0.09547312993556262, ""sigma"": 0.3560235930606723, ""rho"": -0.247282975167036, ""r"": 0.009772015139460563, ""label"": ""sobol_208_11""}"
CORE_GRID,1470,sobol_208_12,FAIL,"[""solver_error""]",UNRESOLVED,UNRESOLVED,"[""coverage_core.jsonl#grid_index=1470""]","{""x"": 0.33077099919319153, ""v"": 0.08977760025300086, ""tau"": 0.6200307743875162, ""K"": 1, ""kappa"": 3.882050519809127, ""theta"": 0.09547312993556262, ""sigma"": 0.3560235930606723, ""rho"": -0.247282975167036, ""r"": 0.009772015139460563, ""label"": ""sobol_208_12""}"
CORE_GRID,1471,sobol_209_2,FAIL,"[""solver_error"", ""FD_uncertainty_budget_unresolved""]",UNRESOLVED,UNRESOLVED,"[""coverage_core.jsonl#grid_index=1471""]","{""x"": -0.4095558755099773, ""v"": 0.08415591344237328, ""tau"": 0.14647517744673505, ""K"": 1, ""kappa"": 2.1319964230060577, ""theta"": 0.050014410056173804, ""sigma"": 0.528085626848042, ""rho"": -0.769995891302824, ""r"": 0.0575506242364645, ""label"": ""sobol_209_2""}"
CORE_GRID,1472,sobol_209_3,FAIL,"[""solver_error""]",UNRESOLVED,UNRESOLVED,"[""coverage_core.jsonl#grid_index=1472""]","{""x"": 0.38803308159112926, ""v"": 0.15931833162903786, ""tau"": 1.624642694442873, ""K"": 1, ""kappa"": 2.1319964230060577, ""theta"": 0.050014410056173804, ""sigma"": 0.528085626848042, ""rho"": -0.769995891302824, ""r"": 0.0575506242364645, ""label"": ""sobol_209_3""}"
CORE_GRID,1473,sobol_209_4,FAIL,"[""solver_error""]",UNRESOLVED,UNRESOLVED,"[""coverage_core.jsonl#grid_index=1473""]","{""x"": 0.0837757989764214, ""v"": 0.10273596970364451, ""tau"": 1.2307256155218633, ""K"": 1, ""kappa"": 2.1319964230060577, ""theta"": 0.050014410056173804, ""sigma"": 0.528085626848042, ""rho"": -0.769995891302824, ""r"": 0.0575506242364645, ""label"": ""sobol_209_4""}"
CORE_GRID,1474,sobol_209_5,FAIL,"[""solver_error""]",UNRESOLVED,UNRESOLVED,"[""coverage_core.jsonl#grid_index=1474""]","{""x"": -0.09506314024329177, ""v"": 0.15256955800577998, ""tau"": 0.509171453596551, ""K"": 1, ""kappa"": 2.1319964230060577, ""theta"": 0.050014410056173804, ""sigma"": 0.528085626848042, ""rho"": -0.769995891302824, ""r"": 0.0575506242364645, ""label"": ""sobol_209_5""}"
CORE_GRID,1475,sobol_209_10,FAIL,"[""solver_error""]",UNRESOLVED,UNRESOLVED,"[""coverage_core.jsonl#grid_index=1475""]","{""x"": -0.1896304987370967, ""v"": 0.024178290273994207, ""tau"": 1.042608509073034, ""K"": 1, ""kappa"": 2.1319964230060577, ""theta"": 0.050014410056173804, ""sigma"": 0.528085626848042, ""rho"": -0.769995891302824, ""r"": 0.0575506242364645, ""label"": ""sobol_209_10""}"
CORE_GRID,1476,sobol_209_12,FAIL,"[""solver_error""]",UNRESOLVED,UNRESOLVED,"[""coverage_core.jsonl#grid_index=1476""]","{""x"": 0.5200957909226418, ""v"": 0.03893030248582363, ""tau"": 0.08307819644964877, ""K"": 1, ""kappa"": 2.1319964230060577, ""theta"": 0.050014410056173804, ""sigma"": 0.528085626848042, ""rho"": -0.769995891302824, ""r"": 0.0575506242364645, ""label"": ""sobol_209_12""}"
CORE_GRID,1477,sobol_210_2,FAIL,"[""solver_error""]",UNRESOLVED,UNRESOLVED,"[""coverage_core.jsonl#grid_index=1477""]","{""x"": -0.4817974671721458, ""v"": 0.12289475509896874, ""tau"": 1.2545289981681558, ""K"": 1, ""kappa"": 0.6191906556487083, ""theta"": 0.09377369208261371, ""sigma"": 0.12510209335014225, ""rho"": -0.496000424772501, ""r"": 0.07996625676751137, ""label"": ""sobol_210_2""}"
CORE_GRID,1478,sobol_210_3,FAIL,"[""solver_error""]",UNRESOLVED,UNRESOLVED,"[""coverage_core.jsonl#grid_index=1478""]","{""x"": 0.46553430631756787, ""v"": 0.13360859313979745, ""tau"": 0.9863580267706383, ""K"": 1, ""kappa"": 0.6191906556487083, ""theta"": 0.09377369208261371, ""sigma"": 0.12510209335014225, ""rho"": -0.496000424772501, ""r"": 0.07996625676751137, ""label"": ""sobol_210_3""}"
CORE_GRID,1479,sobol_210_4,FAIL,"[""solver_error""]",UNRESOLVED,UNRESOLVED,"[""coverage_core.jsonl#grid_index=1479""]","{""x"": 0.1513344146311284, ""v"": 0.06521401647478342, ""tau"": 0.37394232269273037, ""K"": 1, ""kappa"": 0.6191906556487083, ""theta"": 0.09377369208261371, ""sigma"": 0.12510209335014225, ""rho"": -0.496000424772501, ""r"": 0.07996625676751137, ""label"": ""sobol_210_4""}"
CORE_GRID,1480,sobol_210_10,PASS,[],NOT_APPLICABLE_STRICT_PASS,NUMERICALLY_RESOLVED,"[""coverage_core.jsonl#grid_index=1480""]","{""x"": -0.12136204987764354, ""v"": 0.05001391749829054, ""tau"": 0.4333199538837468, ""K"": 1, ""kappa"": 0.6191906556487083, ""theta"": 0.09377369208261371, ""sigma"": 0.12510209335014225, ""rho"": -0.496000424772501, ""r"": 0.07996625676751137, ""label"": ""sobol_210_10""}"
CORE_GRID,1481,sobol_210_12,FAIL,"[""solver_error""]",UNRESOLVED,UNRESOLVED,"[""coverage_core.jsonl#grid_index=1481""]","{""x"": 0.4471353180706501, ""v"": 0.011877786833792925, ""tau"": 1.4386247991961205, ""K"": 1, ""kappa"": 0.6191906556487083, ""theta"": 0.09377369208261371, ""sigma"": 0.12510209335014225, ""rho"": -0.496000424772501, ""r"": 0.07996625676751137, ""label"": ""sobol_210_12""}"
CORE_GRID,1482,sobol_211_0,FAIL,"[""solver_error""]",UNRESOLVED,UNRESOLVED,"[""coverage_core.jsonl#grid_index=1482""]","{""x"": 0.6628714330494403, ""v"": 0.08048079744912684, ""tau"": 1.02830941247059, ""K"": 1, ""kappa"": 2.3691395055502653, ""theta"": 0.03923293946310878, ""sigma"": 0.6468864015303551, ""rho"": -0.5249893762171268, ""r"": 0.027666164487600328, ""label"": ""sobol_211_0""}"
CORE_GRID,1483,sobol_211_4,FAIL,"[""solver_error""]",UNRESOLVED,UNRESOLVED,"[""coverage_core.jsonl#grid_index=1483""]","{""x"": 0.03831106647849092, ""v"": 0.06147966091521084, ""tau"": 0.833046731224934, ""K"": 1, ""kappa"": 2.3691395055502653, ""theta"": 0.03923293946310878, ""sigma"": 0.6468864015303551, ""rho"": -0.5249893762171268, ""r"": 0.027666164487600328, ""label"": ""sobol_211_4""}"
CORE_GRID,1484,sobol_211_10,FAIL,"[""solver_error""]",UNRESOLVED,UNRESOLVED,"[""coverage_core.jsonl#grid_index=1484""]","{""x"": -0.2321656912565231, ""v"": 0.07716813054867089, ""tau"": 0.8944974628144077, ""K"": 1, ""kappa"": 2.3691395055502653, ""theta"": 0.03923293946310878, ""sigma"": 0.6468864015303551, ""rho"": -0.5249893762171268, ""r"": 0.027666164487600328, ""label"": ""sobol_211_10""}"
CORE_GRID,1485,sobol_211_12,FAIL,"[""solver_error""]",UNRESOLVED,UNRESOLVED,"[""coverage_core.jsonl#grid_index=1485""]","{""x"": 0.5579434745013714, ""v"": 0.10947514208965003, ""tau"": 1.9777780088987793, ""K"": 1, ""kappa"": 2.3691395055502653, ""theta"": 0.03923293946310878, ""sigma"": 0.6468864015303551, ""rho"": -0.5249893762171268, ""r"": 0.027666164487600328, ""label"": ""sobol_211_12""}"
CORE_GRID,1486,sobol_211_13,FAIL,"[""solver_error"", ""FD_uncertainty_budget_unresolved""]",UNRESOLVED,UNRESOLVED,"[""coverage_core.jsonl#grid_index=1486""]","{""x"": -0.5373017370700836, ""v"": 0.12995505216531456, ""tau"": 0.25917581366818576, ""K"": 1, ""kappa"": 2.3691395055502653, ""theta"": 0.03923293946310878, ""sigma"": 0.6468864015303551, ""rho"": -0.5249893762171268, ""r"": 0.027666164487600328, ""label"": ""sobol_211_13""}"
CORE_GRID,1487,sobol_212_2,FAIL,"[""solver_error""]",UNRESOLVED,UNRESOLVED,"[""coverage_core.jsonl#grid_index=1487""]","{""x"": -0.5491275496780872, ""v"": 0.06380154192447662, ""tau"": 1.9355265553005867, ""K"": 1, ""kappa"": 2.859634593129158, ""theta"": 0.08212735222652555, ""sigma"": 0.5609921769239008, ""rho"": -0.6850577257573605, ""r"": 0.03961437478661537, ""label"": ""sobol_212_2""}"
CORE_GRID,1488,sobol_212_4,FAIL,"[""solver_error""]",UNRESOLVED,UNRESOLVED,"[""coverage_core.jsonl#grid_index=1488""]","{""x"": 0.24209969937801357, ""v"": 0.12333048833534122, ""tau"": 0.9448349002623073, ""K"": 1, ""kappa"": 2.859634593129158, ""theta"": 0.08212735222652555, ""sigma"": 0.5609921769239008, ""rho"": -0.6850577257573605, ""r"": 0.03961437478661537, ""label"": ""sobol_212_4""}"
CORE_GRID,1489,sobol_212_5,PASS,[],NOT_APPLICABLE_STRICT_PASS,NUMERICALLY_RESOLVED,"[""coverage_core.jsonl#grid_index=1489""]","{""x"": -0.2542452849447727, ""v"": 0.13599764509126544, ""tau"": 1.2921398912541686, ""K"": 1, ""kappa"": 2.859634593129158, ""theta"": 0.08212735222652555, ""sigma"": 0.5609921769239008, ""rho"": -0.6850577257573605, ""r"": 0.03961437478661537, ""label"": ""sobol_212_5""}"
CORE_GRID,1490,sobol_212_10,FAIL,"[""solver_error""]",UNRESOLVED,UNRESOLVED,"[""coverage_core.jsonl#grid_index=1490""]","{""x"": -0.047145310789346695, ""v"": 0.015365471597760916, ""tau"": 0.7585718616370171, ""K"": 1, ""kappa"": 2.859634593129158, ""theta"": 0.08212735222652555, ""sigma"": 0.5609921769239008, ""rho"": -0.6850577257573605, ""r"": 0.03961437478661537, ""label"": ""sobol_212_10""}"
CORE_GRID,1491,sobol_212_12,FAIL,"[""solver_error""]",UNRESOLVED,UNRESOLVED,"[""coverage_core.jsonl#grid_index=1491""]","{""x"": 0.3588629364967346, ""v"": 0.047502974048256874, ""tau"": 1.8740521778744306, ""K"": 1, ""kappa"": 2.859634593129158, ""theta"": 0.08212735222652555, ""sigma"": 0.5609921769239008, ""rho"": -0.6850577257573605, ""r"": 0.03961437478661537, ""label"": ""sobol_212_12""}"
CORE_GRID,1492,sobol_212_14,FAIL,"[""solver_error"", ""FD_uncertainty_budget_unresolved""]",UNRESOLVED,UNRESOLVED,"[""coverage_core.jsonl#grid_index=1492""]","{""x"": -0.6716874293982983, ""v"": 0.09682845370844007, ""tau"": 1.0798651310134797, ""K"": 1, ""kappa"": 2.859634593129158, ""theta"": 0.08212735222652555, ""sigma"": 0.5609921769239008, ""rho"": -0.6850577257573605, ""r"": 0.03961437478661537, ""label"": ""sobol_212_14""}"
CORE_GRID,1493,sobol_212_15,FAIL,"[""solver_error""]",UNRESOLVED,UNRESOLVED,"[""coverage_core.jsonl#grid_index=1493""]","{""x"": 0.6507550790905952, ""v"": 0.14666104363277555, ""tau"": 0.6618459381325732, ""K"": 1, ""kappa"": 2.859634593129158, ""theta"": 0.08212735222652555, ""sigma"": 0.5609921769239008, ""rho"": -0.6850577257573605, ""r"": 0.03961437478661537, ""label"": ""sobol_212_15""}"
CORE_GRID,1494,sobol_213_2,FAIL,"[""solver_error""]",UNRESOLVED,UNRESOLVED,"[""coverage_core.jsonl#grid_index=1494""]","{""x"": -0.4371280007064342, ""v"": 0.05996229709126055, ""tau"": 1.3966171207896891, ""K"": 1, ""kappa"": 1.109585216268897, ""theta"": 0.027391193229705096, ""sigma"": 0.38907837541773915, ""rho"": -0.30762434825301166, ""r"": 0.06801801785826683, ""label"": ""sobol_213_2""}"
CORE_GRID,1495,sobol_213_10,PASS,[],NOT_APPLICABLE_STRICT_PASS,NUMERICALLY_RESOLVED,"[""coverage_core.jsonl#grid_index=1495""]","{""x"": -0.1613234125077725, ""v"": 0.11282360530458391, ""tau"": 0.29971099035104826, ""K"": 1, ""kappa"": 1.109585216268897, ""theta"": 0.027391193229705096, ""sigma"": 0.38907837541773915, ""rho"": -0.30762434825301166, ""r"": 0.06801801785826683, ""label"": ""sobol_213_10""}"
CORE_GRID,1496,sobol_213_11,FAIL,"[""solver_error""]",UNRESOLVED,UNRESOLVED,"[""coverage_core.jsonl#grid_index=1496""]","{""x"": 0.1872546181082726, ""v"": 0.13135016686283052, ""tau"": 1.941128415739282, ""K"": 1, ""kappa"": 1.109585216268897, ""theta"": 0.027391193229705096, ""sigma"": 0.38907837541773915, ""rho"": -0.30762434825301166, ""r"": 0.06801801785826683, ""label"": ""sobol_213_11""}"
CORE_GRID,1497,sobol_213_12,FAIL,"[""solver_error""]",UNRESOLVED,UNRESOLVED,"[""coverage_core.jsonl#grid_index=1497""]","{""x"": 0.47303641587495804, ""v"": 0.07479640864767134, ""tau"": 1.337211798688042, ""K"": 1, ""kappa"": 1.109585216268897, ""theta"": 0.027391193229705096, ""sigma"": 0.38907837541773915, ""rho"": -0.30762434825301166, ""r"": 0.06801801785826683, ""label"": ""sobol_213_12""}"
CORE_GRID,1498,sobol_214_2,FAIL,"[""A_domain"", ""solver_error"", ""FD_uncertainty_budget_unresolved""]",UNRESOLVED,UNRESOLVED,"[""coverage_core.jsonl#grid_index=1498""]","{""x"": -0.5101800844073295, ""v"": 0.02204193244688213, ""tau"": 0.009577836482859557, ""K"": 1, ""kappa"": 1.641580818220973, ""theta"": 0.10862539343535901, ""sigma"": 0.789328845590353, ""rho"": -0.8333845503628254, ""r"": 0.04949889712035656, ""label"": ""sobol_214_2""}"
CORE_GRID,1499,sobol_214_4,FAIL,"[""solver_error""]",UNRESOLVED,UNRESOLVED,"[""coverage_core.jsonl#grid_index=1499""]","{""x"": 0.1984647430479527, ""v"": 0.040577902691438794, ""tau"": 1.1240730247800312, ""K"": 1, ""kappa"": 1.641580818220973, ""theta"": 0.10862539343535901, ""sigma"": 0.789328845590353, ""rho"": -0.8333845503628254, ""r"": 0.04949889712035656, ""label"": ""sobol_214_4""}"
CORE_GRID,1500,sobol_214_10,FAIL,"[""solver_error""]",UNRESOLVED,UNRESOLVED,"[""coverage_core.jsonl#grid_index=1500""]","{""x"": -0.0937098160386085, ""v"": 0.08641408872790635, ""tau"": 1.1874996597383407, ""K"": 1, ""kappa"": 1.641580818220973, ""theta"": 0.10862539343535901, ""sigma"": 0.789328845590353, ""rho"": -0.8333845503628254, ""r"": 0.04949889712035656, ""label"": ""sobol_214_10""}"
CORE_GRID,1501,sobol_214_12,FAIL,"[""solver_error""]",UNRESOLVED,UNRESOLVED,"[""coverage_core.jsonl#grid_index=1501""]","{""x"": 0.4007399506866931, ""v"": 0.10096559929661453, ""tau"": 0.19778735502549105, ""K"": 1, ""kappa"": 1.641580818220973, ""theta"": 0.10862539343535901, ""sigma"": 0.789328845590353, ""rho"": -0.8333845503628254, ""r"": 0.04949889712035656, ""label"": ""sobol_214_12""}"
CORE_GRID,1502,sobol_214_13,FAIL,"[""solver_error""]",UNRESOLVED,UNRESOLVED,"[""coverage_core.jsonl#grid_index=1502""]","{""x"": -0.379198770225048, ""v"": 0.1429869111161679, ""tau"": 1.5421268164276307, ""K"": 1, ""kappa"": 1.641580818220973, ""theta"": 0.10862539343535901, ""sigma"": 0.789328845590353, ""rho"": -0.8333845503628254, ""r"": 0.04949889712035656, ""label"": ""sobol_214_13""}"
CORE_GRID,1503,sobol_215_0,FAIL,"[""solver_error""]",UNRESOLVED,UNRESOLVED,"[""coverage_core.jsonl#grid_index=1503""]","{""x"": 0.6350037641823292, ""v"": 0.05580032616853714, ""tau"": 0.28257938648485353, ""K"": 1, ""kappa"": 3.391521818935871, ""theta"": 0.06336188919842244, ""sigma"": 0.2673936765640974, ""rho"": -0.1622272081673145, ""r"": 0.017823770865798, ""label"": ""sobol_215_0""}"
CORE_GRID,1504,sobol_215_2,FAIL,"[""solver_error""]",UNRESOLVED,UNRESOLVED,"[""coverage_core.jsonl#grid_index=1504""]","{""x"": -0.3220099568367004, ""v"": 0.10413303459063172, ""tau"": 0.5467741896124881, ""K"": 1, ""kappa"": 3.391521818935871, ""theta"": 0.06336188919842244, ""sigma"": 0.2673936765640974, ""rho"": -0.1622272081673145, ""r"": 0.017823770865798, ""label"": ""sobol_215_2""}"
CORE_GRID,1505,sobol_215_3,FAIL,"[""solver_error""]",UNRESOLVED,UNRESOLVED,"[""coverage_core.jsonl#grid_index=1505""]","{""x"": 0.30547434613108626, ""v"": 0.15591988200321794, ""tau"": 1.189207656892933, ""K"": 1, ""kappa"": 3.391521818935871, ""theta"": 0.06336188919842244, ""sigma"": 0.2673936765640974, ""rho"": -0.1622272081673145, ""r"": 0.017823770865798, ""label"": ""sobol_215_3""}"
CORE_GRID,1506,sobol_215_4,PASS,[],NOT_APPLICABLE_STRICT_PASS,NUMERICALLY_RESOLVED,"[""coverage_core.jsonl#grid_index=1506""]","{""x"": 0.010299237817525952, ""v"": 0.08373523224145174, ""tau"": 1.5833089056513494, ""K"": 1, ""kappa"": 3.391521818935871, ""theta"": 0.06336188919842244, ""sigma"": 0.2673936765640974, ""rho"": -0.1622272081673145, ""r"": 0.017823770865798, ""label"": ""sobol_215_4""}"
CORE_GRID,1507,sobol_215_5,PASS,[],NOT_APPLICABLE_STRICT_PASS,NUMERICALLY_RESOLVED,"[""coverage_core.jsonl#grid_index=1507""]","{""x"": -0.03593504726886754, ""v"": 0.15694474894553423, ""tau"": 0.1838965989715819, ""K"": 1, ""kappa"": 3.391521818935871, ""theta"": 0.06336188919842244, ""sigma"": 0.2673936765640974, ""rho"": -0.1622272081673145, ""r"": 0.017823770865798, ""label"": ""sobol_215_5""}"
CORE_GRID,1508,sobol_215_10,FAIL,"[""solver_error""]",UNRESOLVED,UNRESOLVED,"[""coverage_core.jsonl#grid_index=1508""]","{""x"": -0.2793713003396988, ""v"": 0.035458086989820004, ""tau"": 1.64856093971517, ""K"": 1, ""kappa"": 3.391521818935871, ""theta"": 0.06336188919842244, ""sigma"": 0.2673936765640974, ""rho"": -0.1622272081673145, ""r"": 0.017823770865798, ""label"": ""sobol_215_10""}"
CORE_GRID,1509,sobol_215_12,FAIL,"[""solver_error""]",UNRESOLVED,UNRESOLVED,"[""coverage_core.jsonl#grid_index=1509""]","{""x"": 0.5863967947661877, ""v"": 0.02667412208393216, ""tau"": 0.7368129143890525, ""K"": 1, ""kappa"": 3.391521818935871, ""theta"": 0.06336188919842244, ""sigma"": 0.2673936765640974, ""rho"": -0.1622272081673145, ""r"": 0.017823770865798, ""label"": ""sobol_215_12""}"
CORE_GRID,1510,sobol_216_2,FAIL,"[""solver_error"", ""FD_uncertainty_budget_unresolved""]",UNRESOLVED,UNRESOLVED,"[""coverage_core.jsonl#grid_index=1510""]","{""x"": -0.576188787817955, ""v"": 0.09533200948499143, ""tau"": 0.4779470351687263, ""K"": 1, ""kappa"": 3.337041768245399, ""theta"": 0.08513705765828491, ""sigma"": 0.7456997908651828, ""rho"": -0.3961224459111691, ""r"": 0.05314143016934395, ""label"": ""sobol_216_2""}"
CORE_GRID,1511,sobol_216_3,FAIL,"[""solver_error""]",UNRESOLVED,UNRESOLVED,"[""coverage_core.jsonl#grid_index=1511""]","{""x"": 0.5974255464971066, ""v"": 0.1451038324739784, ""tau"": 1.76094509165601, ""K"": 1, ""kappa"": 3.337041768245399, ""theta"": 0.08513705765828491, ""sigma"": 0.7456997908651828, ""rho"": -0.3961224459111691, ""r"": 0.05314143016934395, ""label"": ""sobol_216_3""}"
CORE_GRID,1512,sobol_216_4,FAIL,"[""solver_error""]",UNRESOLVED,UNRESOLVED,"[""coverage_core.jsonl#grid_index=1512""]","{""x"": 0.28322579786181445, ""v"": 0.09229229600168765, ""tau"": 1.4062870020482925, ""K"": 1, ""kappa"": 3.337041768245399, ""theta"": 0.08513705765828491, ""sigma"": 0.7456997908651828, ""rho"": -0.3961224459111691, ""r"": 0.05314143016934395, ""label"": ""sobol_216_4""}"
CORE_GRID,1513,sobol_216_10,PASS,[],NOT_APPLICABLE_STRICT_PASS,NUMERICALLY_RESOLVED,"[""coverage_core.jsonl#grid_index=1513""]","{""x"": -0.026971131563186646, ""v"": 0.04632736020721495, ""tau"": 1.342892251790516, ""K"": 1, ""kappa"": 3.337041768245399, ""theta"": 0.08513705765828491, ""sigma"": 0.7456997908651828, ""rho"": -0.3961224459111691, ""r"": 0.05314143016934395, ""label"": ""sobol_216_10""}"
CORE_GRID,1514,sobol_216_12,FAIL,"[""solver_error""]",UNRESOLVED,UNRESOLVED,"[""coverage_core.jsonl#grid_index=1514""]","{""x"": 0.3152443192899228, ""v"": 0.016048811143264174, ""tau"": 0.2898274600350608, ""K"": 1, ""kappa"": 3.337041768245399, ""theta"": 0.08513705765828491, ""sigma"": 0.7456997908651828, ""rho"": -0.3961224459111691, ""r"": 0.05314143016934395, ""label"": ""sobol_216_12""}"
CORE_GRID,1515,sobol_216_14,FAIL,"[""solver_error"", ""FD_uncertainty_budget_unresolved""]",UNRESOLVED,UNRESOLVED,"[""coverage_core.jsonl#grid_index=1515""]","{""x"": -0.602438624203205, ""v"": 0.0663355637807399, ""tau"": 0.5228342373877586, ""K"": 1, ""kappa"": 3.337041768245399, ""theta"": 0.08513705765828491, ""sigma"": 0.7456997908651828, ""rho"": -0.3961224459111691, ""r"": 0.05314143016934395, ""label"": ""sobol_216_14""}"
CORE_GRID,1516,sobol_217_0,FAIL,"[""solver_error""]",UNRESOLVED,UNRESOLVED,"[""coverage_core.jsonl#grid_index=1516""]","{""x"": 0.6810534618794917, ""v"": 0.07635175157338381, ""tau"": 0.2518188502964756, ""K"": 1, ""kappa"": 1.587099620141089, ""theta"": 0.03684582671150565, ""sigma"": 0.22316912673413752, ""rho"": -0.6235001645982265, ""r"": 0.004181142300367356, ""label"": ""sobol_217_0""}"
CORE_GRID,1517,sobol_217_2,FAIL,"[""solver_error""]",UNRESOLVED,UNRESOLVED,"[""coverage_core.jsonl#grid_index=1517""]","{""x"": -0.3869977667927742, ""v"": 0.028981305193156004, ""tau"": 0.9545966024687957, ""K"": 1, ""kappa"": 1.587099620141089, ""theta"": 0.03684582671150565, ""sigma"": 0.22316912673413752, ""rho"": -0.6235001645982265, ""r"": 0.004181142300367356, ""label"": ""sobol_217_2""}"
CORE_GRID,1518,sobol_217_4,FAIL,"[""solver_error""]",UNRESOLVED,UNRESOLVED,"[""coverage_core.jsonl#grid_index=1518""]","{""x"": 0.09403011873364453, ""v"": 0.03388284891843796, ""tau"": 1.9297242740886138, ""K"": 1, ""kappa"": 1.587099620141089, ""theta"": 0.03684582671150565, ""sigma"": 0.22316912673413752, ""rho"": -0.6235001645982265, ""r"": 0.004181142300367356, ""label"": ""sobol_217_4""}"
CORE_GRID,1519,sobol_217_10,PASS,[],NOT_APPLICABLE_STRICT_PASS,NUMERICALLY_RESOLVED,"[""coverage_core.jsonl#grid_index=1519""]","{""x"": -0.21394617408514027, ""v"": 0.08131218142807484, ""tau"": 1.8645041247253262, ""K"": 1, ""kappa"": 1.587099620141089, ""theta"": 0.03684582671150565, ""sigma"": 0.22316912673413752, ""rho"": -0.6235001645982265, ""r"": 0.004181142300367356, ""label"": ""sobol_217_10""}"
CORE_GRID,1520,sobol_217_12,FAIL,"[""solver_error""]",UNRESOLVED,UNRESOLVED,"[""coverage_core.jsonl#grid_index=1520""]","{""x"": 0.502224037796259, ""v"": 0.10582318669185042, ""tau"": 0.7646478211011974, ""K"": 1, ""kappa"": 1.587099620141089, ""theta"": 0.03684582671150565, ""sigma"": 0.22316912673413752, ""rho"": -0.6235001645982265, ""r"": 0.004181142300367356, ""label"": ""sobol_217_12""}"
CORE_GRID,1521,sobol_217_13,FAIL,"[""solver_error""]",UNRESOLVED,UNRESOLVED,"[""coverage_core.jsonl#grid_index=1521""]","{""x"": -0.5190823629498481, ""v"": 0.14973554527387023, ""tau"": 1.4703719430484823, ""K"": 1, ""kappa"": 1.587099620141089, ""theta"": 0.03684582671150565, ""sigma"": 0.22316912673413752, ""rho"": -0.6235001645982265, ""r"": 0.004181142300367356, ""label"": ""sobol_217_13""}"
CORE_GRID,1522,sobol_218_2,FAIL,"[""solver_error""]",UNRESOLVED,UNRESOLVED,"[""coverage_core.jsonl#grid_index=1522""]","{""x"": -0.46451297029852867, ""v"": 0.053076487965881824, ""tau"": 1.5928878917188811, ""K"": 1, ""kappa"": 1.1619571605697274, ""theta"": 0.10561168592423202, ""sigma"": 0.6049599201418459, ""rho"": -0.14799083545804026, ""r"": 0.023335047885775565, ""label"": ""sobol_218_2""}"
CORE_GRID,1523,sobol_218_10,PASS,[],NOT_APPLICABLE_STRICT_PASS,NUMERICALLY_RESOLVED,"[""coverage_core.jsonl#grid_index=1523""]","{""x"": -0.13220148012042054, ""v"": 0.11788714723661542, ""tau"": 0.7269603169914927, ""K"": 1, ""kappa"": 1.1619571605697274, ""theta"": 0.10561168592423202, ""sigma"": 0.6049599201418459, ""rho"": -0.14799083545804026, ""r"": 0.023335047885775565, ""label"": ""sobol_218_10""}"
CORE_GRID,1524,sobol_218_11,FAIL,"[""solver_error""]",UNRESOLVED,UNRESOLVED,"[""coverage_core.jsonl#grid_index=1524""]","{""x"": 0.12031911760568614, ""v"": 0.13842688547447324, ""tau"": 1.0109765568807247, ""K"": 1, ""kappa"": 1.1619571605697274, ""theta"": 0.10561168592423202, ""sigma"": 0.6049599201418459, ""rho"": -0.14799083545804026, ""r"": 0.023335047885775565, ""label"": ""sobol_218_11""}"
CORE_GRID,1525,sobol_218_12,FAIL,"[""solver_error""]",UNRESOLVED,UNRESOLVED,"[""coverage_core.jsonl#grid_index=1525""]","{""x"": 0.4251621767878533, ""v"": 0.06997682806104422, ""tau"": 1.6543322880087155, ""K"": 1, ""kappa"": 1.1619571605697274, ""theta"": 0.10561168592423202, ""sigma"": 0.6049599201418459, ""rho"": -0.14799083545804026, ""r"": 0.023335047885775565, ""label"": ""sobol_218_12""}"
CORE_GRID,1526,sobol_219_0,FAIL,"[""solver_error""]",UNRESOLVED,UNRESOLVED,"[""coverage_core.jsonl#grid_index=1526""]","{""x"": 0.6408980771899222, ""v"": 0.025300016393885016, ""tau"": 1.8190465336185067, ""K"": 1, ""kappa"": 2.9120045555755496, ""theta"": 0.05390248473733664, ""sigma"": 0.4322797250933945, ""rho"": -0.8690927095711232, ""r"": 0.07429728768765927, ""label"": ""sobol_219_0""}"
CORE_GRID,1527,sobol_219_2,FAIL,"[""solver_error""]",UNRESOLVED,UNRESOLVED,"[""coverage_core.jsonl#grid_index=1527""]","{""x"": -0.3538365818560123, ""v"": 0.07267139037139714, ""tau"": 1.1184235045959847, ""K"": 1, ""kappa"": 2.9120045555755496, ""theta"": 0.05390248473733664, ""sigma"": 0.4322797250933945, ""rho"": -0.8690927095711232, ""r"": 0.07429728768765927, ""label"": ""sobol_219_2""}"
CORE_GRID,1528,sobol_219_4,FAIL,"[""solver_error""]",UNRESOLVED,UNRESOLVED,"[""coverage_core.jsonl#grid_index=1528""]","{""x"": 0.06555642485618596, ""v"": 0.11470495979301631, ""tau"": 0.019552261989918492, ""K"": 1, ""kappa"": 2.9120045555755496, ""theta"": 0.05390248473733664, ""sigma"": 0.4322797250933945, ""rho"": -0.8690927095711232, ""r"": 0.07429728768765927, ""label"": ""sobol_219_4""}"
CORE_GRID,1529,sobol_219_5,FAIL,"[""solver_error""]",UNRESOLVED,UNRESOLVED,"[""coverage_core.jsonl#grid_index=1529""]","{""x"": -0.0393437035381794, ""v"": 0.12547910283319652, ""tau"": 1.7223091887287973, ""K"": 1, ""kappa"": 2.9120045555755496, ""theta"": 0.05390248473733664, ""sigma"": 0.4322797250933945, ""rho"": -0.8690927095711232, ""r"": 0.07429728768765927, ""label"": ""sobol_219_5""}"
CORE_GRID,1530,sobol_219_12,FAIL,"[""solver_error""]",UNRESOLVED,UNRESOLVED,"[""coverage_core.jsonl#grid_index=1530""]","{""x"": 0.53831504881382, ""v"": 0.058212069096043706, ""tau"": 1.17779884556131, ""K"": 1, ""kappa"": 2.9120045555755496, ""theta"": 0.05390248473733664, ""sigma"": 0.4322797250933945, ""rho"": -0.8690927095711232, ""r"": 0.07429728768765927, ""label"": ""sobol_219_12""}"
CORE_GRID,1531,sobol_220_2,FAIL,"[""solver_error""]",UNRESOLVED,UNRESOLVED,"[""coverage_core.jsonl#grid_index=1531""]","{""x"": -0.5294979125261307, ""v"": 0.01057625887915492, ""tau"": 1.2208425387895356, ""K"": 1, ""kappa"": 2.5274003678932786, ""theta"": 0.11726239889860154, ""sigma"": 0.16855751676484942, ""rho"": -0.7338485650718212, ""r"": 0.06360878579318524, ""label"": ""sobol_220_2""}"
CORE_GRID,1532,sobol_220_4,FAIL,"[""solver_error""]",UNRESOLVED,UNRESOLVED,"[""coverage_core.jsonl#grid_index=1532""]","{""x"": 0.25528263375163074, ""v"": 0.05253567174077034, ""tau"": 0.15215519183714477, ""K"": 1, ""kappa"": 2.5274003678932786, ""theta"": 0.11726239889860154, ""sigma"": 0.16855751676484942, ""rho"": -0.7338485650718212, ""r"": 0.06360878579318524, ""label"": ""sobol_220_4""}"
CORE_GRID,1533,sobol_220_10,FAIL,"[""solver_error""]",UNRESOLVED,UNRESOLVED,"[""coverage_core.jsonl#grid_index=1533""]","{""x"": -0.0743918895721436, ""v"": 0.06662855856120586, ""tau"": 0.09274853129191177, ""K"": 1, ""kappa"": 2.5274003678932786, ""theta"": 0.11726239889860154, ""sigma"": 0.16855751676484942, ""rho"": -0.7338485650718212, ""r"": 0.06360878579318524, ""label"": ""sobol_220_10""}"
CORE_GRID,1534,sobol_220_12,FAIL,"[""solver_error""]",UNRESOLVED,UNRESOLVED,"[""coverage_core.jsonl#grid_index=1534""]","{""x"": 0.3439219437539578, ""v"": 0.1202590330503881, ""tau"": 1.0366539390062883, ""K"": 1, ""kappa"": 2.5274003678932786, ""theta"": 0.11726239889860154, ""sigma"": 0.16855751676484942, ""rho"": -0.7338485650718212, ""r"": 0.06360878579318524, ""label"": ""sobol_220_12""}"
CORE_GRID,1535,sobol_220_13,FAIL,"[""solver_error""]",UNRESOLVED,UNRESOLVED,"[""coverage_core.jsonl#grid_index=1535""]","{""x"": -0.3598807007074356, ""v"": 0.1388454525731504, ""tau"": 0.7051942165061418, ""K"": 1, ""kappa"": 2.5274003678932786, ""theta"": 0.11726239889860154, ""sigma"": 0.16855751676484942, ""rho"": -0.7338485650718212, ""r"": 0.06360878579318524, ""label"": ""sobol_220_13""}"
CORE_GRID,1536,sobol_220_14,FAIL,"[""solver_error""]",UNRESOLVED,UNRESOLVED,"[""coverage_core.jsonl#grid_index=1536""]","{""x"": -0.6497151508927345, ""v"": 0.03970071952790022, ""tau"": 1.7687694153615408, ""K"": 1, ""kappa"": 2.5274003678932786, ""theta"": 0.11726239889860154, ""sigma"": 0.16855751676484942, ""rho"": -0.7338485650718212, ""r"": 0.06360878579318524, ""label"": ""sobol_220_14""}"
CORE_GRID,1537,sobol_221_2,FAIL,"[""solver_error""]",UNRESOLVED,UNRESOLVED,"[""coverage_core.jsonl#grid_index=1537""]","{""x"": -0.41515607982873914, ""v"": 0.11611724062822759, ""tau"": 1.6976197564287023, ""K"": 1, ""kappa"": 0.7774526653811336, ""theta"": 0.06574860706925392, ""sigma"": 0.6912844157777726, ""rho"": -0.2611772648990154, ""r"": 0.034023540243506435, ""label"": ""sobol_221_2""}"
CORE_GRID,1538,sobol_221_3,FAIL,"[""solver_error""]",UNRESOLVED,UNRESOLVED,"[""coverage_core.jsonl#grid_index=1538""]","{""x"": 0.4361205495893956, ""v"": 0.1288447321858257, ""tau"": 0.040357062548753764, ""K"": 1, ""kappa"": 0.7774526653811336, ""theta"": 0.06574860706925392, ""sigma"": 0.6912844157777726, ""rho"": -0.2611772648990154, ""r"": 0.034023540243506435, ""label"": ""sobol_221_3""}"
CORE_GRID,1539,sobol_221_4,FAIL,"[""solver_error""]",UNRESOLVED,UNRESOLVED,"[""coverage_core.jsonl#grid_index=1539""]","{""x"": 0.1409452982246875, ""v"": 0.07223549322225153, ""tau"": 0.6757086928312978, ""K"": 1, ""kappa"": 0.7774526653811336, ""theta"": 0.06574860706925392, ""sigma"": 0.6912844157777726, ""rho"": -0.2611772648990154, ""r"": 0.034023540243506435, ""label"": ""sobol_221_4""}"
CORE_GRID,1540,sobol_221_10,FAIL,"[""solver_error""]",UNRESOLVED,UNRESOLVED,"[""coverage_core.jsonl#grid_index=1540""]","{""x"": -0.186225275695324, ""v"": 0.05472454824484885, ""tau"": 0.6142289318876075, ""K"": 1, ""kappa"": 0.7774526653811336, ""theta"": 0.06574860706925392, ""sigma"": 0.6912844157777726, ""rho"": -0.2611772648990154, ""r"": 0.034023540243506435, ""label"": ""sobol_221_10""}"
CORE_GRID,1541,sobol_222_2,FAIL,"[""solver_error""]",UNRESOLVED,UNRESOLVED,"[""coverage_core.jsonl#grid_index=1541""]","{""x"": -0.4923093996942043, ""v"": 0.0908950672019273, ""tau"": 0.8388185925885207, ""K"": 1, ""kappa"": 1.9715713365003467, ""theta"": 0.07198919409886002, ""sigma"": 0.3122240154072642, ""rho"": -0.5853263296186924, ""r"": 0.01349269226193428, ""label"": ""sobol_222_2""}"
CORE_GRID,1542,sobol_222_4,FAIL,"[""solver_error""]",UNRESOLVED,UNRESOLVED,"[""coverage_core.jsonl#grid_index=1542""]","{""x"": 0.22278162986040106, ""v"": 0.09575249697081745, ""tau"": 1.7817598190047734, ""K"": 1, ""kappa"": 1.9715713365003467, ""theta"": 0.07198919409886002, ""sigma"": 0.3122240154072642, ""rho"": -0.5853263296186924, ""r"": 0.01349269226193428, ""label"": ""sobol_222_4""}"
CORE_GRID,1543,sobol_222_5,FAIL,"[""solver_error""]",UNRESOLVED,UNRESOLVED,"[""coverage_core.jsonl#grid_index=1543""]","{""x"": -0.1974272780120372, ""v"": 0.14747760887257755, ""tau"": 0.453250397580661, ""K"": 1, ""kappa"": 1.9715713365003467, ""theta"": 0.07198919409886002, ""sigma"": 0.3122240154072642, ""rho"": -0.5853263296186924, ""r"": 0.01349269226193428, ""label"": ""sobol_222_5""}"
CORE_GRID,1544,sobol_222_10,FAIL,"[""solver_error""]",UNRESOLVED,UNRESOLVED,"[""coverage_core.jsonl#grid_index=1544""]","{""x"": -0.10396305844187737, ""v"": 0.019521220354363322, ""tau"": 1.9717934576957117, ""K"": 1, ""kappa"": 1.9715713365003467, ""theta"": 0.07198919409886002, ""sigma"": 0.3122240154072642, ""rho"": -0.5853263296186924, ""r"": 0.01349269226193428, ""label"": ""sobol_222_10""}"
CORE_GRID,1545,sobol_222_12,FAIL,"[""solver_error""]",UNRESOLVED,UNRESOLVED,"[""coverage_core.jsonl#grid_index=1545""]","{""x"": 0.37818062156438836, ""v"": 0.04383169231005013, ""tau"": 0.9040759506834937, ""K"": 1, ""kappa"": 1.9715713365003467, ""theta"": 0.07198919409886002, ""sigma"": 0.3122240154072642, ""rho"": -0.5853263296186924, ""r"": 0.01349269226193428, ""label"": ""sobol_222_12""}"
CORE_GRID,1546,sobol_222_14,FAIL,"[""solver_error"", ""FD_uncertainty_budget_unresolved""]",UNRESOLVED,UNRESOLVED,"[""coverage_core.jsonl#grid_index=1546""]","{""x"": -0.6909680284559726, ""v"": 0.12439093342982233, ""tau"": 0.17029282567091286, ""K"": 1, ""kappa"": 1.9715713365003467, ""theta"": 0.07198919409886002, ""sigma"": 0.3122240154072642, ""rho"": -0.5853263296186924, ""r"": 0.01349269226193428, ""label"": ""sobol_222_14""}"
CORE_GRID,1547,sobol_223_0,FAIL,"[""solver_error""]",UNRESOLVED,UNRESOLVED,"[""coverage_core.jsonl#grid_index=1547""]","{""x"": 0.6124447926878929, ""v"": 0.111946243327111, ""tau"": 0.5658779268980854, ""K"": 1, ""kappa"": 3.7216274151578546, ""theta"": 0.023502744529396297, ""sigma"": 0.48471594471484425, ""rho"": -0.406379184871912, ""r"": 0.043829889744520185, ""label"": ""sobol_223_0""}"
CORE_GRID,1548,sobol_223_1,FAIL,"[""solver_error"", ""FD_uncertainty_budget_unresolved""]",UNRESOLVED,UNRESOLVED,"[""coverage_core.jsonl#grid_index=1548""]","{""x"": -0.6339723072946072, ""v"": 0.13248692033812404, ""tau"": 1.1699972902683333, ""K"": 1, ""kappa"": 3.7216274151578546, ""theta"": 0.023502744529396297, ""sigma"": 0.48471594471484425, ""rho"": -0.406379184871912, ""r"": 0.043829889744520185, ""label"": ""sobol_223_1""}"
CORE_GRID,1549,sobol_223_2,FAIL,"[""solver_error"", ""FD_uncertainty_budget_unresolved""]",UNRESOLVED,UNRESOLVED,"[""coverage_core.jsonl#grid_index=1549""]","{""x"": -0.3064821995794773, ""v"": 0.032350183464586735, ""tau"": 0.3642420067141453, ""K"": 1, ""kappa"": 3.7216274151578546, ""theta"": 0.023502744529396297, ""sigma"": 0.48471594471484425, ""rho"": -0.406379184871912, ""r"": 0.043829889744520185, ""label"": ""sobol_223_2""}"
CORE_GRID,1550,sobol_223_4,FAIL,"[""solver_error""]",UNRESOLVED,UNRESOLVED,"[""coverage_core.jsonl#grid_index=1550""]","{""x"": 0.03695890903472909, ""v"": 0.0295372293330729, ""tau"": 1.2603917212617244, ""K"": 1, ""kappa"": 3.7216274151578546, ""theta"": 0.023502744529396297, ""sigma"": 0.48471594471484425, ""rho"": -0.406379184871912, ""r"": 0.043829889744520185, ""label"": ""sobol_223_4""}"
CORE_GRID,1551,sobol_223_10,FAIL,"[""solver_error""]",UNRESOLVED,UNRESOLVED,"[""coverage_core.jsonl#grid_index=1551""]","{""x"": -0.2919696159660816, ""v"": 0.10918686212971807, ""tau"": 1.4485997229016252, ""K"": 1, ""kappa"": 3.7216274151578546, ""theta"": 0.023502744529396297, ""sigma"": 0.48471594471484425, ""rho"": -0.406379184871912, ""r"": 0.043829889744520185, ""label"": ""sobol_223_10""}"
CORE_GRID,1552,sobol_223_11,FAIL,"[""solver_error""]",UNRESOLVED,UNRESOLVED,"[""coverage_core.jsonl#grid_index=1552""]","{""x"": 0.2804007411003113, ""v"": 0.15114596160128713, ""tau"": 0.790336215643153, ""K"": 1, ""kappa"": 3.7216274151578546, ""theta"": 0.023502744529396297, ""sigma"": 0.48471594471484425, ""rho"": -0.406379184871912, ""r"": 0.043829889744520185, ""label"": ""sobol_223_11""}"
CORE_GRID,1553,sobol_223_12,FAIL,"[""solver_error""]",UNRESOLVED,UNRESOLVED,"[""coverage_core.jsonl#grid_index=1553""]","{""x"": 0.5661826819181441, ""v"": 0.07892524730414152, ""tau"": 0.4276699206296591, ""K"": 1, ""kappa"": 3.7216274151578546, ""theta"": 0.023502744529396297, ""sigma"": 0.48471594471484425, ""rho"": -0.406379184871912, ""r"": 0.043829889744520185, ""label"": ""sobol_223_12""}"
CORE_GRID,1554,sobol_224_4,FAIL,"[""solver_error""]",UNRESOLVED,UNRESOLVED,"[""coverage_core.jsonl#grid_index=1554""]","{""x"": 0.2768609695136548, ""v"": 0.05924975872039795, ""tau"": 1.3144850228831821, ""K"": 1, ""kappa"": 3.7520145471207798, ""theta"": 0.1152219193801284, ""sigma"": 0.6368652360513806, ""rho"": -0.17068885341286655, ""r"": 0.03527643404901028, ""label"": ""sobol_224_4""}"
CORE_GRID,1555,sobol_224_10,FAIL,"[""solver_error""]",UNRESOLVED,UNRESOLVED,"[""coverage_core.jsonl#grid_index=1555""]","{""x"": -0.012804865837097168, ""v"": 0.07553994096815586, ""tau"": 1.3798946623971302, ""K"": 1, ""kappa"": 3.7520145471207798, ""theta"": 0.1152219193801284, ""sigma"": 0.6368652360513806, ""rho"": -0.17068885341286655, ""r"": 0.03527643404901028, ""label"": ""sobol_224_10""}"
CORE_GRID,1556,sobol_224_12,FAIL,"[""solver_error""]",UNRESOLVED,UNRESOLVED,"[""coverage_core.jsonl#grid_index=1556""]","{""x"": 0.31983263120055194, ""v"": 0.1115922681055963, ""tau"": 0.49832434985890156, ""K"": 1, ""kappa"": 3.7520145471207798, ""theta"": 0.1152219193801284, ""sigma"": 0.6368652360513806, ""rho"": -0.17068885341286655, ""r"": 0.03527643404901028, ""label"": ""sobol_224_12""}"
CORE_GRID,1557,sobol_224_13,FAIL,"[""solver_error""]",UNRESOLVED,UNRESOLVED,"[""coverage_core.jsonl#grid_index=1557""]","{""x"": -0.30768713057041164, ""v"": 0.132131842430681, ""tau"": 1.7737164738780213, ""K"": 1, ""kappa"": 3.7520145471207798, ""theta"": 0.1152219193801284, ""sigma"": 0.6368652360513806, ""rho"": -0.17068885341286655, ""r"": 0.03527643404901028, ""label"": ""sobol_224_13""}"
CORE_GRID,1558,sobol_224_14,FAIL,"[""solver_error""]",UNRESOLVED,UNRESOLVED,"[""coverage_core.jsonl#grid_index=1558""]","{""x"": -0.6374729052186012, ""v"": 0.03298710938543081, ""tau"": 0.6999393308365215, ""K"": 1, ""kappa"": 3.7520145471207798, ""theta"": 0.1152219193801284, ""sigma"": 0.6368652360513806, ""rho"": -0.17068885341286655, ""r"": 0.03527643404901028, ""label"": ""sobol_224_14""}"
CORE_GRID,1559,sobol_225_2,FAIL,"[""solver_error""]",UNRESOLVED,UNRESOLVED,"[""coverage_core.jsonl#grid_index=1559""]","{""x"": -0.4029161229729652, ""v"": 0.12453987239859998, ""tau"": 0.7691389072080335, ""K"": 1, ""kappa"": 2.002065723296255, ""theta"": 0.06927453678101302, ""sigma"": 0.11497410070151091, ""rho"": -0.8495322860777378, ""r"": 0.06736107282340527, ""label"": ""sobol_225_2""}"
CORE_GRID,1560,sobol_225_3,FAIL,"[""solver_error""]",UNRESOLVED,UNRESOLVED,"[""coverage_core.jsonl#grid_index=1560""]","{""x"": 0.3769848503172397, ""v"": 0.1353142091538757, ""tau"": 1.4990371086242948, ""K"": 1, ""kappa"": 2.002065723296255, ""theta"": 0.06927453678101302, ""sigma"": 0.11497410070151091, ""rho"": -0.8495322860777378, ""r"": 0.06736107282340527, ""label"": ""sobol_225_3""}"
CORE_GRID,1561,sobol_225_4,FAIL,"[""solver_error""]",UNRESOLVED,UNRESOLVED,"[""coverage_core.jsonl#grid_index=1561""]","{""x"": 0.09120305255055428, ""v"": 0.06307996273972094, ""tau"": 1.8533888731100079, ""K"": 1, ""kappa"": 2.002065723296255, ""theta"": 0.06927453678101302, ""sigma"": 0.11497410070151091, ""rho"": -0.8495322860777378, ""r"": 0.06736107282340527, ""label"": ""sobol_225_4""}"
CORE_GRID,1562,sobol_225_10,PASS,[],NOT_APPLICABLE_STRICT_PASS,NUMERICALLY_RESOLVED,"[""coverage_core.jsonl#grid_index=1562""]","{""x"": -0.20097620934247973, ""v"": 0.04825459443964064, ""tau"": 1.9167254122254986, ""K"": 1, ""kappa"": 2.002065723296255, ""theta"": 0.06927453678101302, ""sigma"": 0.11497410070151091, ""rho"": -0.8495322860777378, ""r"": 0.06736107282340527, ""label"": ""sobol_225_10""}"
CORE_GRID,1563,sobol_225_12,FAIL,"[""solver_error""]",UNRESOLVED,UNRESOLVED,"[""coverage_core.jsonl#grid_index=1563""]","{""x"": 0.5079994954168796, ""v"": 0.014125093584880233, ""tau"": 0.9571946274289596, ""K"": 1, ""kappa"": 2.002065723296255, ""theta"": 0.06927453678101302, ""sigma"": 0.11497410070151091, ""rho"": -0.8495322860777378, ""r"": 0.06736107282340527, ""label"": ""sobol_225_12""}"
CORE_GRID,1564,sobol_226_2,FAIL,"[""solver_error""]",UNRESOLVED,UNRESOLVED,"[""coverage_core.jsonl#grid_index=1564""]","{""x"": -0.4705662690103054, ""v"": 0.0824719958472997, ""tau"": 1.6259821660277094, ""K"": 1, ""kappa"": 0.7488802797161043, ""theta"": 0.07554029187187553, ""sigma"": 0.49607128417119384, ""rho"": -0.32197140380740163, ""r"": 0.04508188232779503, ""label"": ""sobol_226_2""}"
CORE_GRID,1565,sobol_226_3,FAIL,"[""solver_error""]",UNRESOLVED,UNRESOLVED,"[""coverage_core.jsonl#grid_index=1565""]","{""x"": 0.45929723829031, ""v"": 0.1576963432598859, ""tau"": 0.11004876417832242, ""K"": 1, ""kappa"": 0.7488802797161043, ""theta"": 0.07554029187187553, ""sigma"": 0.49607128417119384, ""rho"": -0.32197140380740163, ""r"": 0.04508188232779503, ""label"": ""sobol_226_3""}"
CORE_GRID,1566,sobol_226_4,FAIL,"[""solver_error""]",UNRESOLVED,UNRESOLVED,"[""coverage_core.jsonl#grid_index=1566""]","{""x"": 0.1635362103581428, ""v"": 0.10490751336328685, ""tau"": 0.7453969145075433, ""K"": 1, ""kappa"": 0.7488802797161043, ""theta"": 0.07554029187187553, ""sigma"": 0.49607128417119384, ""rho"": -0.32197140380740163, ""r"": 0.04508188232779503, ""label"": ""sobol_226_4""}"
CORE_GRID,1567,sobol_226_5,PASS,[],NOT_APPLICABLE_STRICT_PASS,NUMERICALLY_RESOLVED,"[""coverage_core.jsonl#grid_index=1567""]","{""x"": -0.1850773148238658, ""v"": 0.15467953006736934, ""tau"": 1.0217900972865108, ""K"": 1, ""kappa"": 0.7488802797161043, ""theta"": 0.07554029187187553, ""sigma"": 0.49607128417119384, ""rho"": -0.32197140380740163, ""r"": 0.04508188232779503, ""label"": ""sobol_226_5""}"
CORE_GRID,1568,sobol_226_10,FAIL,"[""solver_error""]",UNRESOLVED,UNRESOLVED,"[""coverage_core.jsonl#grid_index=1568""]","{""x"": -0.12788757607340817, ""v"": 0.025990719674155116, ""tau"": 0.5611169473600707, ""K"": 1, ""kappa"": 0.7488802797161043, ""theta"": 0.07554029187187553, ""sigma"": 0.49607128417119384, ""rho"": -0.32197140380740163, ""r"": 0.04508188232779503, ""label"": ""sobol_226_10""}"
CORE_GRID,1569,sobol_226_12,FAIL,"[""solver_error""]",UNRESOLVED,UNRESOLVED,"[""coverage_core.jsonl#grid_index=1569""]","{""x"": 0.43960285037755975, ""v"": 0.03662929427810013, ""tau"": 1.5664232166277037, ""K"": 1, ""kappa"": 0.7488802797161043, ""theta"": 0.07554029187187553, ""sigma"": 0.49607128417119384, ""rho"": -0.32197140380740163, ""r"": 0.04508188232779503, ""label"": ""sobol_226_12""}"
CORE_GRID,1570,sobol_227_0,FAIL,"[""solver_error""]",UNRESOLVED,UNRESOLVED,"[""coverage_core.jsonl#grid_index=1570""]","{""x"": 0.6738693103194235, ""v"": 0.12085760338231921, ""tau"": 1.8987705168380802, ""K"": 1, ""kappa"": 2.4989343504421413, ""theta"": 0.021487439032644034, ""sigma"": 0.3241160775534808, ""rho"": -0.694538801163435, ""r"": 0.017245289236307144, ""label"": ""sobol_227_0""}"
CORE_GRID,1571,sobol_227_1,FAIL,"[""solver_error"", ""FD_uncertainty_budget_unresolved""]",UNRESOLVED,UNRESOLVED,"[""coverage_core.jsonl#grid_index=1571""]","{""x"": -0.648537703603506, ""v"": 0.13944518519565463, ""tau"": 0.36730403102756964, ""K"": 1, ""kappa"": 2.4989343504421413, ""theta"": 0.021487439032644034, ""sigma"": 0.3241160775534808, ""rho"": -0.694538801163435, ""r"": 0.017245289236307144, ""label"": ""sobol_227_1""}"
CORE_GRID,1572,sobol_227_2,FAIL,"[""solver_error""]",UNRESOLVED,UNRESOLVED,"[""coverage_core.jsonl#grid_index=1572""]","{""x"": -0.35638924017548557, ""v"": 0.03930844832211733, ""tau"": 1.1667559293860066, ""K"": 1, ""kappa"": 2.4989343504421413, ""theta"": 0.021487439032644034, ""sigma"": 0.3241160775534808, ""rho"": -0.694538801163435, ""r"": 0.017245289236307144, ""label"": ""sobol_227_2""}"
CORE_GRID,1573,sobol_227_4,FAIL,"[""solver_error""]",UNRESOLVED,UNRESOLVED,"[""coverage_core.jsonl#grid_index=1573""]","{""x"": 0.049363660812377974, ""v"": 0.02282358193770051, ""tau"": 0.20819116996542092, ""K"": 1, ""kappa"": 2.4989343504421413, ""theta"": 0.021487439032644034, ""sigma"": 0.3241160775534808, ""rho"": -0.694538801163435, ""r"": 0.017245289236307144, ""label"": ""sobol_227_4""}"
CORE_GRID,1574,sobol_227_10,FAIL,"[""solver_error"", ""FD_uncertainty_budget_unresolved""]",UNRESOLVED,UNRESOLVED,"[""coverage_core.jsonl#grid_index=1574""]","{""x"": -0.23988576605916023, ""v"": 0.10027597891166806, ""tau"": 0.02208556576691095, ""K"": 1, ""kappa"": 2.4989343504421413, ""theta"": 0.021487439032644034, ""sigma"": 0.3241160775534808, ""rho"": -0.694538801163435, ""r"": 0.017245289236307144, ""label"": ""sobol_227_10""}"
CORE_GRID,1575,sobol_227_11,FAIL,"[""solver_error""]",UNRESOLVED,UNRESOLVED,"[""coverage_core.jsonl#grid_index=1575""]","{""x"": 0.256421434879303, ""v"": 0.14418817358091474, ""tau"": 1.7490336966168667, ""K"": 1, ""kappa"": 2.4989343504421413, ""theta"": 0.021487439032644034, ""sigma"": 0.3241160775534808, ""rho"": -0.694538801163435, ""r"": 0.017245289236307144, ""label"": ""sobol_227_11""}"
CORE_GRID,1576,sobol_227_12,FAIL,"[""solver_error""]",UNRESOLVED,UNRESOLVED,"[""coverage_core.jsonl#grid_index=1576""]","{""x"": 0.5515965431928636, ""v"": 0.08759246673434973, ""tau"": 1.1053675358065418, ""K"": 1, ""kappa"": 2.4989343504421413, ""theta"": 0.021487439032644034, ""sigma"": 0.3241160775534808, ""rho"": -0.694538801163435, ""r"": 0.017245289236307144, ""label"": ""sobol_227_12""}"
CORE_GRID,1577,sobol_228_2,FAIL,"[""solver_error""]",UNRESOLVED,UNRESOLVED,"[""coverage_core.jsonl#grid_index=1577""]","{""x"": -0.560413607954979, ""v"": 0.10253393067978323, ""tau"": 1.0633593852269567, ""K"": 1, ""kappa"": 2.989390244241804, ""theta"": 0.08795879015699029, ""sigma"": 0.23501068027690053, ""rho"": -0.5079140968620777, ""r"": 0.005433735698461533, ""label"": ""sobol_228_2""}"
CORE_GRID,1578,sobol_228_3,FAIL,"[""solver_error""]",UNRESOLVED,UNRESOLVED,"[""coverage_core.jsonl#grid_index=1578""]","{""x"": 0.5347961090505122, ""v"": 0.1542588488664478, ""tau"": 0.7077084511799353, ""K"": 1, ""kappa"": 2.989390244241804, ""theta"": 0.08795879015699029, ""sigma"": 0.23501068027690053, ""rho"": -0.5079140968620777, ""r"": 0.005433735698461533, ""label"": ""sobol_228_3""}"
CORE_GRID,1579,sobol_228_4,FAIL,"[""solver_error""]",UNRESOLVED,UNRESOLVED,"[""coverage_core.jsonl#grid_index=1579""]","{""x"": 0.2299529068171977, ""v"": 0.08582231984473765, ""tau"": 0.07266725057972566, ""K"": 1, ""kappa"": 2.989390244241804, ""theta"": 0.08795879015699029, ""sigma"": 0.23501068027690053, ""rho"": -0.5079140968620777, ""r"": 0.005433735698461533, ""label"": ""sobol_228_4""}"
CORE_GRID,1580,sobol_228_5,PASS,[],NOT_APPLICABLE_STRICT_PASS,NUMERICALLY_RESOLVED,"[""coverage_core.jsonl#grid_index=1580""]","{""x"": -0.24650682806968693, ""v"": 0.15909340814687312, ""tau"": 1.6672492631496714, ""K"": 1, ""kappa"": 2.989390244241804, ""theta"": 0.08795879015699029, ""sigma"": 0.23501068027690053, ""rho"": -0.5079140968620777, ""r"": 0.005433735698461533, ""label"": ""sobol_228_5""}"
CORE_GRID,1581,sobol_228_10,FAIL,"[""solver_error""]",UNRESOLVED,UNRESOLVED,"[""coverage_core.jsonl#grid_index=1581""]","{""x"": -0.04052830338478097, ""v"": 0.03717186697758734, ""tau"": 0.13395936545058496, ""K"": 1, ""kappa"": 2.989390244241804, ""theta"": 0.08795879015699029, ""sigma"": 0.23501068027690053, ""rho"": -0.5079140968620777, ""r"": 0.005433735698461533, ""label"": ""sobol_228_10""}"
CORE_GRID,1582,sobol_228_12,FAIL,"[""solver_error""]",UNRESOLVED,UNRESOLVED,"[""coverage_core.jsonl#grid_index=1582""]","{""x"": 0.3663037799298763, ""v"": 0.02447140566073358, ""tau"": 1.2494392020790468, ""K"": 1, ""kappa"": 2.989390244241804, ""theta"": 0.08795879015699029, ""sigma"": 0.23501068027690053, ""rho"": -0.5079140968620777, ""r"": 0.005433735698461533, ""label"": ""sobol_228_12""}"
CORE_GRID,1583,sobol_228_14,FAIL,"[""solver_error""]",UNRESOLVED,UNRESOLVED,"[""coverage_core.jsonl#grid_index=1583""]","{""x"": -0.6650521829724312, ""v"": 0.0728050631005317, ""tau"": 1.950083170307889, ""K"": 1, ""kappa"": 2.989390244241804, ""theta"": 0.08795879015699029, ""sigma"": 0.23501068027690053, ""rho"": -0.5079140968620777, ""r"": 0.005433735698461533, ""label"": ""sobol_228_14""}"
CORE_GRID,1584,sobol_229_2,FAIL,"[""B_N"", ""solver_error"", ""FD_uncertainty_budget_unresolved""]",FD_RESOLVED,NUMERICALLY_RESOLVED,"[""coverage_core.jsonl#grid_index=1584"", ""mp_cases\\0d22a41ca723\\deecbefd05f87dfd8870.json""]","{""x"": -0.44960903674364083, ""v"": 0.020314562600106, ""tau"": 1.5241712908563574, ""K"": 1, ""kappa"": 1.2394492174498737, ""theta"": 0.03253865594044328, ""sigma"": 0.7570953802205621, ""rho"": -0.48690382316708564, ""r"": 0.05689340725541115, ""label"": ""sobol_229_2""}"
CORE_GRID,1585,sobol_229_4,FAIL,"[""solver_error""]",UNRESOLVED,UNRESOLVED,"[""coverage_core.jsonl#grid_index=1585""]","{""x"": 0.11914367750287047, ""v"": 0.042794208973646164, ""tau"": 0.6114548569811242, ""K"": 1, ""kappa"": 1.2394492174498737, ""theta"": 0.03253865594044328, ""sigma"": 0.7570953802205621, ""rho"": -0.48690382316708564, ""r"": 0.05689340725541115, ""label"": ""sobol_229_4""}"
CORE_GRID,1586,sobol_229_10,PASS,[],NOT_APPLICABLE_STRICT_PASS,NUMERICALLY_RESOLVED,"[""coverage_core.jsonl#grid_index=1586""]","{""x"": -0.15354833453893657, ""v"": 0.08802630566060543, ""tau"": 0.6709215727464725, ""K"": 1, ""kappa"": 1.2394492174498737, ""theta"": 0.03253865594044328, ""sigma"": 0.7570953802205621, ""rho"": -0.48690382316708564, ""r"": 0.05689340725541115, ""label"": ""sobol_229_10""}"
CORE_GRID,1587,sobol_229_12,FAIL,"[""solver_error""]",UNRESOLVED,UNRESOLVED,"[""coverage_core.jsonl#grid_index=1587""]","{""x"": 0.4793284870684147, ""v"": 0.09886539867147803, ""tau"": 1.7084219014745146, ""K"": 1, ""kappa"": 1.2394492174498737, ""theta"": 0.03253865594044328, ""sigma"": 0.7570953802205621, ""rho"": -0.48690382316708564, ""r"": 0.05689340725541115, ""label"": ""sobol_229_12""}"
CORE_GRID,1588,sobol_229_13,FAIL,"[""solver_error"", ""FD_uncertainty_budget_unresolved""]",UNRESOLVED,UNRESOLVED,"[""coverage_core.jsonl#grid_index=1588""]","{""x"": -0.4680410698056221, ""v"": 0.14082466205582023, ""tau"": 0.058782272140628526, ""K"": 1, ""kappa"": 1.2394492174498737, ""theta"": 0.03253865594044328, ""sigma"": 0.7570953802205621, ""rho"": -0.48690382316708564, ""r"": 0.05689340725541115, ""label"": ""sobol_229_13""}"
CORE_GRID,1589,sobol_230_2,FAIL,"[""solver_error""]",UNRESOLVED,UNRESOLVED,"[""coverage_core.jsonl#grid_index=1589""]","{""x"": -0.5179140351712703, ""v"": 0.06174372974783182, ""tau"": 0.88393756304498, ""K"": 1, ""kappa"": 1.5115307639352977, ""theta"": 0.1012793292105198, ""sigma"": 0.37873125486075876, ""rho"": -0.7595872722566128, ""r"": 0.07554958067834378, ""label"": ""sobol_230_2""}"
CORE_GRID,1590,sobol_230_10,FAIL,"[""solver_error""]",UNRESOLVED,UNRESOLVED,"[""coverage_core.jsonl#grid_index=1590""]","{""x"": -0.08127019330859175, ""v"": 0.11117353709414601, ""tau"": 1.8104059749637686, ""K"": 1, ""kappa"": 1.5115307639352977, ""theta"": 0.1012793292105198, ""sigma"": 0.37873125486075876, ""rho"": -0.7595872722566128, ""r"": 0.07554958067834378, ""label"": ""sobol_230_10""}"
CORE_GRID,1591,sobol_230_11,FAIL,"[""solver_error""]",UNRESOLVED,UNRESOLVED,"[""coverage_core.jsonl#grid_index=1591""]","{""x"": 0.0975332871079444, ""v"": 0.12976012052968144, ""tau"": 0.4577224815064775, ""K"": 1, ""kappa"": 1.5115307639352977, ""theta"": 0.1012793292105198, ""sigma"": 0.37873125486075876, ""rho"": -0.7595872722566128, ""r"": 0.07554958067834378, ""label"": ""sobol_230_11""}"
CORE_GRID,1592,sobol_230_12,FAIL,"[""solver_error""]",UNRESOLVED,UNRESOLVED,"[""coverage_core.jsonl#grid_index=1592""]","{""x"": 0.4117331787943841, ""v"": 0.07693505566567183, ""tau"": 0.8206951016419759, ""K"": 1, ""kappa"": 1.5115307639352977, ""theta"": 0.1012793292105198, ""sigma"": 0.37873125486075876, ""rho"": -0.7595872722566128, ""r"": 0.07554958067834378, ""label"": ""sobol_230_12""}"
CORE_GRID,1593,sobol_230_14,FAIL,"[""solver_error"", ""FD_uncertainty_budget_unresolved""]",UNRESOLVED,UNRESOLVED,"[""coverage_core.jsonl#grid_index=1593""]","{""x"": -0.6941112376749515, ""v"": 0.028604285325855017, ""tau"": 0.11782026769489878, ""K"": 1, ""kappa"": 1.5115307639352977, ""theta"": 0.1012793292105198, ""sigma"": 0.37873125486075876, ""rho"": -0.7595872722566128, ""r"": 0.07554958067834378, ""label"": ""sobol_230_14""}"
CORE_GRID,1594,sobol_231_0,FAIL,"[""solver_error""]",UNRESOLVED,UNRESOLVED,"[""coverage_core.jsonl#grid_index=1594""]","{""x"": 0.6274667903780937, ""v"": 0.016144485911354423, ""tau"": 0.6579311765390374, ""K"": 1, ""kappa"": 3.261580166872591, ""theta"": 0.056699037253856666, ""sigma"": 0.5504955254495144, ""rho"": -0.23230096325278282, ""r"": 0.027087954804301262, ""label"": ""sobol_231_0""}"
CORE_GRID,1595,sobol_231_2,FAIL,"[""solver_error""]",UNRESOLVED,UNRESOLVED,"[""coverage_core.jsonl#grid_index=1595""]","{""x"": -0.3285948492586612, ""v"": 0.06546901469118893, ""tau"": 0.4248235102831608, ""K"": 1, ""kappa"": 3.261580166872591, ""theta"": 0.056699037253856666, ""sigma"": 0.5504955254495144, ""rho"": -0.23230096325278282, ""r"": 0.027087954804301262, ""label"": ""sobol_231_2""}"
CORE_GRID,1596,sobol_231_4,FAIL,"[""solver_error""]",UNRESOLVED,UNRESOLVED,"[""coverage_core.jsonl#grid_index=1596""]","{""x"": 0.0028169810771943027, ""v"": 0.12117443676106632, ""tau"": 1.461359657713079, ""K"": 1, ""kappa"": 3.261580166872591, ""theta"": 0.056699037253856666, ""sigma"": 0.5504955254495144, ""rho"": -0.23230096325278282, ""r"": 0.027087954804301262, ""label"": ""sobol_231_4""}"
CORE_GRID,1597,sobol_231_5,FAIL,"[""solver_error""]",UNRESOLVED,UNRESOLVED,"[""coverage_core.jsonl#grid_index=1597""]","{""x"": -0.023458803445100873, ""v"": 0.1339017346035689, ""tau"": 0.8107020754869732, ""K"": 1, ""kappa"": 3.261580166872591, ""theta"": 0.056699037253856666, ""sigma"": 0.5504955254495144, ""rho"": -0.23230096325278282, ""r"": 0.027087954804301262, ""label"": ""sobol_231_5""}"
CORE_GRID,1598,sobol_231_10,FAIL,"[""solver_error""]",UNRESOLVED,UNRESOLVED,"[""coverage_core.jsonl#grid_index=1598""]","{""x"": -0.2681170709431171, ""v"": 0.013567111222073436, ""tau"": 1.271258587490708, ""K"": 1, ""kappa"": 3.261580166872591, ""theta"": 0.056699037253856666, ""sigma"": 0.5504955254495144, ""rho"": -0.23230096325278282, ""r"": 0.027087954804301262, ""label"": ""sobol_231_10""}"
CORE_GRID,1599,sobol_231_12,FAIL,"[""solver_error""]",UNRESOLVED,UNRESOLVED,"[""coverage_core.jsonl#grid_index=1599""]","{""x"": 0.5985847145318985, ""v"": 0.04978896048851311, ""tau"": 0.3595119935556477, ""K"": 1, ""kappa"": 3.261580166872591, ""theta"": 0.056699037253856666, ""sigma"": 0.5504955254495144, ""rho"": -0.23230096325278282, ""r"": 0.027087954804301262, ""label"": ""sobol_231_12""}"
CORE_GRID,1600,sobol_232_2,FAIL,"[""solver_error""]",UNRESOLVED,UNRESOLVED,"[""coverage_core.jsonl#grid_index=1600""]","{""x"": -0.5636757798492908, ""v"": 0.07051515951752663, ""tau"": 0.6018454176041165, ""K"": 1, ""kappa"": 3.412189975846559, ""theta"": 0.07788961527869105, ""sigma"": 0.4221776034682989, ""rho"": -0.42341187670826913, ""r"": 0.061770314425230025, ""label"": ""sobol_232_2""}"
CORE_GRID,1601,sobol_232_4,FAIL,"[""solver_error""]",UNRESOLVED,UNRESOLVED,"[""coverage_core.jsonl#grid_index=1601""]","{""x"": 0.2941456407308578, ""v"": 0.11637225328013301, ""tau"": 1.530186808438942, ""K"": 1, ""kappa"": 3.412189975846559, ""theta"": 0.07788961527869105, ""sigma"": 0.4221776034682989, ""rho"": -0.42341187670826913, ""r"": 0.061770314425230025, ""label"": ""sobol_232_4""}"
CORE_GRID,1602,sobol_232_5,FAIL,"[""solver_error""]",UNRESOLVED,UNRESOLVED,"[""coverage_core.jsonl#grid_index=1602""]","{""x"": -0.27818696871399884, ""v"": 0.12708625523373485, ""tau"": 0.238964644441795, ""K"": 1, ""kappa"": 3.412189975846559, ""theta"": 0.07788961527869105, ""sigma"": 0.4221776034682989, ""rho"": -0.42341187670826913, ""r"": 0.061770314425230025, ""label"": ""sobol_232_5""}"
CORE_GRID,1603,sobol_232_12,FAIL,"[""solver_error""]",UNRESOLVED,UNRESOLVED,"[""coverage_core.jsonl#grid_index=1603""]","{""x"": 0.30899351835250854, ""v"": 0.056413887068629265, ""tau"": 0.6651806777624029, ""K"": 1, ""kappa"": 3.412189975846559, ""theta"": 0.07788961527869105, ""sigma"": 0.4221776034682989, ""rho"": -0.42341187670826913, ""r"": 0.061770314425230025, ""label"": ""sobol_232_12""}"
CORE_GRID,1604,sobol_232_14,FAIL,"[""solver_error"", ""FD_uncertainty_budget_unresolved""]",UNRESOLVED,UNRESOLVED,"[""coverage_core.jsonl#grid_index=1604""]","{""x"": -0.6102275781333446, ""v"": 0.10378621192649007, ""tau"": 0.4008849857315894, ""K"": 1, ""kappa"": 3.412189975846559, ""theta"": 0.07788961527869105, ""sigma"": 0.4221776034682989, ""rho"": -0.42341187670826913, ""r"": 0.061770314425230025, ""label"": ""sobol_232_14""}"
CORE_GRID,1605,sobol_232_15,FAIL,"[""solver_error""]",UNRESOLVED,UNRESOLVED,"[""coverage_core.jsonl#grid_index=1605""]","{""x"": 0.6361540630459785, ""v"": 0.15557195665314794, ""tau"": 1.8710187516389563, ""K"": 1, ""kappa"": 3.412189975846559, ""theta"": 0.07788961527869105, ""sigma"": 0.4221776034682989, ""rho"": -0.42341187670826913, ""r"": 0.061770314425230025, ""label"": ""sobol_232_15""}"
CORE_GRID,1606,sobol_233_0,FAIL,"[""solver_error""]",UNRESOLVED,UNRESOLVED,"[""coverage_core.jsonl#grid_index=1606""]","{""x"": 0.6931863784790038, ""v"": 0.10109212691895664, ""tau"": 0.8747251692398023, ""K"": 1, ""kappa"": 1.6621425547637045, ""theta"": 0.030087047051638366, ""sigma"": 0.5948791660368442, ""rho"": -0.5944655068218708, ""r"": 0.03086727812886238, ""label"": ""sobol_233_0""}"
CORE_GRID,1607,sobol_233_2,FAIL,"[""solver_error"", ""FD_uncertainty_budget_unresolved""]",UNRESOLVED,UNRESOLVED,"[""coverage_core.jsonl#grid_index=1607""]","{""x"": -0.37567043825984003, ""v"": 0.05080725089646876, ""tau"": 0.0782863174542962, ""K"": 1, ""kappa"": 1.6621425547637045, ""theta"": 0.030087047051638366, ""sigma"": 0.5948791660368442, ""rho"": -0.5944655068218708, ""r"": 0.03086727812886238, ""label"": ""sobol_233_2""}"
CORE_GRID,1608,sobol_233_4,FAIL,"[""solver_error""]",UNRESOLVED,UNRESOLVED,"[""coverage_core.jsonl#grid_index=1608""]","{""x"": 0.10614493936300273, ""v"": 0.010840313276275992, ""tau"": 1.0534154130293736, ""K"": 1, ""kappa"": 1.6621425547637045, ""theta"": 0.030087047051638366, ""sigma"": 0.5948791660368442, ""rho"": -0.5944655068218708, ""r"": 0.03086727812886238, ""label"": ""sobol_233_4""}"
CORE_GRID,1609,sobol_233_10,FAIL,"[""solver_error""]",UNRESOLVED,UNRESOLVED,"[""coverage_core.jsonl#grid_index=1609""]","{""x"": -0.2206044517457485, ""v"": 0.12002597353421152, ""tau"": 1.2435455126059611, ""K"": 1, ""kappa"": 1.6621425547637045, ""theta"": 0.030087047051638366, ""sigma"": 0.5948791660368442, ""rho"": -0.5944655068218708, ""r"": 0.03086727812886238, ""label"": ""sobol_233_10""}"
CORE_GRID,1610,sobol_233_11,FAIL,"[""solver_error""]",UNRESOLVED,UNRESOLVED,"[""coverage_core.jsonl#grid_index=1610""]","{""x"": 0.19963991492986688, ""v"": 0.14050568989478052, ""tau"": 0.5294773511677271, ""K"": 1, ""kappa"": 1.6621425547637045, ""theta"": 0.030087047051638366, ""sigma"": 0.5948791660368442, ""rho"": -0.5944655068218708, ""r"": 0.03086727812886238, ""label"": ""sobol_233_11""}"
CORE_GRID,1611,sobol_233_12,FAIL,"[""solver_error""]",UNRESOLVED,UNRESOLVED,"[""coverage_core.jsonl#grid_index=1611""]","{""x"": 0.4948151662945748, ""v"": 0.06832693913020194, ""tau"": 0.14369063293709167, ""K"": 1, ""kappa"": 1.6621425547637045, ""theta"": 0.030087047051638366, ""sigma"": 0.5948791660368442, ""rho"": -0.5944655068218708, ""r"": 0.03086727812886238, ""label"": ""sobol_233_12""}"
CORE_GRID,1612,sobol_234_2,FAIL,"[""solver_error""]",UNRESOLVED,UNRESOLVED,"[""coverage_core.jsonl#grid_index=1612""]","{""x"": -0.45796934813261025, ""v"": 0.031197433127090335, ""tau"": 1.4672833283224866, ""K"": 1, ""kappa"": 1.086674662772566, ""theta"": 0.11134640935808421, ""sigma"": 0.1912247252650559, ""rho"": -0.27154348716139787, ""r"": 0.011576358303427696, ""label"": ""sobol_234_2""}"
CORE_GRID,1613,sobol_234_4,FAIL,"[""solver_error""]",UNRESOLVED,UNRESOLVED,"[""coverage_core.jsonl#grid_index=1613""]","{""x"": 0.183751717954874, ""v"": 0.03215530072338879, ""tau"": 0.415184089769831, ""K"": 1, ""kappa"": 1.086674662772566, ""theta"": 0.11134640935808421, ""sigma"": 0.1912247252650559, ""rho"": -0.27154348716139787, ""r"": 0.011576358303427696, ""label"": ""sobol_234_4""}"
CORE_GRID,1614,sobol_234_10,PASS,[],NOT_APPLICABLE_STRICT_PASS,NUMERICALLY_RESOLVED,"[""coverage_core.jsonl#grid_index=1614""]","{""x"": -0.14341443926095954, ""v"": 0.07921216008253396, ""tau"": 0.3538010797079002, ""K"": 1, ""kappa"": 1.086674662772566, ""theta"": 0.11134640935808421, ""sigma"": 0.1912247252650559, ""rho"": -0.27154348716139787, ""r"": 0.011576358303427696, ""label"": ""sobol_234_10""}"
CORE_GRID,1615,sobol_234_12,FAIL,"[""solver_error""]",UNRESOLVED,UNRESOLVED,"[""coverage_core.jsonl#grid_index=1615""]","{""x"": 0.412942285090685, ""v"": 0.10743558290414512, ""tau"": 1.2811725785519692, ""K"": 1, ""kappa"": 1.086674662772566, ""theta"": 0.11134640935808421, ""sigma"": 0.1912247252650559, ""rho"": -0.27154348716139787, ""r"": 0.011576358303427696, ""label"": ""sobol_234_12""}"
CORE_GRID,1616,sobol_234_13,FAIL,"[""solver_error""]",UNRESOLVED,UNRESOLVED,"[""coverage_core.jsonl#grid_index=1616""]","{""x"": -0.43829656094312663, ""v"": 0.1514099899213761, ""tau"": 0.9889341272812869, ""K"": 1, ""kappa"": 1.086674662772566, ""theta"": 0.11134640935808421, ""sigma"": 0.1912247252650559, ""rho"": -0.27154348716139787, ""r"": 0.011576358303427696, ""label"": ""sobol_234_13""}"
CORE_GRID,1617,sobol_235_0,FAIL,"[""solver_error""]",UNRESOLVED,UNRESOLVED,"[""coverage_core.jsonl#grid_index=1617""]","{""x"": 0.6472083874046801, ""v"": 0.04713311418890953, ""tau"": 1.1944340337141757, ""K"": 1, ""kappa"": 2.836616836953908, ""theta"": 0.059149308390915395, ""sigma"": 0.7137340218760072, ""rho"": -0.7488729618489742, ""r"": 0.040750880166888236, ""label"": ""sobol_235_0""}"
CORE_GRID,1618,sobol_235_2,FAIL,"[""solver_error""]",UNRESOLVED,UNRESOLVED,"[""coverage_core.jsonl#grid_index=1618""]","{""x"": -0.34613460302352905, ""v"": 0.09741891780868173, ""tau"": 1.9886420197814467, ""K"": 1, ""kappa"": 2.836616836953908, ""theta"": 0.059149308390915395, ""sigma"": 0.7137340218760072, ""rho"": -0.7488729618489742, ""r"": 0.040750880166888236, ""label"": ""sobol_235_2""}"
CORE_GRID,1619,sobol_235_3,FAIL,"[""solver_error""]",UNRESOLVED,UNRESOLVED,"[""coverage_core.jsonl#grid_index=1619""]","{""x"": 0.3577035360038281, ""v"": 0.14725267002359033, ""tau"": 0.27753915742320556, ""K"": 1, ""kappa"": 2.836616836953908, ""theta"": 0.059149308390915395, ""sigma"": 0.7137340218760072, ""rho"": -0.7488729618489742, ""r"": 0.040750880166888236, ""label"": ""sobol_235_3""}"
CORE_GRID,1620,sobol_235_4,FAIL,"[""solver_error""]",UNRESOLVED,UNRESOLVED,"[""coverage_core.jsonl#grid_index=1620""]","{""x"": 0.07192159518599506, ""v"": 0.09069301281124353, ""tau"": 0.8897703050022264, ""K"": 1, ""kappa"": 2.836616836953908, ""theta"": 0.059149308390915395, ""sigma"": 0.7137340218760072, ""rho"": -0.7488729618489742, ""r"": 0.040750880166888236, ""label"": ""sobol_235_4""}"
CORE_GRID,1621,sobol_235_10,FAIL,"[""solver_error""]",UNRESOLVED,UNRESOLVED,"[""coverage_core.jsonl#grid_index=1621""]","{""x"": -0.2577573448419571, ""v"": 0.04412482213228941, ""tau"": 0.8302126940458067, ""K"": 1, ""kappa"": 2.836616836953908, ""theta"": 0.059149308390915395, ""sigma"": 0.7137340218760072, ""rho"": -0.7488729618489742, ""r"": 0.040750880166888236, ""label"": ""sobol_235_10""}"
CORE_GRID,1622,sobol_235_12,FAIL,"[""solver_error""]",UNRESOLVED,UNRESOLVED,"[""coverage_core.jsonl#grid_index=1622""]","{""x"": 0.5272805504500866, ""v"": 0.017762769479304552, ""tau"": 1.804360476244862, ""K"": 1, ""kappa"": 2.836616836953908, ""theta"": 0.059149308390915395, ""sigma"": 0.7137340218760072, ""rho"": -0.7488729618489742, ""r"": 0.040750880166888236, ""label"": ""sobol_235_12""}"
CORE_GRID,1623,sobol_236_2,FAIL,"[""solver_error""]",UNRESOLVED,UNRESOLVED,"[""coverage_core.jsonl#grid_index=1623""]","{""x"": -0.5360965378582477, ""v"": 0.03466448397375643, ""tau"": 1.8476474650558972, ""K"": 1, ""kappa"": 2.452185357455164, ""theta"": 0.09892963774502278, ""sigma"": 0.45245660310611124, ""rho"": -0.8606857635080815, ""r"": 0.051302610859274865, ""label"": ""sobol_236_2""}"
CORE_GRID,1624,sobol_236_4,FAIL,"[""solver_error""]",UNRESOLVED,UNRESOLVED,"[""coverage_core.jsonl#grid_index=1624""]","{""x"": 0.24782326519489284, ""v"": 0.02771186619065702, ""tau"": 0.7789615494945633, ""K"": 1, ""kappa"": 2.452185357455164, ""theta"": 0.09892963774502278, ""sigma"": 0.45245660310611124, ""rho"": -0.8606857635080815, ""r"": 0.051302610859274865, ""label"": ""sobol_236_4""}"
CORE_GRID,1625,sobol_236_10,FAIL,"[""solver_error""]",UNRESOLVED,UNRESOLVED,"[""coverage_core.jsonl#grid_index=1625""]","{""x"": -0.0630873061716557, ""v"": 0.1070015502627939, ""tau"": 0.963209631941503, ""K"": 1, ""kappa"": 2.452185357455164, ""theta"": 0.09892963774502278, ""sigma"": 0.45245660310611124, ""rho"": -0.8606857635080815, ""r"": 0.051302610859274865, ""label"": ""sobol_236_10""}"
CORE_GRID,1626,sobol_236_11,FAIL,"[""solver_error""]",UNRESOLVED,UNRESOLVED,"[""coverage_core.jsonl#grid_index=1626""]","{""x"": 0.04185060560703269, ""v"": 0.1490230557974428, ""tau"": 1.3030152974968097, ""K"": 1, ""kappa"": 2.452185357455164, ""theta"": 0.09892963774502278, ""sigma"": 0.45245660310611124, ""rho"": -0.8606857635080815, ""r"": 0.051302610859274865, ""label"": ""sobol_236_11""}"
CORE_GRID,1627,sobol_236_12,FAIL,"[""solver_error""]",UNRESOLVED,UNRESOLVED,"[""coverage_core.jsonl#grid_index=1627""]","{""x"": 0.3560503542423248, ""v"": 0.08062257640995085, ""tau"": 1.9071164710469366, ""K"": 1, ""kappa"": 2.452185357455164, ""theta"": 0.09892963774502278, ""sigma"": 0.45245660310611124, ""rho"": -0.8606857635080815, ""r"": 0.051302610859274865, ""label"": ""sobol_236_12""}"
CORE_GRID,1628,sobol_237_2,FAIL,"[""solver_error""]",UNRESOLVED,UNRESOLVED,"[""coverage_core.jsonl#grid_index=1628""]","{""x"": -0.4229495398700237, ""v"": 0.09306678920984268, ""tau"": 1.3242157921712432, ""K"": 1, ""kappa"": 0.7021293048746884, ""theta"": 0.04809982113540173, ""sigma"": 0.27990060253068805, ""rho"": -0.13178841248154638, ""r"": 0.001024618074297905, ""label"": ""sobol_237_2""}"
CORE_GRID,1629,sobol_237_4,FAIL,"[""solver_error""]",UNRESOLVED,UNRESOLVED,"[""coverage_core.jsonl#grid_index=1629""]","{""x"": 0.13467175215482707, ""v"": 0.0940687577240169, ""tau"": 0.3023061599648957, ""K"": 1, ""kappa"": 0.7021293048746884, ""theta"": 0.04809982113540173, ""sigma"": 0.27990060253068805, ""rho"": -0.13178841248154638, ""r"": 0.001024618074297905, ""label"": ""sobol_237_4""}"
CORE_GRID,1630,sobol_237_5,FAIL,"[""solver_error""]",UNRESOLVED,UNRESOLVED,"[""coverage_core.jsonl#grid_index=1630""]","{""x"": -0.11781335100531587, ""v"": 0.14585544122382998, ""tau"": 1.9677910577904965, ""K"": 1, ""kappa"": 0.7021293048746884, ""theta"": 0.04809982113540173, ""sigma"": 0.27990060253068805, ""rho"": -0.13178841248154638, ""r"": 0.001024618074297905, ""label"": ""sobol_237_5""}"
CORE_GRID,1631,sobol_237_10,FAIL,"[""solver_error""]",UNRESOLVED,UNRESOLVED,"[""coverage_core.jsonl#grid_index=1631""]","{""x"": -0.17376276478171349, ""v"": 0.01722003286704421, ""tau"": 0.4883798794628727, ""K"": 1, ""kappa"": 0.7021293048746884, ""theta"": 0.04809982113540173, ""sigma"": 0.27990060253068805, ""rho"": -0.13178841248154638, ""r"": 0.001024618074297905, ""label"": ""sobol_237_10""}"
CORE_GRID,1632,sobol_237_12,FAIL,"[""solver_error""]",UNRESOLVED,UNRESOLVED,"[""coverage_core.jsonl#grid_index=1632""]","{""x"": 0.4667303457856178, ""v"": 0.045643942430615425, ""tau"": 1.385514242341742, ""K"": 1, ""kappa"": 0.7021293048746884, ""theta"": 0.04809982113540173, ""sigma"": 0.27990060253068805, ""rho"": -0.13178841248154638, ""r"": 0.001024618074297905, ""label"": ""sobol_237_12""}"
CORE_GRID,1633,sobol_238_2,FAIL,"[""solver_error"", ""FD_uncertainty_budget_unresolved""]",UNRESOLVED,UNRESOLVED,"[""coverage_core.jsonl#grid_index=1633""]","{""x"": -0.5047309264540673, ""v"": 0.11398336524143815, ""tau"": 0.2181047074430223, ""K"": 1, ""kappa"": 2.0467069228179753, ""theta"": 0.09183391125872732, ""sigma"": 0.6808246554806828, ""rho"": -0.6092079989612103, ""r"": 0.021419061869382857, ""label"": ""sobol_238_2""}"
CORE_GRID,1634,sobol_238_3,FAIL,"[""solver_error""]",UNRESOLVED,UNRESOLVED,"[""coverage_core.jsonl#grid_index=1634""]","{""x"": 0.5166132219135762, ""v"": 0.12665035808458924, ""tau"": 1.554958160922286, ""K"": 1, ""kappa"": 2.0467069228179753, ""theta"": 0.09183391125872732, ""sigma"": 0.6808246554806828, ""rho"": -0.6092079989612103, ""r"": 0.021419061869382857, ""label"": ""sobol_238_3""}"
CORE_GRID,1635,sobol_238_4,FAIL,"[""solver_error""]",UNRESOLVED,UNRESOLVED,"[""coverage_core.jsonl#grid_index=1635""]","{""x"": 0.21177016273140903, ""v"": 0.07388078887015581, ""tau"": 1.1610454542503235, ""K"": 1, ""kappa"": 2.0467069228179753, ""theta"": 0.09183391125872732, ""sigma"": 0.6808246554806828, ""rho"": -0.6092079989612103, ""r"": 0.021419061869382857, ""label"": ""sobol_238_4""}"
CORE_GRID,1636,sobol_238_10,PASS,[],NOT_APPLICABLE_STRICT_PASS,NUMERICALLY_RESOLVED,"[""coverage_core.jsonl#grid_index=1636""]","{""x"": -0.0962108686566352, ""v"": 0.05697167571634054, ""tau"": 1.0957276617095524, ""K"": 1, ""kappa"": 2.0467069228179753, ""theta"": 0.09183391125872732, ""sigma"": 0.6808246554806828, ""rho"": -0.6092079989612103, ""r"": 0.021419061869382857, ""label"": ""sobol_238_10""}"
CORE_GRID,1637,sobol_238_14,FAIL,"[""solver_error"", ""FD_uncertainty_budget_unresolved""]",UNRESOLVED,UNRESOLVED,"[""coverage_core.jsonl#grid_index=1637""]","{""x"": -0.6832706987857818, ""v"": 0.08476162888109684, ""tau"": 0.7929560795411585, ""K"": 1, ""kappa"": 2.0467069228179753, ""theta"": 0.09183391125872732, ""sigma"": 0.6808246554806828, ""rho"": -0.6092079989612103, ""r"": 0.021419061869382857, ""label"": ""sobol_238_14""}"
CORE_GRID,1638,sobol_238_15,FAIL,"[""solver_error""]",UNRESOLVED,UNRESOLVED,"[""coverage_core.jsonl#grid_index=1638""]","{""x"": 0.6954209201037884, ""v"": 0.15992520935833454, ""tau"": 1.4439106177841683, ""K"": 1, ""kappa"": 2.0467069228179753, ""theta"": 0.09183391125872732, ""sigma"": 0.6808246554806828, ""rho"": -0.6092079989612103, ""r"": 0.021419061869382857, ""label"": ""sobol_238_15""}"
CORE_GRID,1639,sobol_239_0,FAIL,"[""solver_error""]",UNRESOLVED,UNRESOLVED,"[""coverage_core.jsonl#grid_index=1639""]","{""x"": 0.6002202518284321, ""v"": 0.08890389860607684, ""tau"": 0.4441719782605235, ""K"": 1, ""kappa"": 3.7966545992530882, ""theta"": 0.04266424940899015, ""sigma"": 0.15816182773560286, ""rho"": -0.38658649250864985, ""r"": 0.07121854022145271, ""label"": ""sobol_239_0""}"
CORE_GRID,1640,sobol_239_4,PASS,[],NOT_APPLICABLE_STRICT_PASS,NUMERICALLY_RESOLVED,"[""coverage_core.jsonl#grid_index=1640""]","{""x"": 0.024789228290319487, ""v"": 0.05427776952274144, ""tau"": 1.6355002120151998, ""K"": 1, ""kappa"": 3.7966545992530882, ""theta"": 0.04266424940899015, ""sigma"": 0.15816182773560286, ""rho"": -0.38658649250864985, ""r"": 0.07121854022145271, ""label"": ""sobol_239_4""}"
CORE_GRID,1641,sobol_239_10,FAIL,"[""solver_error""]",UNRESOLVED,UNRESOLVED,"[""coverage_core.jsonl#grid_index=1641""]","{""x"": -0.2854029625654221, ""v"": 0.0687455062288791, ""tau"": 1.572255519872886, ""K"": 1, ""kappa"": 3.7966545992530882, ""theta"": 0.04266424940899015, ""sigma"": 0.15816182773560286, ""rho"": -0.38658649250864985, ""r"": 0.07121854022145271, ""label"": ""sobol_239_10""}"
CORE_GRID,1642,sobol_239_12,FAIL,"[""solver_error""]",UNRESOLVED,UNRESOLVED,"[""coverage_core.jsonl#grid_index=1642""]","{""x"": 0.5736830346286297, ""v"": 0.11863066512160003, ""tau"": 0.5513252379919683, ""K"": 1, ""kappa"": 3.7966545992530882, ""theta"": 0.04266424940899015, ""sigma"": 0.15816182773560286, ""rho"": -0.38658649250864985, ""r"": 0.07121854022145271, ""label"": ""sobol_239_12""}"
CORE_GRID,1643,sobol_239_13,FAIL,"[""solver_error""]",UNRESOLVED,UNRESOLVED,"[""coverage_core.jsonl#grid_index=1643""]","{""x"": -0.599895840883255, ""v"": 0.13715742039494216, ""tau"": 1.2178128601961016, ""K"": 1, ""kappa"": 3.7966545992530882, ""theta"": 0.04266424940899015, ""sigma"": 0.15816182773560286, ""rho"": -0.38658649250864985, ""r"": 0.07121854022145271, ""label"": ""sobol_239_13""}"
CORE_GRID,1644,sobol_240_2,FAIL,"[""solver_error""]",UNRESOLVED,UNRESOLVED,"[""coverage_core.jsonl#grid_index=1644""]","{""x"": -0.5923242934048175, ""v"": 0.11904308805242181, ""tau"": 1.5487409696345114, ""K"": 1, ""kappa"": 3.939967203885317, ""theta"": 0.0931046593748033, ""sigma"": 0.6160084607079624, ""rho"": -0.7759059086441994, ""r"": 0.01943912111222744, ""label"": ""sobol_240_2""}"
CORE_GRID,1645,sobol_240_3,FAIL,"[""solver_error""]",UNRESOLVED,UNRESOLVED,"[""coverage_core.jsonl#grid_index=1645""]","{""x"": 0.5801556766033173, ""v"": 0.1376295373775065, ""tau"": 0.21846504062266342, ""K"": 1, ""kappa"": 3.939967203885317, ""theta"": 0.0931046593748033, ""sigma"": 0.6160084607079624, ""rho"": -0.7759059086441994, ""r"": 0.01943912111222744, ""label"": ""sobol_240_3""}"
CORE_GRID,1646,sobol_240_4,FAIL,"[""solver_error""]",UNRESOLVED,UNRESOLVED,"[""coverage_core.jsonl#grid_index=1646""]","{""x"": 0.26654186546802516, ""v"": 0.06930934730917215, ""tau"": 0.5736061596489024, ""K"": 1, ""kappa"": 3.939967203885317, ""theta"": 0.0931046593748033, ""sigma"": 0.6160084607079624, ""rho"": -0.7759059086441994, ""r"": 0.01943912111222744, ""label"": ""sobol_240_4""}"
CORE_GRID,1647,sobol_240_10,FAIL,"[""solver_error""]",UNRESOLVED,UNRESOLVED,"[""coverage_core.jsonl#grid_index=1647""]","{""x"": -0.006878004223108247, ""v"": 0.05374396126717329, ""tau"": 0.6388335663507441, ""K"": 1, ""kappa"": 3.939967203885317, ""theta"": 0.0931046593748033, ""sigma"": 0.6160084607079624, ""rho"": -0.7759059086441994, ""r"": 0.01943912111222744, ""label"": ""sobol_240_10""}"
CORE_GRID,1648,sobol_240_14,FAIL,"[""solver_error""]",UNRESOLVED,UNRESOLVED,"[""coverage_core.jsonl#grid_index=1648""]","{""x"": -0.6196738712489605, ""v"": 0.08943797461688519, ""tau"": 1.4413430981840643, ""K"": 1, ""kappa"": 3.939967203885317, ""theta"": 0.0931046593748033, ""sigma"": 0.6160084607079624, ""rho"": -0.7759059086441994, ""r"": 0.01943912111222744, ""label"": ""sobol_240_14""}"
CORE_GRID,1649,sobol_241_1,FAIL,"[""solver_error"", ""FD_uncertainty_budget_unresolved""]",UNRESOLVED,UNRESOLVED,"[""coverage_core.jsonl#grid_index=1649""]","{""x"": -0.6768530018627643, ""v"": 0.15954328165389597, ""tau"": 0.4445323114401646, ""K"": 1, ""kappa"": 2.189916053786874, ""theta"": 0.04139579644426704, ""sigma"": 0.4434324173256755, ""rho"": -0.2032873943448067, ""r"": 0.04792085461318493, ""label"": ""sobol_241_1""}"
CORE_GRID,1650,sobol_241_4,FAIL,"[""solver_error""]",UNRESOLVED,UNRESOLVED,"[""coverage_core.jsonl#grid_index=1650""]","{""x"": 0.07837075442075725, ""v"": 0.0574148774612695, ""tau"": 0.09878591755552897, ""K"": 1, ""kappa"": 2.189916053786874, ""theta"": 0.04139579644426704, ""sigma"": 0.4434324173256755, ""rho"": -0.2032873943448067, ""r"": 0.04792085461318493, ""label"": ""sobol_241_4""}"
CORE_GRID,1651,sobol_241_10,FAIL,"[""solver_error""]",UNRESOLVED,UNRESOLVED,"[""coverage_core.jsonl#grid_index=1651""]","{""x"": -0.1925361536443233, ""v"": 0.07346857455559075, ""tau"": 0.1621838800779115, ""K"": 1, ""kappa"": 2.189916053786874, ""theta"": 0.04139579644426704, ""sigma"": 0.4434324173256755, ""rho"": -0.2032873943448067, ""r"": 0.04792085461318493, ""label"": ""sobol_241_10""}"
CORE_GRID,1652,sobol_241_12,FAIL,"[""solver_error""]",UNRESOLVED,UNRESOLVED,"[""coverage_core.jsonl#grid_index=1652""]","{""x"": 0.5230128899216653, ""v"": 0.11341931554488838, ""tau"": 1.2152453405959975, ""K"": 1, ""kappa"": 2.189916053786874, ""theta"": 0.04139579644426704, ""sigma"": 0.4434324173256755, ""rho"": -0.2032873943448067, ""r"": 0.04792085461318493, ""label"": ""sobol_241_12""}"
CORE_GRID,1653,sobol_241_13,FAIL,"[""solver_error""]",UNRESOLVED,UNRESOLVED,"[""coverage_core.jsonl#grid_index=1653""]","{""x"": -0.49708640500903123, ""v"": 0.1261467773001641, ""tau"": 0.5558244662972847, ""K"": 1, ""kappa"": 2.189916053786874, ""theta"": 0.04139579644426704, ""sigma"": 0.4434324173256755, ""rho"": -0.2032873943448067, ""r"": 0.04792085461318493, ""label"": ""sobol_241_13""}"
CORE_GRID,1654,sobol_242_2,FAIL,"[""solver_error"", ""FD_uncertainty_budget_unresolved""]",UNRESOLVED,UNRESOLVED,"[""coverage_core.jsonl#grid_index=1654""]","{""x"": -0.4860306367278099, ""v"": 0.04504952416755259, ""tau"": 0.3868953391451329, ""K"": 1, ""kappa"": 0.5608459431678057, ""theta"": 0.09766055595129729, ""sigma"": 0.7349908149801194, ""rho"": -0.5307010322809219, ""r"": 0.06955795630812645, ""label"": ""sobol_242_2""}"
CORE_GRID,1655,sobol_242_4,FAIL,"[""B_N"", ""solver_error""]",COS_RESOLVED,NUMERICALLY_RESOLVED,"[""coverage_core.jsonl#grid_index=1655"", ""mp_cases\\0d22a41ca723\\3d504caebdbfd79794d7.json""]","{""x"": 0.1555607177317142, ""v"": 0.016838544746860862, ""tau"": 1.485765154078041, ""K"": 1, ""kappa"": 0.5608459431678057, ""theta"": 0.09766055595129729, ""sigma"": 0.7349908149801194, ""rho"": -0.5307010322809219, ""r"": 0.06955795630812645, ""label"": ""sobol_242_4""}"
CORE_GRID,1656,sobol_242_10,FAIL,"[""solver_error""]",UNRESOLVED,UNRESOLVED,"[""coverage_core.jsonl#grid_index=1656""]","{""x"": -0.11492932587862015, ""v"": 0.09454226843081415, ""tau"": 1.30166837152478, ""K"": 1, ""kappa"": 0.5608459431678057, ""theta"": 0.09766055595129729, ""sigma"": 0.7349908149801194, ""rho"": -0.5307010322809219, ""r"": 0.06955795630812645, ""label"": ""sobol_242_10""}"
CORE_GRID,1657,sobol_242_11,FAIL,"[""solver_error""]",UNRESOLVED,UNRESOLVED,"[""coverage_core.jsonl#grid_index=1657""]","{""x"": 0.13645691648125657, ""v"": 0.14626741013489664, ""tau"": 0.970391391188882, ""K"": 1, ""kappa"": 0.5608459431678057, ""theta"": 0.09766055595129729, ""sigma"": 0.7349908149801194, ""rho"": -0.5307010322809219, ""r"": 0.06955795630812645, ""label"": ""sobol_242_11""}"
CORE_GRID,1658,sobol_242_12,FAIL,"[""solver_error""]",UNRESOLVED,UNRESOLVED,"[""coverage_core.jsonl#grid_index=1658""]","{""x"": 0.4407140381634236, ""v"": 0.0935701394919306, ""tau"": 0.32751868947941276, ""K"": 1, ""kappa"": 0.5608459431678057, ""theta"": 0.09766055595129729, ""sigma"": 0.7349908149801194, ""rho"": -0.5307010322809219, ""r"": 0.06955795630812645, ""label"": ""sobol_242_12""}"
CORE_GRID,1659,sobol_243_2,FAIL,"[""solver_error""]",UNRESOLVED,UNRESOLVED,"[""coverage_core.jsonl#grid_index=1659""]","{""x"": -0.37403721213340757, ""v"": 0.08014879748225212, ""tau"": 0.9102051839202879, ""K"": 1, ""kappa"": 2.3107918463647366, ""theta"": 0.04936966028064489, ""sigma"": 0.2123507003299892, ""rho"": -0.4518125861883163, ""r"": 0.03811723724007607, ""label"": ""sobol_243_2""}"
CORE_GRID,1660,sobol_243_4,PASS,[],NOT_APPLICABLE_STRICT_PASS,NUMERICALLY_RESOLVED,"[""coverage_core.jsonl#grid_index=1660""]","{""x"": 0.04356276020407668, ""v"": 0.10649846820160747, ""tau"": 1.9622987154982097, ""K"": 1, ""kappa"": 2.3107918463647366, ""theta"": 0.04936966028064489, ""sigma"": 0.2123507003299892, ""rho"": -0.4518125861883163, ""r"": 0.03811723724007607, ""label"": ""sobol_243_4""}"
CORE_GRID,1661,sobol_243_5,PASS,[],NOT_APPLICABLE_STRICT_PASS,NUMERICALLY_RESOLVED,"[""coverage_core.jsonl#grid_index=1661""]","{""x"": -0.06013027131557469, ""v"": 0.14845753787085414, ""tau"": 0.3058279043300048, ""K"": 1, ""kappa"": 2.3107918463647366, ""theta"": 0.04936966028064489, ""sigma"": 0.2123507003299892, ""rho"": -0.4518125861883163, ""r"": 0.03811723724007607, ""label"": ""sobol_243_5""}"
CORE_GRID,1662,sobol_243_10,FAIL,"[""solver_error""]",UNRESOLVED,UNRESOLVED,"[""coverage_core.jsonl#grid_index=1662""]","{""x"": -0.22910210788249974, ""v"": 0.028306016232818365, ""tau"": 1.7761326396749133, ""K"": 1, ""kappa"": 2.3107918463647366, ""theta"": 0.04936966028064489, ""sigma"": 0.2123507003299892, ""rho"": -0.4518125861883163, ""r"": 0.03811723724007607, ""label"": ""sobol_243_10""}"
CORE_GRID,1663,sobol_243_12,FAIL,"[""solver_error""]",UNRESOLVED,UNRESOLVED,"[""coverage_core.jsonl#grid_index=1663""]","{""x"": 0.5548913352191449, ""v"": 0.03504624031484127, ""tau"": 0.8487554338561105, ""K"": 1, ""kappa"": 2.3107918463647366, ""theta"": 0.04936966028064489, ""sigma"": 0.2123507003299892, ""rho"": -0.4518125861883163, ""r"": 0.03811723724007607, ""label"": ""sobol_243_12""}"
CORE_GRID,1664,sobol_244_2,FAIL,"[""solver_error""]",UNRESOLVED,UNRESOLVED,"[""coverage_core.jsonl#grid_index=1664""]","{""x"": -0.5449767775833606, ""v"": 0.01823556493036449, ""tau"": 0.8052401325946289, ""K"": 1, ""kappa"": 2.6919724587351084, ""theta"": 0.10948977291584015, ""sigma"": 0.3009859574027359, ""rho"": -0.33863145560026164, ""r"": 0.029909227937459947, ""label"": ""sobol_244_2""}"
CORE_GRID,1665,sobol_244_4,FAIL,"[""solver_error""]",UNRESOLVED,UNRESOLVED,"[""coverage_core.jsonl#grid_index=1665""]","{""x"": 0.23793748319149022, ""v"": 0.044628887670114636, ""tau"": 1.8271554792115081, ""K"": 1, ""kappa"": 2.6919724587351084, ""theta"": 0.10948977291584015, ""sigma"": 0.3009859574027359, ""rho"": -0.33863145560026164, ""r"": 0.029909227937459947, ""label"": ""sobol_244_4""}"
CORE_GRID,1666,sobol_244_10,PASS,[],NOT_APPLICABLE_STRICT_PASS,NUMERICALLY_RESOLVED,"[""coverage_core.jsonl#grid_index=1666""]","{""x"": -0.05349563732743268, ""v"": 0.0900978792924434, ""tau"": 1.8886308381629606, ""K"": 1, ""kappa"": 2.6919724587351084, ""theta"": 0.10948977291584015, ""sigma"": 0.3009859574027359, ""rho"": -0.33863145560026164, ""r"": 0.029909227937459947, ""label"": ""sobol_244_10""}"
CORE_GRID,1667,sobol_244_12,FAIL,"[""solver_error""]",UNRESOLVED,UNRESOLVED,"[""coverage_core.jsonl#grid_index=1667""]","{""x"": 0.3652201294898987, ""v"": 0.09703814494423568, ""tau"": 0.9915021896946229, ""K"": 1, ""kappa"": 2.6919724587351084, ""theta"": 0.10948977291584015, ""sigma"": 0.3009859574027359, ""rho"": -0.33863145560026164, ""r"": 0.029909227937459947, ""label"": ""sobol_244_12""}"
CORE_GRID,1668,sobol_244_13,PASS,[],NOT_APPLICABLE_STRICT_PASS,NUMERICALLY_RESOLVED,"[""coverage_core.jsonl#grid_index=1668""]","{""x"": -0.3395703859627247, ""v"": 0.14680993813090026, ""tau"": 1.2766757966240956, ""K"": 1, ""kappa"": 2.6919724587351084, ""theta"": 0.10948977291584015, ""sigma"": 0.3009859574027359, ""rho"": -0.33863145560026164, ""r"": 0.029909227937459947, ""label"": ""sobol_244_13""}"
CORE_GRID,1669,sobol_244_14,FAIL,"[""solver_error"", ""FD_uncertainty_budget_unresolved""]",UNRESOLVED,UNRESOLVED,"[""coverage_core.jsonl#grid_index=1669""]","{""x"": -0.6664357356727123, ""v"": 0.04772792034782469, ""tau"": 0.19506908578073812, ""K"": 1, ""kappa"": 2.6919724587351084, ""theta"": 0.10948977291584015, ""sigma"": 0.3009859574027359, ""rho"": -0.33863145560026164, ""r"": 0.029909227937459947, ""label"": ""sobol_244_14""}"
CORE_GRID,1670,sobol_245_2,FAIL,"[""solver_error""]",UNRESOLVED,UNRESOLVED,"[""coverage_core.jsonl#grid_index=1670""]","{""x"": -0.43195183798670767, ""v"": 0.10803092503920197, ""tau"": 0.28375961302617003, ""K"": 1, ""kappa"": 0.9419134594500065, ""theta"": 0.06100366160273553, ""sigma"": 0.47375293681398034, ""rho"": -0.6659643039107322, ""r"": 0.07776599422097207, ""label"": ""sobol_245_2""}"
CORE_GRID,1671,sobol_245_3,FAIL,"[""solver_error""]",UNRESOLVED,UNRESOLVED,"[""coverage_core.jsonl#grid_index=1671""]","{""x"": 0.42067837268114094, ""v"": 0.15194331342354417, ""tau"": 1.9882830473527844, ""K"": 1, ""kappa"": 0.9419134594500065, ""theta"": 0.06100366160273553, ""sigma"": 0.47375293681398034, ""rho"": -0.6659643039107322, ""r"": 0.07776599422097207, ""label"": ""sobol_245_3""}"
CORE_GRID,1672,sobol_245_4,FAIL,"[""solver_error""]",UNRESOLVED,UNRESOLVED,"[""coverage_core.jsonl#grid_index=1672""]","{""x"": 0.12491718381643291, ""v"": 0.07959272433072329, ""tau"": 1.3524474358696135, ""K"": 1, ""kappa"": 0.9419134594500065, ""theta"": 0.06100366160273553, ""sigma"": 0.47375293681398034, ""rho"": -0.6659643039107322, ""r"": 0.07776599422097207, ""label"": ""sobol_245_4""}"
CORE_GRID,1673,sobol_245_10,FAIL,"[""solver_error""]",UNRESOLVED,UNRESOLVED,"[""coverage_core.jsonl#grid_index=1673""]","{""x"": -0.16430459842085843, ""v"": 0.03168271388858557, ""tau"": 1.411853739496557, ""K"": 1, ""kappa"": 0.9419134594500065, ""theta"": 0.06100366160273553, ""sigma"": 0.47375293681398034, ""rho"": -0.6659643039107322, ""r"": 0.07776599422097207, ""label"": ""sobol_245_10""}"
CORE_GRID,1674,sobol_245_12,FAIL,"[""solver_error""]",UNRESOLVED,UNRESOLVED,"[""coverage_core.jsonl#grid_index=1674""]","{""x"": 0.47602446824312206, ""v"": 0.030693158973008394, ""tau"": 0.4679488076732331, ""K"": 1, ""kappa"": 0.9419134594500065, ""theta"": 0.06100366160273553, ""sigma"": 0.47375293681398034, ""rho"": -0.6659643039107322, ""r"": 0.07776599422097207, ""label"": ""sobol_245_12""}"
CORE_GRID,1675,sobol_246_2,FAIL,"[""solver_error""]",UNRESOLVED,UNRESOLVED,"[""coverage_core.jsonl#grid_index=1675""]","{""x"": -0.514195816218853, ""v"": 0.06779193878173828, ""tau"": 1.1406029610754183, ""K"": 1, ""kappa"": 1.8088165931403637, ""theta"": 0.07974467480555177, ""sigma"": 0.17946147583425046, ""rho"": -0.19303595423698428, ""r"": 0.059712849482893945, ""label"": ""sobol_246_2""}"
CORE_GRID,1676,sobol_246_4,FAIL,"[""solver_error""]",UNRESOLVED,UNRESOLVED,"[""coverage_core.jsonl#grid_index=1676""]","{""x"": 0.2024690307676793, ""v"": 0.11958375526592135, ""tau"": 0.24445562598310294, ""K"": 1, ""kappa"": 1.8088165931403637, ""theta"": 0.07974467480555177, ""sigma"": 0.17946147583425046, ""rho"": -0.19303595423698428, ""r"": 0.059712849482893945, ""label"": ""sobol_246_4""}"
CORE_GRID,1677,sobol_246_5,PASS,[],NOT_APPLICABLE_STRICT_PASS,NUMERICALLY_RESOLVED,"[""coverage_core.jsonl#grid_index=1677""]","{""x"": -0.2187277570366859, ""v"": 0.14012346370145679, ""tau"": 1.5266617997586431, ""K"": 1, ""kappa"": 1.8088165931403637, ""theta"": 0.07974467480555177, ""sigma"": 0.17946147583425046, ""rho"": -0.19303595423698428, ""r"": 0.059712849482893945, ""label"": ""sobol_246_5""}"
CORE_GRID,1678,sobol_246_10,FAIL,"[""solver_error""]",UNRESOLVED,UNRESOLVED,"[""coverage_core.jsonl#grid_index=1678""]","{""x"": -0.08720613867044458, ""v"": 0.011251544114202261, ""tau"": 0.05624512591517516, ""K"": 1, ""kappa"": 1.8088165931403637, ""theta"": 0.07974467480555177, ""sigma"": 0.17946147583425046, ""rho"": -0.19303595423698428, ""r"": 0.059712849482893945, ""label"": ""sobol_246_10""}"
CORE_GRID,1679,sobol_246_12,FAIL,"[""solver_error""]",UNRESOLVED,UNRESOLVED,"[""coverage_core.jsonl#grid_index=1679""]","{""x"": 0.39424313977360725, ""v"": 0.051372284069657326, ""tau"": 1.077177307642405, ""K"": 1, ""kappa"": 1.8088165931403637, ""theta"": 0.07974467480555177, ""sigma"": 0.17946147583425046, ""rho"": -0.19303595423698428, ""r"": 0.059712849482893945, ""label"": ""sobol_246_12""}"
CORE_GRID,1680,sobol_246_15,FAIL,"[""solver_error""]",UNRESOLVED,UNRESOLVED,"[""coverage_core.jsonl#grid_index=1680""]","{""x"": 0.6856883816421031, ""v"": 0.14263965236023068, ""tau"": 0.39468159528434393, ""K"": 1, ""kappa"": 1.8088165931403637, ""theta"": 0.07974467480555177, ""sigma"": 0.17946147583425046, ""rho"": -0.19303595423698428, ""r"": 0.059712849482893945, ""label"": ""sobol_246_15""}"
CORE_GRID,1681,sobol_247_0,FAIL,"[""solver_error""]",UNRESOLVED,UNRESOLVED,"[""coverage_core.jsonl#grid_index=1681""]","{""x"": 0.6284359999001026, ""v"": 0.10435035149566829, ""tau"": 1.3978278006404816, ""K"": 1, ""kappa"": 3.5587672162801027, ""theta"": 0.02823121825233102, ""sigma"": 0.7019080258905886, ""rho"": -0.8140988707542419, ""r"": 0.007647097632288933, ""label"": ""sobol_247_0""}"
CORE_GRID,1682,sobol_247_1,FAIL,"[""solver_error"", ""FD_uncertainty_budget_unresolved""]",UNRESOLVED,UNRESOLVED,"[""coverage_core.jsonl#grid_index=1682""]","{""x"": -0.6165537044405937, ""v"": 0.1560764021705836, ""tau"": 0.8721743058265438, ""K"": 1, ""kappa"": 3.5587672162801027, ""theta"": 0.02823121825233102, ""sigma"": 0.7019080258905886, ""rho"": -0.8140988707542419, ""r"": 0.007647097632288933, ""label"": ""sobol_247_1""}"
CORE_GRID,1683,sobol_247_2,FAIL,"[""solver_error""]",UNRESOLVED,UNRESOLVED,"[""coverage_core.jsonl#grid_index=1683""]","{""x"": -0.3273440480232238, ""v"": 0.05600238800980151, ""tau"": 1.6637965768967415, ""K"": 1, ""kappa"": 3.5587672162801027, ""theta"": 0.02823121825233102, ""sigma"": 0.7019080258905886, ""rho"": -0.8140988707542419, ""r"": 0.007647097632288933, ""label"": ""sobol_247_2""}"
CORE_GRID,1684,sobol_247_10,FAIL,"[""solver_error""]",UNRESOLVED,UNRESOLVED,"[""coverage_core.jsonl#grid_index=1684""]","{""x"": -0.2765297323465348, ""v"": 0.11690698540769517, ""tau"": 0.5308218307623137, ""K"": 1, ""kappa"": 3.5587672162801027, ""theta"": 0.02823121825233102, ""sigma"": 0.7019080258905886, ""rho"": -0.8140988707542419, ""r"": 0.007647097632288933, ""label"": ""sobol_247_10""}"
CORE_GRID,1685,sobol_247_11,FAIL,"[""solver_error""]",UNRESOLVED,UNRESOLVED,"[""coverage_core.jsonl#grid_index=1685""]","{""x"": 0.2971942149102689, ""v"": 0.12768115825019777, ""tau"": 1.2363632105453501, ""K"": 1, ""kappa"": 3.5587672162801027, ""theta"": 0.02823121825233102, ""sigma"": 0.7019080258905886, ""rho"": -0.8140988707542419, ""r"": 0.007647097632288933, ""label"": ""sobol_247_11""}"
CORE_GRID,1686,sobol_247_12,FAIL,"[""solver_error""]",UNRESOLVED,UNRESOLVED,"[""coverage_core.jsonl#grid_index=1686""]","{""x"": 0.5835620932281018, ""v"": 0.07095764600671828, ""tau"": 1.5985455243582172, ""K"": 1, ""kappa"": 3.5587672162801027, ""theta"": 0.02823121825233102, ""sigma"": 0.7019080258905886, ""rho"": -0.8140988707542419, ""r"": 0.007647097632288933, ""label"": ""sobol_247_12""}"
CORE_GRID,1687,sobol_248_2,FAIL,"[""solver_error""]",UNRESOLVED,UNRESOLVED,"[""coverage_core.jsonl#grid_index=1687""]","{""x"": -0.579140219092369, ""v"": 0.04922437388449907, ""tau"": 1.3583715749342764, ""K"": 1, ""kappa"": 3.1698072450235486, ""theta"": 0.10626091647893192, ""sigma"": 0.13609982542693616, ""rho"": -0.6301881954073907, ""r"": 0.04358985230326653, ""label"": ""sobol_248_2""}"
CORE_GRID,1688,sobol_248_4,FAIL,"[""solver_error""]",UNRESOLVED,UNRESOLVED,"[""coverage_core.jsonl#grid_index=1688""]","{""x"": 0.2861703626811505, ""v"": 0.013155790511518717, ""tau"": 0.2741197091859898, ""K"": 1, ""kappa"": 3.1698072450235486, ""theta"": 0.10626091647893192, ""sigma"": 0.13609982542693616, ""rho"": -0.6301881954073907, ""r"": 0.04358985230326653, ""label"": ""sobol_248_4""}"
CORE_GRID,1689,sobol_248_10,FAIL,"[""solver_error""]",UNRESOLVED,UNRESOLVED,"[""coverage_core.jsonl#grid_index=1689""]","{""x"": -0.021820145845413252, ""v"": 0.12161674397066236, ""tau"": 0.4622383622807406, ""K"": 1, ""kappa"": 3.1698072450235486, ""theta"": 0.10626091647893192, ""sigma"": 0.13609982542693616, ""rho"": -0.6301881954073907, ""r"": 0.04358985230326653, ""label"": ""sobol_248_10""}"
CORE_GRID,1690,sobol_248_11,PASS,[],NOT_APPLICABLE_STRICT_PASS,NUMERICALLY_RESOLVED,"[""coverage_core.jsonl#grid_index=1690""]","{""x"": 0.005847512930631682, ""v"": 0.1342838709242642, ""tau"": 1.80785701883262, ""K"": 1, ""kappa"": 3.1698072450235486, ""theta"": 0.10626091647893192, ""sigma"": 0.13609982542693616, ""rho"": -0.6301881954073907, ""r"": 0.04358985230326653, ""label"": ""sobol_248_11""}"
CORE_GRID,1691,sobol_248_12,FAIL,"[""solver_error""]",UNRESOLVED,UNRESOLVED,"[""coverage_core.jsonl#grid_index=1691""]","{""x"": 0.31010477766394606, ""v"": 0.06600356753915548, ""tau"": 1.4217672472309677, ""K"": 1, ""kappa"": 3.1698072450235486, ""theta"": 0.10626091647893192, ""sigma"": 0.13609982542693616, ""rho"": -0.6301881954073907, ""r"": 0.04358985230326653, ""label"": ""sobol_248_12""}"
CORE_GRID,1692,sobol_248_14,FAIL,"[""solver_error""]",UNRESOLVED,UNRESOLVED,"[""coverage_core.jsonl#grid_index=1692""]","{""x"": -0.6088347271084785, ""v"": 0.015701552387326956, ""tau"": 1.6565480571986724, ""K"": 1, ""kappa"": 3.1698072450235486, ""theta"": 0.10626091647893192, ""sigma"": 0.13609982542693616, ""rho"": -0.6301881954073907, ""r"": 0.04358985230326653, ""label"": ""sobol_248_14""}"
CORE_GRID,1693,sobol_249_0,FAIL,"[""solver_error""]",UNRESOLVED,UNRESOLVED,"[""coverage_core.jsonl#grid_index=1693""]","{""x"": 0.6758383892476558, ""v"": 0.029137825360521674, ""tau"": 1.1167102763577113, ""K"": 1, ""kappa"": 1.4198546400293708, ""theta"": 0.05171973321586848, ""sigma"": 0.6581217788159847, ""rho"": -0.35291136354207997, ""r"": 0.01377019003033638, ""label"": ""sobol_249_0""}"
CORE_GRID,1694,sobol_249_2,FAIL,"[""solver_error""]",UNRESOLVED,UNRESOLVED,"[""coverage_core.jsonl#grid_index=1694""]","{""x"": -0.39331833869218824, ""v"": 0.07649301667697728, ""tau"": 1.8173637995865966, ""K"": 1, ""kappa"": 1.4198546400293708, ""theta"": 0.05171973321586848, ""sigma"": 0.6581217788159847, ""rho"": -0.35291136354207997, ""r"": 0.01377019003033638, ""label"": ""sobol_249_2""}"
CORE_GRID,1695,sobol_249_4,FAIL,"[""solver_error""]",UNRESOLVED,UNRESOLVED,"[""coverage_core.jsonl#grid_index=1695""]","{""x"": 0.10034382417798038, ""v"": 0.11063871602527797, ""tau"": 0.8110724060966205, ""K"": 1, ""kappa"": 1.4198546400293708, ""theta"": 0.05171973321586848, ""sigma"": 0.6581217788159847, ""rho"": -0.35291136354207997, ""r"": 0.01377019003033638, ""label"": ""sobol_249_4""}"
CORE_GRID,1696,sobol_249_5,PASS,[],NOT_APPLICABLE_STRICT_PASS,NUMERICALLY_RESOLVED,"[""coverage_core.jsonl#grid_index=1696""]","{""x"": -0.07941154092550273, ""v"": 0.12916530738584697, ""tau"": 1.455150552855302, ""K"": 1, ""kappa"": 1.4198546400293708, ""theta"": 0.05171973321586848, ""sigma"": 0.6581217788159847, ""rho"": -0.35291136354207997, ""r"": 0.01377019003033638, ""label"": ""sobol_249_5""}"
CORE_GRID,1697,sobol_249_12,FAIL,"[""solver_error""]",UNRESOLVED,UNRESOLVED,"[""coverage_core.jsonl#grid_index=1697""]","{""x"": 0.49810988679528245, ""v"": 0.06215478223748505, ""tau"": 1.8825848709887987, ""K"": 1, ""kappa"": 1.4198546400293708, ""theta"": 0.05171973321586848, ""sigma"": 0.6581217788159847, ""rho"": -0.35291136354207997, ""r"": 0.01377019003033638, ""label"": ""sobol_249_12""}"
CORE_GRID,1698,sobol_250_2,FAIL,"[""solver_error""]",UNRESOLVED,UNRESOLVED,"[""coverage_core.jsonl#grid_index=1698""]","{""x"": -0.46171488985419273, ""v"": 0.09924614219926298, ""tau"": 0.7112525661424216, ""K"": 1, ""kappa"": 1.3296197121962905, ""theta"": 0.08297868443652988, ""sigma"": 0.3453706410713494, ""rho"": -0.8755884826183319, ""r"": 0.033708081468939784, ""label"": ""sobol_250_2""}"
CORE_GRID,1699,sobol_250_3,FAIL,"[""solver_error""]",UNRESOLVED,UNRESOLVED,"[""coverage_core.jsonl#grid_index=1699""]","{""x"": 0.48704649657011023, ""v"": 0.14126742421649396, ""tau"": 1.0578875025320384, ""K"": 1, ""kappa"": 1.3296197121962905, ""theta"": 0.08297868443652988, ""sigma"": 0.3453706410713494, ""rho"": -0.8755884826183319, ""r"": 0.033708081468939784, ""label"": ""sobol_250_3""}"
CORE_GRID,1700,sobol_250_4,FAIL,"[""solver_error""]",UNRESOLVED,UNRESOLVED,"[""coverage_core.jsonl#grid_index=1700""]","{""x"": 0.1734325423836709, ""v"": 0.0886218270752579, ""tau"": 1.669811611152476, ""K"": 1, ""kappa"": 1.3296197121962905, ""theta"": 0.08297868443652988, ""sigma"": 0.3453706410713494, ""rho"": -0.8755884826183319, ""r"": 0.033708081468939784, ""label"": ""sobol_250_4""}"
CORE_GRID,1701,sobol_250_10,FAIL,"[""solver_error""]",UNRESOLVED,UNRESOLVED,"[""coverage_core.jsonl#grid_index=1701""]","{""x"": -0.13748750612139693, ""v"": 0.042289756471291184, ""tau"": 1.6083681369015563, ""K"": 1, ""kappa"": 1.3296197121962905, ""theta"": 0.08297868443652988, ""sigma"": 0.3453706410713494, ""rho"": -0.8755884826183319, ""r"": 0.033708081468939784, ""label"": ""sobol_250_10""}"
CORE_GRID,1702,sobol_250_12,FAIL,"[""solver_error""]",UNRESOLVED,UNRESOLVED,"[""coverage_core.jsonl#grid_index=1702""]","{""x"": 0.43045964688062677, ""v"": 0.01984179741702974, ""tau"": 0.5250804524513937, ""K"": 1, ""kappa"": 1.3296197121962905, ""theta"": 0.08297868443652988, ""sigma"": 0.3453706410713494, ""rho"": -0.8755884826183319, ""r"": 0.033708081468939784, ""label"": ""sobol_250_12""}"
CORE_GRID,1703,sobol_251_0,FAIL,"[""solver_error""]",UNRESOLVED,UNRESOLVED,"[""coverage_core.jsonl#grid_index=1703""]","{""x"": 0.6462665006518364, ""v"": 0.07233176100999117, ""tau"": 0.9529443217463613, ""K"": 1, ""kappa"": 3.0796775640919805, ""theta"": 0.03751953093335032, ""sigma"": 0.5172003285028041, ""rho"": -0.10458139181137083, ""r"": 0.06396719805896282, ""label"": ""sobol_251_0""}"
CORE_GRID,1704,sobol_251_2,FAIL,"[""solver_error"", ""FD_uncertainty_budget_unresolved""]",UNRESOLVED,UNRESOLVED,"[""coverage_core.jsonl#grid_index=1704""]","{""x"": -0.34737639203667636, ""v"": 0.024975649546831846, ""tau"": 0.2500751761845239, ""K"": 1, ""kappa"": 3.0796775640919805, ""theta"": 0.03751953093335032, ""sigma"": 0.5172003285028041, ""rho"": -0.10458139181137083, ""r"": 0.06396719805896282, ""label"": ""sobol_251_2""}"
CORE_GRID,1705,sobol_251_4,FAIL,"[""solver_error""]",UNRESOLVED,UNRESOLVED,"[""coverage_core.jsonl#grid_index=1705""]","{""x"": 0.05908936858177194, ""v"": 0.03764484077692032, ""tau"": 1.1306585204225803, ""K"": 1, ""kappa"": 3.0796775640919805, ""theta"": 0.03751953093335032, ""sigma"": 0.5172003285028041, ""rho"": -0.10458139181137083, ""r"": 0.06396719805896282, ""label"": ""sobol_251_4""}"
CORE_GRID,1706,sobol_251_10,FAIL,"[""solver_error""]",UNRESOLVED,UNRESOLVED,"[""coverage_core.jsonl#grid_index=1706""]","{""x"": -0.2493173606693745, ""v"": 0.08544136770069599, ""tau"": 1.0712841014961698, ""K"": 1, ""kappa"": 3.0796775640919805, ""theta"": 0.03751953093335032, ""sigma"": 0.5172003285028041, ""rho"": -0.10458139181137083, ""r"": 0.06396719805896282, ""label"": ""sobol_251_10""}"
CORE_GRID,1707,sobol_251_11,FAIL,"[""solver_error""]",UNRESOLVED,UNRESOLVED,"[""coverage_core.jsonl#grid_index=1707""]","{""x"": 0.22809424996376038, ""v"": 0.1586508546024561, ""tau"": 0.6705645001641223, ""K"": 1, ""kappa"": 3.0796775640919805, ""theta"": 0.03751953093335032, ""sigma"": 0.5172003285028041, ""rho"": -0.10458139181137083, ""r"": 0.06396719805896282, ""label"": ""sobol_251_11""}"
CORE_GRID,1708,sobol_251_12,FAIL,"[""solver_error""]",UNRESOLVED,UNRESOLVED,"[""coverage_core.jsonl#grid_index=1708""]","{""x"": 0.5422941595315933, ""v"": 0.10193861788138747, ""tau"": 0.06597592494642687, ""K"": 1, ""kappa"": 3.0796775640919805, ""theta"": 0.03751953093335032, ""sigma"": 0.5172003285028041, ""rho"": -0.10458139181137083, ""r"": 0.06396719805896282, ""label"": ""sobol_251_12""}"
CORE_GRID,1709,sobol_251_13,FAIL,"[""solver_error""]",UNRESOLVED,UNRESOLVED,"[""coverage_core.jsonl#grid_index=1709""]","{""x"": -0.5538674689829349, ""v"": 0.15372549509629607, ""tau"": 1.7070887800609131, ""K"": 1, ""kappa"": 3.0796775640919805, ""theta"": 0.03751953093335032, ""sigma"": 0.5172003285028041, ""rho"": -0.10458139181137083, ""r"": 0.06396719805896282, ""label"": ""sobol_251_13""}"
CORE_GRID,1710,sobol_252_2,FAIL,"[""solver_error"", ""FD_uncertainty_budget_unresolved""]",UNRESOLVED,UNRESOLVED,"[""coverage_core.jsonl#grid_index=1710""]","{""x"": -0.5323783904314041, ""v"": 0.08708920632489026, ""tau"": 0.10869993835998078, ""K"": 1, ""kappa"": 2.585743828676641, ""theta"": 0.07114468531683088, ""sigma"": 0.7781788340769707, ""rho"": -0.29296275526285165, ""r"": 0.07343495391309261, ""label"": ""sobol_252_2""}"
CORE_GRID,1711,sobol_252_4,FAIL,"[""solver_error""]",UNRESOLVED,UNRESOLVED,"[""coverage_core.jsonl#grid_index=1711""]","{""x"": 0.25815166756510743, ""v"": 0.09980202163569629, ""tau"": 1.021418272081526, ""K"": 1, ""kappa"": 2.585743828676641, ""theta"": 0.07114468531683088, ""sigma"": 0.7781788340769707, ""rho"": -0.29296275526285165, ""r"": 0.07343495391309261, ""label"": ""sobol_252_4""}"
CORE_GRID,1712,sobol_252_5,FAIL,"[""solver_error""]",UNRESOLVED,UNRESOLVED,"[""coverage_core.jsonl#grid_index=1712""]","{""x"": -0.23691018819808962, ""v"": 0.1437766521703452, ""tau"": 0.7516026212057719, ""K"": 1, ""kappa"": 2.585743828676641, ""theta"": 0.07114468531683088, ""sigma"": 0.7781788340769707, ""rho"": -0.29296275526285165, ""r"": 0.07343495391309261, ""label"": ""sobol_252_5""}"
CORE_GRID,1713,sobol_252_10,FAIL,"[""solver_error""]",UNRESOLVED,UNRESOLVED,"[""coverage_core.jsonl#grid_index=1713""]","{""x"": -0.06902346611022958, ""v"": 0.02320551755838096, ""tau"": 1.2056059498258584, ""K"": 1, ""kappa"": 2.585743828676641, ""theta"": 0.07114468531683088, ""sigma"": 0.7781788340769707, ""rho"": -0.29296275526285165, ""r"": 0.07343495391309261, ""label"": ""sobol_252_10""}"
CORE_GRID,1714,sobol_252_12,FAIL,"[""solver_error""]",UNRESOLVED,UNRESOLVED,"[""coverage_core.jsonl#grid_index=1714""]","{""x"": 0.33856038674712186, ""v"": 0.03990277764387429, ""tau"": 0.16810752094412845, ""K"": 1, ""kappa"": 2.585743828676641, ""theta"": 0.07114468531683088, ""sigma"": 0.7781788340769707, ""rho"": -0.29296275526285165, ""r"": 0.07343495391309261, ""label"": ""sobol_252_12""}"
CORE_GRID,1715,sobol_252_14,FAIL,"[""solver_error""]",UNRESOLVED,UNRESOLVED,"[""coverage_core.jsonl#grid_index=1715""]","{""x"": -0.6561822071671486, ""v"": 0.12047635368071496, ""tau"": 0.9018602112367277, ""K"": 1, ""kappa"": 2.585743828676641, ""theta"": 0.07114468531683088, ""sigma"": 0.7781788340769707, ""rho"": -0.29296275526285165, ""r"": 0.07343495391309261, ""label"": ""sobol_252_14""}"
CORE_GRID,1716,sobol_252_15,FAIL,"[""solver_error""]",UNRESOLVED,UNRESOLVED,"[""coverage_core.jsonl#grid_index=1716""]","{""x"": 0.6674696244299412, ""v"": 0.13900197646580637, ""tau"": 1.3661807482019954, ""K"": 1, ""kappa"": 2.585743828676641, ""theta"": 0.07114468531683088, ""sigma"": 0.7781788340769707, ""rho"": -0.29296275526285165, ""r"": 0.07343495391309261, ""label"": ""sobol_252_15""}"
CORE_GRID,1717,sobol_253_2,FAIL,"[""solver_error"", ""FD_uncertainty_budget_unresolved""]",UNRESOLVED,UNRESOLVED,"[""coverage_core.jsonl#grid_index=1717""]","{""x"": -0.4216986671090126, ""v"": 0.03624762687832117, ""tau"": 0.5675606906731864, ""K"": 1, ""kappa"": 0.8357999073341489, ""theta"": 0.025880750436335802, ""sigma"": 0.25631041182205083, ""rho"": -0.7155392482876778, ""r"": 0.024240335151553154, ""label"": ""sobol_253_2""}"
CORE_GRID,1718,sobol_253_4,FAIL,"[""solver_error""]",UNRESOLVED,UNRESOLVED,"[""coverage_core.jsonl#grid_index=1718""]","{""x"": 0.14747644141316418, ""v"": 0.025396122131496668, ""tau"": 1.5582585322951514, ""K"": 1, ""kappa"": 0.8357999073341489, ""theta"": 0.025880750436335802, ""sigma"": 0.25631041182205083, ""rho"": -0.7155392482876778, ""r"": 0.024240335151553154, ""label"": ""sobol_253_4""}"
CORE_GRID,1719,sobol_253_10,FAIL,"[""solver_error""]",UNRESOLVED,UNRESOLVED,"[""coverage_core.jsonl#grid_index=1719""]","{""x"": -0.18217521160840988, ""v"": 0.10541104199364781, ""tau"": 1.7445155033095192, ""K"": 1, ""kappa"": 0.8357999073341489, ""theta"": 0.025880750436335802, ""sigma"": 0.25631041182205083, ""rho"": -0.7155392482876778, ""r"": 0.024240335151553154, ""label"": ""sobol_253_10""}"
CORE_GRID,1720,sobol_253_11,FAIL,"[""solver_error""]",UNRESOLVED,UNRESOLVED,"[""coverage_core.jsonl#grid_index=1720""]","{""x"": 0.1653399176895618, ""v"": 0.1552446004934609, ""tau"": 0.02463411292918618, ""K"": 1, ""kappa"": 0.8357999073341489, ""theta"": 0.025880750436335802, ""sigma"": 0.25631041182205083, ""rho"": -0.7155392482876778, ""r"": 0.024240335151553154, ""label"": ""sobol_253_11""}"
CORE_GRID,1721,sobol_253_12,FAIL,"[""solver_error""]",UNRESOLVED,UNRESOLVED,"[""coverage_core.jsonl#grid_index=1721""]","{""x"": 0.4517076529562474, ""v"": 0.08294568490236998, ""tau"": 0.6290413736557913, ""K"": 1, ""kappa"": 0.8357999073341489, ""theta"": 0.025880750436335802, ""sigma"": 0.25631041182205083, ""rho"": -0.7155392482876778, ""r"": 0.024240335151553154, ""label"": ""sobol_253_12""}"
CORE_GRID,1722,sobol_253_13,FAIL,"[""solver_error""]",UNRESOLVED,UNRESOLVED,"[""coverage_core.jsonl#grid_index=1722""]","{""x"": -0.47705749422311783, ""v"": 0.15810813289135695, ""tau"": 1.1088949945821827, ""K"": 1, ""kappa"": 0.8357999073341489, ""theta"": 0.025880750436335802, ""sigma"": 0.25631041182205083, ""rho"": -0.7155392482876778, ""r"": 0.024240335151553154, ""label"": ""sobol_253_13""}"
CORE_GRID,1723,sobol_254_2,FAIL,"[""solver_error""]",UNRESOLVED,UNRESOLVED,"[""coverage_core.jsonl#grid_index=1723""]","{""x"": -0.4892938815057277, ""v"": 0.014568116050213575, ""tau"": 1.9565577907709493, ""K"": 1, ""kappa"": 1.9136542351916432, ""theta"": 0.11961614571511746, ""sigma"": 0.5717919426038861, ""rho"": -0.437972417473793, ""r"": 0.003237979859113693, ""label"": ""sobol_254_2""}"
CORE_GRID,1724,sobol_254_4,FAIL,"[""solver_error""]",UNRESOLVED,UNRESOLVED,"[""coverage_core.jsonl#grid_index=1724""]","{""x"": 0.21975466758012763, ""v"": 0.04878843203186989, ""tau"": 0.9200273577515627, ""K"": 1, ""kappa"": 1.9136542351916432, ""theta"": 0.11961614571511746, ""sigma"": 0.5717919426038861, ""rho"": -0.437972417473793, ""r"": 0.003237979859113693, ""label"": ""sobol_254_4""}"
CORE_GRID,1725,sobol_254_10,PASS,[],NOT_APPLICABLE_STRICT_PASS,NUMERICALLY_RESOLVED,"[""coverage_core.jsonl#grid_index=1725""]","{""x"": -0.10917813107371321, ""v"": 0.0625160913914442, ""tau"": 0.8547709216955044, ""K"": 1, ""kappa"": 1.9136542351916432, ""theta"": 0.11961614571511746, ""sigma"": 0.5717919426038861, ""rho"": -0.437972417473793, ""r"": 0.003237979859113693, ""label"": ""sobol_254_10""}"
CORE_GRID,1726,sobol_254_12,FAIL,"[""solver_error""]",UNRESOLVED,UNRESOLVED,"[""coverage_core.jsonl#grid_index=1726""]","{""x"": 0.3834025606513023, ""v"": 0.12412783643230796, ""tau"": 1.7665232300410965, ""K"": 1, ""kappa"": 1.9136542351916432, ""theta"": 0.11961614571511746, ""sigma"": 0.5717919426038861, ""rho"": -0.437972417473793, ""r"": 0.003237979859113693, ""label"": ""sobol_254_12""}"
CORE_GRID,1727,sobol_254_13,FAIL,"[""solver_error""]",UNRESOLVED,UNRESOLVED,"[""coverage_core.jsonl#grid_index=1727""]","{""x"": -0.39525302276015284, ""v"": 0.13484170427545905, ""tau"": 0.49965978380558745, ""K"": 1, ""kappa"": 1.9136542351916432, ""theta"": 0.11961614571511746, ""sigma"": 0.5717919426038861, ""rho"": -0.437972417473793, ""r"": 0.003237979859113693, ""label"": ""sobol_254_13""}"
CORE_GRID,1728,sobol_254_14,FAIL,"[""solver_error"", ""FD_uncertainty_budget_unresolved""]",UNRESOLVED,UNRESOLVED,"[""coverage_core.jsonl#grid_index=1728""]","{""x"": -0.6846543230116368, ""v"": 0.04355334024876356, ""tau"": 1.03449908758898, ""K"": 1, ""kappa"": 1.9136542351916432, ""theta"": 0.11961614571511746, ""sigma"": 0.5717919426038861, ""rho"": -0.437972417473793, ""r"": 0.003237979859113693, ""label"": ""sobol_254_14""}"
CORE_GRID,1729,sobol_255_0,FAIL,"[""solver_error""]",UNRESOLVED,UNRESOLVED,"[""coverage_core.jsonl#grid_index=1729""]","{""x"": 0.6175957784056663, ""v"": 0.03257513348944485, ""tau"": 1.6992720668943273, ""K"": 1, ""kappa"": 3.663706532679498, ""theta"": 0.06487955309450627, ""sigma"": 0.39981669317930935, ""rho"": -0.5668186515569686, ""r"": 0.05412205293774605, ""label"": ""sobol_255_0""}"
CORE_GRID,1730,sobol_255_2,PASS,[],NOT_APPLICABLE_STRICT_PASS,NUMERICALLY_RESOLVED,"[""coverage_core.jsonl#grid_index=1730""]","{""x"": -0.3000975407660007, ""v"": 0.11215593083761632, ""tau"": 1.495496391821357, ""K"": 1, ""kappa"": 3.663706532679498, ""theta"": 0.06487955309450627, ""sigma"": 0.39981669317930935, ""rho"": -0.5668186515569686, ""r"": 0.05412205293774605, ""label"": ""sobol_255_2""}"
CORE_GRID,1731,sobol_255_3,FAIL,"[""solver_error""]",UNRESOLVED,UNRESOLVED,"[""coverage_core.jsonl#grid_index=1731""]","{""x"": 0.32632385194301605, ""v"": 0.13263581111095846, ""tau"": 0.7746122844982892, ""K"": 1, ""kappa"": 3.663706532679498, ""theta"": 0.06487955309450627, ""sigma"": 0.39981669317930935, ""rho"": -0.5668186515569686, ""r"": 0.05412205293774605, ""label"": ""sobol_255_3""}"
CORE_GRID,1732,sobol_255_4,PASS,[],NOT_APPLICABLE_STRICT_PASS,NUMERICALLY_RESOLVED,"[""coverage_core.jsonl#grid_index=1732""]","{""x"": 0.03056280612945561, ""v"": 0.0759521855507046, ""tau"": 0.38100167941523805, ""K"": 1, ""kappa"": 3.663706532679498, ""theta"": 0.06487955309450627, ""sigma"": 0.39981669317930935, ""rho"": -0.5668186515569686, ""r"": 0.05412205293774605, ""label"": ""sobol_255_4""}"
CORE_GRID,1733,sobol_255_10,FAIL,"[""solver_error""]",UNRESOLVED,UNRESOLVED,"[""coverage_core.jsonl#grid_index=1733""]","{""x"": -0.2961592979729175, ""v"": 0.05880652763880789, ""tau"": 0.31757468753863893, ""K"": 1, ""kappa"": 3.663706532679498, ""theta"": 0.06487955309450627, ""sigma"": 0.39981669317930935, ""rho"": -0.5668186515569686, ""r"": 0.05412205293774605, ""label"": ""sobol_255_10""}"
HISTORICAL_CORE,historical_0,offATM,FAIL,"[""solver_error"", ""FD_uncertainty_budget_unresolved""]",UNRESOLVED,UNRESOLVED,"[""reference/CERTIFICATION_RESULTS.json#0""]","{""x"": -0.2231435513142097, ""v"": 0.04, ""tau"": 0.01, ""K"": 1, ""kappa"": 2.0, ""theta"": 0.04, ""sigma"": 0.3, ""rho"": -0.7, ""r"": 0.03, ""label"": ""offATM""}"
HISTORICAL_CORE,historical_1,offATM,FAIL,"[""solver_error""]",UNRESOLVED,UNRESOLVED,"[""reference/CERTIFICATION_RESULTS.json#1""]","{""x"": -0.2231435513142097, ""v"": 0.04, ""tau"": 0.5, ""K"": 1, ""kappa"": 2.0, ""theta"": 0.04, ""sigma"": 0.3, ""rho"": -0.7, ""r"": 0.03, ""label"": ""offATM""}"
HISTORICAL_CORE,historical_3,offATM,FAIL,"[""solver_error"", ""FD_uncertainty_budget_unresolved""]",UNRESOLVED,UNRESOLVED,"[""reference/CERTIFICATION_RESULTS.json#3""]","{""x"": -0.10536051565782628, ""v"": 0.04, ""tau"": 0.01, ""K"": 1, ""kappa"": 2.0, ""theta"": 0.04, ""sigma"": 0.3, ""rho"": -0.7, ""r"": 0.03, ""label"": ""offATM""}"
HISTORICAL_CORE,historical_4,offATM,FAIL,"[""solver_error""]",UNRESOLVED,UNRESOLVED,"[""reference/CERTIFICATION_RESULTS.json#4""]","{""x"": -0.10536051565782628, ""v"": 0.04, ""tau"": 0.5, ""K"": 1, ""kappa"": 2.0, ""theta"": 0.04, ""sigma"": 0.3, ""rho"": -0.7, ""r"": 0.03, ""label"": ""offATM""}"
HISTORICAL_CORE,historical_9,offATM,FAIL,"[""solver_error""]",UNRESOLVED,UNRESOLVED,"[""reference/CERTIFICATION_RESULTS.json#9""]","{""x"": 0.09531017980432493, ""v"": 0.04, ""tau"": 0.01, ""K"": 1, ""kappa"": 2.0, ""theta"": 0.04, ""sigma"": 0.3, ""rho"": -0.7, ""r"": 0.03, ""label"": ""offATM""}"
HISTORICAL_CORE,historical_10,offATM,FAIL,"[""solver_error""]",UNRESOLVED,UNRESOLVED,"[""reference/CERTIFICATION_RESULTS.json#10""]","{""x"": 0.09531017980432493, ""v"": 0.04, ""tau"": 0.5, ""K"": 1, ""kappa"": 2.0, ""theta"": 0.04, ""sigma"": 0.3, ""rho"": -0.7, ""r"": 0.03, ""label"": ""offATM""}"
HISTORICAL_CORE,historical_11,offATM,FAIL,"[""solver_error""]",UNRESOLVED,UNRESOLVED,"[""reference/CERTIFICATION_RESULTS.json#11""]","{""x"": 0.09531017980432493, ""v"": 0.04, ""tau"": 2, ""K"": 1, ""kappa"": 2.0, ""theta"": 0.04, ""sigma"": 0.3, ""rho"": -0.7, ""r"": 0.03, ""label"": ""offATM""}"
HISTORICAL_CORE,historical_12,offATM,FAIL,"[""solver_error""]",UNRESOLVED,UNRESOLVED,"[""reference/CERTIFICATION_RESULTS.json#12""]","{""x"": 0.1823215567939546, ""v"": 0.04, ""tau"": 0.01, ""K"": 1, ""kappa"": 2.0, ""theta"": 0.04, ""sigma"": 0.3, ""rho"": -0.7, ""r"": 0.03, ""label"": ""offATM""}"
HISTORICAL_CORE,historical_13,offATM,FAIL,"[""solver_error""]",UNRESOLVED,UNRESOLVED,"[""reference/CERTIFICATION_RESULTS.json#13""]","{""x"": 0.1823215567939546, ""v"": 0.04, ""tau"": 0.5, ""K"": 1, ""kappa"": 2.0, ""theta"": 0.04, ""sigma"": 0.3, ""rho"": -0.7, ""r"": 0.03, ""label"": ""offATM""}"
HISTORICAL_CORE,historical_14,offATM,FAIL,"[""solver_error""]",UNRESOLVED,UNRESOLVED,"[""reference/CERTIFICATION_RESULTS.json#14""]","{""x"": 0.1823215567939546, ""v"": 0.04, ""tau"": 2, ""K"": 1, ""kappa"": 2.0, ""theta"": 0.04, ""sigma"": 0.3, ""rho"": -0.7, ""r"": 0.03, ""label"": ""offATM""}"
HISTORICAL_CHALLENGE,historical_18,local_R4,FAIL,"[""A_domain"", ""B_N"", ""B_interval"", ""cross_route_unknown"", ""A_financial_sanity"", ""B_financial_sanity"", ""FD_derivative_amplification_or_truncation"", ""FD_uncertainty_budget_unresolved"", ""strike_FD_derivative_unresolved""]",UNRESOLVED,UNRESOLVED,"[""reference/CERTIFICATION_RESULTS.json#18""]","{""x"": 0, ""v"": 0, ""tau"": 0.001, ""K"": 1, ""kappa"": 0.5, ""theta"": 0.04, ""sigma"": 1.2, ""rho"": -0.99, ""r"": 0.03, ""label"": ""local_R4""}"
HISTORICAL_CHALLENGE,historical_19,local_R4,FAIL,"[""A_domain"", ""B_N"", ""B_interval"", ""cross_route_unknown"", ""solver_error"", ""B_financial_sanity"", ""FD_uncertainty_budget_unresolved"", ""strike_FD_derivative_unresolved""]",UNRESOLVED,UNRESOLVED,"[""reference/CERTIFICATION_RESULTS.json#19""]","{""x"": -1.2, ""v"": 0.005, ""tau"": 5, ""K"": 1, ""kappa"": 0.5, ""theta"": 0.04, ""sigma"": 1.2, ""rho"": -0.99, ""r"": 0.03, ""label"": ""local_R4""}"
HISTORICAL_CHALLENGE,historical_20,local_R4,FAIL,"[""solver_error""]",UNRESOLVED,UNRESOLVED,"[""reference/CERTIFICATION_RESULTS.json#20""]","{""x"": 1.2, ""v"": 0.25, ""tau"": 0.001, ""K"": 1, ""kappa"": 0.5, ""theta"": 0.04, ""sigma"": 1.2, ""rho"": -0.99, ""r"": 0.03, ""label"": ""local_R4""}"
HISTORICAL_COLLAR,historical_21,local_R5,FAIL,"[""solver_error""]",UNRESOLVED,UNRESOLVED,"[""reference/CERTIFICATION_RESULTS.json#21""]","{""x"": 0, ""v"": 0.25, ""tau"": 2, ""K"": 1, ""kappa"": 4, ""theta"": 0.12, ""sigma"": 0.8, ""rho"": -0.1, ""r"": 0, ""label"": ""local_R5""}"
HISTORICAL_CHALLENGE,historical_22,local_R0,FAIL,"[""A_domain"", ""cross_route_unknown"", ""FD_derivative_amplification_or_truncation"", ""FD_uncertainty_budget_unresolved"", ""strike_FD_derivative_unresolved""]",UNRESOLVED,UNRESOLVED,"[""reference/CERTIFICATION_RESULTS.json#22""]","{""x"": 0, ""v"": 0, ""tau"": 0.001, ""K"": 1, ""kappa"": 2.0, ""theta"": 0.04, ""sigma"": 0.3, ""rho"": -0.7, ""r"": 0.03, ""label"": ""local_R0""}"
HISTORICAL_CHALLENGE,historical_23,local_R0,FAIL,"[""A_domain"", ""solver_error"", ""FD_uncertainty_budget_unresolved""]",UNRESOLVED,UNRESOLVED,"[""reference/CERTIFICATION_RESULTS.json#23""]","{""x"": -1.2, ""v"": 0.01, ""tau"": 0.001, ""K"": 1, ""kappa"": 2.0, ""theta"": 0.04, ""sigma"": 0.3, ""rho"": -0.7, ""r"": 0.03, ""label"": ""local_R0""}"
HISTORICAL_CHALLENGE,historical_24,local_R0,FAIL,"[""solver_error""]",UNRESOLVED,UNRESOLVED,"[""reference/CERTIFICATION_RESULTS.json#24""]","{""x"": 1.2, ""v"": 0.25, ""tau"": 5, ""K"": 1, ""kappa"": 2.0, ""theta"": 0.04, ""sigma"": 0.3, ""rho"": -0.7, ""r"": 0.03, ""label"": ""local_R0""}"
