Date,SPY,QQQ,VIX
2015-01-02,199.20845064219804,105.25335142955032,16.982799697382006
2015-01-05,196.5071134530871,102.99455850216316,21.826567860059967
2015-01-06,197.20123067007256,103.7016301273865,16.76302571817908
2015-01-07,197.25099461161676,104.37827458000415,15.126159617359743
2015-01-08,200.2315399839611,107.56892174576673,22.498697372910364
2015-01-09,200.9116397706133,108.21383103716367,16.69540571198186
2015-01-12,199.3149738830881,107.45890871059794,18.989425749397732
2015-01-13,196.20976279667514,105.09365194743776,22.85102573485374
2015-01-14,197.50282566507988,105.30697194635864,18.284293049139805
2015-01-15,196.94756535472618,105.42610634586512,16.40768190311632
2015-01-16,196.87665693591646,105.48685854168771,15.18005093532219
2015-01-19,195.74811733978325,105.13421431347433,17.874354289483033
2015-01-20,191.91596734298514,102.6105467575497,24.885555507147107
2015-01-21,193.75559130082328,103.18609485871954,19.769960005119227
2015-01-22,194.77620261080853,103.67166706958136,17.626847206571988
2015-01-23,195.28758352143217,104.83675504867105,16.311019432684862
2015-01-26,196.6748305699172,104.59287118789517,18.539249660068094
2015-01-27,194.29564078467106,103.15419106072703,21.085419049440894
2015-01-28,198.26629883564087,105.39776143585645,25.115075019343262
2015-01-29,197.70679615227596,105.5122072766232,16.412982505123537
2015-01-30,198.50155613705934,105.7299548607332,17.00591695291175
2015-02-02,200.0772117883202,107.1019094438031,18.953205705067433
2015-02-03,194.73215832655865,103.37140836512266,28.539141824012013
2015-02-04,198.1247758623991,105.6768893665304,23.63597299849298
2015-02-05,198.31357696493183,105.18867967941488,15.476243318690221
2015-02-06,195.0212310648134,102.61876353053927,23.37053504094944
2015-02-09,194.38719237887432,102.07527906390956,16.628211430626312
2015-02-10,199.88676183271744,106.43130500528108,28.94950416690773
2015-02-11,199.48306747240875,105.90302439873372,16.010828731118654
2015-02-12,196.71636514090238,103.21741330570626,21.983218744596698
2015-02-13,196.46544906345488,103.46632253877614,15.63816815133683
2015-02-16,197.30613097268437,104.69739045712849,17.134951401096213
2015-02-17,196.15192788156307,103.75156617570434,17.933492848681183
2015-02-18,195.0387442954299,103.06290585601131,17.845636846758016
2015-02-19,197.45052847027875,104.89057197451281,21.144918341635396
2015-02-20,199.1935003134294,105.20538071613177,19.39432573198466
2015-02-23,199.25855036306564,105.02784558181587,15.16325690909029
2015-02-24,199.19675344593853,104.9240225945193,15.155091216083303
2015-02-25,199.56776834259435,105.92923762077434,15.930411266403432
2015-02-26,198.77458988922655,105.69967760424274,16.99120049691418
2015-02-27,198.83097849168018,106.5831581126506,15.141820455536646
2015-03-02,199.18156042600864,106.92374341727316,15.880831608847796
2015-03-03,202.24641663495834,109.78383661487943,22.63503277753601
2015-03-04,199.95963789264007,108.43429462067023,20.685651316798783
2015-03-05,201.9410694675312,109.36255493664795,19.930191942089643
2015-03-06,205.45392266811504,111.91586666490142,23.622934336525013
2015-03-09,203.76569621376328,110.89149925319562,19.12550120810485
2015-03-10,204.2267839027358,111.46687660145527,16.13013819554505
2015-03-11,204.8247533473281,113.42947132155851,16.461844819271054
2015-03-12,204.56905674022175,114.17730037181322,15.624573782149035
2015-03-13,203.6638394632991,114.53461310137261,17.2174076831154
2015-03-16,201.69974053925773,112.99103796452557,19.8453151475524
2015-03-17,197.32862706501783,108.55134360119933,25.954830995476208
2015-03-18,198.55042636392207,110.15406342931824,18.08630418215663
2015-03-19,192.18239077441308,106.13186819364302,31.2991159520443
2015-03-20,193.24677839863315,105.60729322197226,17.761571814283492
2015-03-23,195.11223722582437,107.42896315227553,19.80347590656597
2015-03-24,193.16595247648348,106.07097932711478,20.012645835169067
2015-03-25,194.3398143780146,106.57773499101148,18.029285220017353
2015-03-26,195.82103729617847,108.16408498948081,18.796459916834205
2015-03-27,197.31580691747087,108.30275138713583,18.80217943539501
2015-03-30,196.50953735410974,108.28108308858313,17.047279845094845
2015-03-31,197.28068431104697,109.35579535420455,16.95827092763765
2015-04-01,197.75998480489187,109.76476818282607,16.213294646618778
2015-04-02,196.23246817872243,108.68214802096117,18.877039441195038
2015-04-03,195.2690869597055,107.9262935677158,17.46073904655608
2015-04-06,196.62699422452732,108.6022445814151,18.464981571397793
2015-04-07,195.63475683402874,108.19346923634434,17.529534179948215
2015-04-08,196.60117450917772,109.26689257328576,17.46387328014586
2015-04-09,196.8648616456517,109.38617452088675,15.670165024983335
2015-04-10,196.47638258244467,109.99695038446002,15.987639092566843
2015-04-13,196.77933046473365,110.05321221342655,15.770358655110028
2015-04-14,197.53333115138838,110.61347383499593,16.91219222471858
2015-04-15,197.75370537296374,110.43994844875077,15.557504355176043
2015-04-16,198.19571354631876,111.30889525781159,16.116325307836
2015-04-17,199.66026972336928,111.90513844459792,18.681138034672436
2015-04-20,199.40760002985638,111.4614552918454,15.633149763303223
2015-04-21,199.91782176912585,111.87429667951993,16.277709830302634
2015-04-22,199.61473558040598,111.62427105186262,15.75860212461841
2015-04-23,200.53011664326638,113.2453552067877,17.287628229069313
2015-04-24,200.3815590173402,112.81574074610269,15.37054952934641
2015-04-27,201.92453175429623,114.28294166522774,18.835339155839133
2015-04-28,204.29076609709034,116.00769645911616,20.825140311411733
2015-04-29,201.5339160842441,114.66597583135074,21.793308890339
2015-04-30,204.49015586806496,116.22937356951421,22.28107575046745
2015-05-01,207.04315979059578,117.12666594706243,21.203718088042198
2015-05-04,205.51931580727674,114.4370132940905,18.69362461035555
2015-05-05,210.63986818901174,117.09570254622962,27.30493285423556
2015-05-06,211.23350008019722,118.12444529760677,16.40713381701
2015-05-07,212.44985687392264,119.889807482384,17.870917904999676
2015-05-08,216.2269754788432,123.06591982729317,23.81133775086772
2015-05-11,214.95777238140099,122.05955441075581,17.94353353026032
2015-05-12,212.6647318862827,120.15406280758715,20.362352193459685
2015-05-13,212.05704518682805,120.15428865383618,16.430788687876763
2015-05-14,212.5234294488441,120.12000196864874,16.098459485208462
2015-05-15,213.46112254522333,121.0035625014071,17.201240881876707
2015-05-18,215.0762611306003,122.28127879464279,18.768973944082695
2015-05-19,218.88703949469198,124.15727436068987,23.781563591313294
2015-05-20,217.27474189215758,123.9918079946981,18.69657547995024
2015-05-21,214.7261304460562,122.06563102969038,20.89962006515826
2015-05-22,215.5032074256519,122.18104136708604,16.80619440893772
2015-05-25,215.53820959200456,122.20858079385006,15.081203719753303
2015-05-26,215.47108653011625,122.00507934557723,15.155734604879518
2015-05-27,212.61454332651414,119.56895913176113,21.67293037412002
2015-05-28,214.14865855422326,120.0073283378891,18.594784716986506
2015-05-29,215.6554914689877,121.27877330886852,18.50587375261078
2015-06-01,215.1245851927249,121.23112197180319,16.232430592362164
2015-06-02,221.18857371457165,125.00614252664334,28.899143048828222
2015-06-03,218.64888732476774,123.7895550780054,20.774211704043317
2015-06-04,221.0019241562581,125.22994824281146,20.35210953247376
2015-06-05,219.80722924475705,124.19881547001263,17.710238268532574
2015-06-08,218.00659433603363,123.22404040172412,19.112809976369096
2015-06-09,215.53553886371847,120.73586121995258,20.69975105582623
2015-06-10,217.87668157886233,122.59581043928426,20.401706216309528
2015-06-11,216.63364854755423,121.95872125001691,17.860775305280683
2015-06-12,215.6658830206149,121.87867448898012,17.238649531025867
2015-06-15,214.87653978212745,122.18108350640752,16.833371303441336
2015-06-16,215.8945275116245,124.07127047118787,17.363180124692917
2015-06-17,218.56269306317682,126.61241502503901,21.141454142280637
2015-06-18,219.44005399373245,126.50269839283042,17.00309726341039
2015-06-19,222.39588877490104,127.68018118478294,21.689991899754585
2015-06-22,225.62265314644128,130.36567575978384,22.20242549241558
2015-06-23,224.83541141756888,129.4061817875401,16.74764887630297
2015-06-24,225.7722879086828,129.89183907945747,17.079142994010127
2015-06-25,228.01918455032109,132.33127653144976,19.95142623887962
2015-06-26,229.9622272355309,134.19248248739717,19.242648923065307
2015-06-29,230.4731891969348,135.72947872638184,16.10973689885878
2015-06-30,234.40576349938218,138.7781473039826,23.459552942731612
2015-07-01,234.12199690049889,139.08622405447903,15.605655966549568
2015-07-02,233.89271843685785,137.61667829012507,15.489895882478484
2015-07-03,235.03400883133745,138.70857636935887,17.43384004711094
2015-07-06,234.9393626114289,138.83772408613004,15.201386348544611
2015-07-07,232.8805957048322,137.1196404796286,19.400795991487616
2015-07-08,235.7627353004509,138.8333008923716,21.150041496183988
2015-07-09,236.16390052712669,139.39424493852957,15.850058659222674
2015-07-10,238.82391669317698,140.05363579839687,20.600236212247644
2015-07-13,242.05623093518219,141.88680195109782,21.721764120912823
2015-07-14,239.47797165384094,141.2318297120381,20.35431108700827
2015-07-15,241.20452168830235,142.2249480751306,18.591887542166823
2015-07-16,240.42337931441057,142.0369804762901,16.621880827909635
2015-07-17,241.45036840499978,142.8204859784512,17.131244232290843
2015-07-20,243.37296590865787,142.7196103163909,18.96558384412873
2015-07-21,242.03575855759217,142.5478454953378,17.7548139667725
2015-07-22,240.08396672784843,141.0535629754435,19.048377177366184
2015-07-23,240.50349497166624,141.87015313859808,15.87294901306819
2015-07-24,240.15976510151575,142.23118559473033,15.715115876947902
2015-07-27,239.33306935924062,141.33620328754822,16.724106184681535
2015-07-28,240.54298733888132,142.23231671630637,17.521318841786975
2015-07-29,240.5809053737614,142.29572649084042,15.078811373812348
2015-07-30,242.15887745333129,144.4502291924397,18.26879564503337
2015-07-31,244.13221200411024,147.26062356915074,19.05795093753334
2015-08-03,242.86902526018608,146.91701414855103,17.593811842997752
2015-08-04,242.00160658699627,145.5240499009258,16.788971205066613
2015-08-05,243.15143476401232,145.9756714678986,17.370036322358423
2015-08-06,244.13225790767817,147.4997747566238,17.012840739443888
2015-08-07,244.94638232853995,147.6061272758527,16.664609953990315
2015-08-10,248.93303305020714,150.93927129817993,23.072288881979027
2015-08-11,253.14813717890598,153.96434900694467,23.39546155148551
2015-08-12,249.41443085411566,150.66193990356288,22.42947298223867
2015-08-13,249.92268214947262,151.88661421793716,16.017852383973253
2015-08-14,249.74487734092477,150.81722832360447,15.35584622750796
2015-08-17,247.69016146236675,150.00424433558507,19.130645017484817
2015-08-18,244.1272500077212,146.3505702538509,22.244505180014297
2015-08-19,239.15552253745633,142.54358975816785,25.28777177900417
2015-08-20,238.78224332292524,141.8775666341157,15.781020704146282
2015-08-21,237.97687429476744,141.80283637718657,16.68925934389732
2015-08-24,238.76927973932004,142.95824670592722,16.66211340679445
2015-08-25,238.31893666757495,141.36588057276327,15.943941162270534
2015-08-26,240.36484526876328,142.70155664374818,19.27405551700555
2015-08-27,243.30737981490418,145.15527550941906,21.08381192309458
2015-08-28,241.83764480004882,143.74791429557192,18.02948486861213
2015-08-31,240.71929197257305,142.3236354462914,17.317560363365814
2015-09-01,244.10578688279188,145.14211164118615,21.98509655380702
2015-09-02,242.2343628456583,144.16560833735352,18.847992551969515
2015-09-03,246.60060214920944,147.76960910565828,23.93216675096115
2015-09-04,251.94367341998293,151.36037408430204,25.717755910094212
2015-09-07,251.29338065012558,150.70671701168556,16.292220289738182
2015-09-08,251.76932711297528,150.6539816203337,15.946097966539327
2015-09-09,252.9948926399107,151.76778102464976,17.428000811641365
2015-09-10,250.0640868353945,150.40892855998302,20.826034488634228
2015-09-11,255.46570915670603,156.01696201743385,25.6854787736354
2015-09-14,250.27741860205444,150.55071647969172,25.259106431407155
2015-09-15,250.352261456463,149.56924200766395,15.149497438820255
2015-09-16,249.6466726484589,149.084388745369,16.411181561106556
2015-09-17,254.90856895816324,152.77818335991586,25.429159482653603
2015-09-18,255.32792469545248,153.39012671529653,15.821885217795083
2015-09-21,251.8479453234311,150.89823599323543,21.86159218472973
2015-09-22,253.37409777808477,152.45008368226107,18.020765062703767
2015-09-23,254.35356138970127,153.15164222292947,16.929114573432265
2015-09-24,257.8719258523783,154.77756498314665,21.868888573865966
2015-09-25,253.57942310544138,151.09025002366496,23.392985073400816
2015-09-28,256.3015039170721,152.16341469192884,20.338710527781092
2015-09-29,259.2802260384775,154.22463569462576,20.777464736661088
2015-09-30,257.75379417442207,153.3325161603568,17.952293735404798
2015-10-01,255.53599628559476,152.13906838341651,19.320778888422844
2015-10-02,254.03959999561522,150.8194853883463,17.936562508562922
2015-10-05,256.96482850581697,153.3717196528307,20.724530552896365
2015-10-06,259.22936548490424,153.23529675316118,19.387014679967137
2015-10-07,258.14265079297155,152.32495263498322,17.100454326680193
2015-10-08,260.60644526389325,153.74870188838082,19.74952730659517
2015-10-09,264.16207819926865,157.17213873899075,21.77572527657798
2015-10-12,263.49694019505904,157.2103382735444,16.260545794383738
2015-10-13,266.8049993878381,159.24055781777014,21.23814822505093
2015-10-14,265.8638531993357,159.0606608166396,16.766852263422866
2015-10-15,265.04928063410387,158.96615596133216,16.53428716017658
2015-10-16,264.828311150257,157.1735593983219,15.417019893051176
2015-10-19,265.750535601941,157.34949200365358,16.738149543765914
2015-10-20,260.41167850806676,154.42073327852003,25.147137492668243
2015-10-21,257.7670816353237,151.9719218265455,20.10368243142438
2015-10-22,251.8586778851937,146.76048888879404,26.594132323459224
2015-10-23,253.5797343684823,148.02874966927186,18.40508970674364
2015-10-26,256.93532101146553,149.84440079622163,21.57303821568663
2015-10-27,260.8446357588545,153.29014702189085,22.55029039255165
2015-10-28,255.83552327073323,149.77054816750731,24.695107008861562
2015-10-29,256.0705378708193,149.91468231250695,15.459097155586184
2015-10-30,253.12947309775322,147.13834861924732,20.775917940856107
2015-11-02,249.79973987581934,144.92304689196413,21.620776420406273
2015-11-03,248.45548673552074,143.55143770344483,17.697927347318235
2015-11-04,245.3129999142717,142.1962020146567,21.364377912383098
2015-11-05,250.51816242073173,146.02116345677416,25.498238364208234
2015-11-06,246.8964406685382,145.13550889306762,22.281221204123156
2015-11-09,244.52636023144115,143.21595821026588,19.82293212542108
2015-11-10,244.17425538872496,143.14583556572745,15.72049204029813
2015-11-11,244.38058120822578,142.621533255958,15.422318676045174
2015-11-12,244.5171586932711,142.87640774316415,15.279357987266922
2015-11-13,241.6674411753886,140.3764313697291,20.86145705599766
2015-11-16,242.32391559832158,140.58470594865253,16.356377167340074
2015-11-17,243.05989953752936,141.53651389215685,16.516293869516037
2015-11-18,244.86497093765135,143.20695805771973,18.69950323148595
2015-11-19,244.49434205385398,143.83531322178322,15.757375909325594
2015-11-20,246.9200320650312,146.1752171423443,19.936179811273533
2015-11-23,243.43454085514645,143.41198680356234,22.108223530068496
2015-11-24,246.73400466510094,146.38874669839106,21.73138591729795
2015-11-25,248.93192407805387,147.39054802577292,19.434304823910644
2015-11-26,249.81937431414468,148.16366286440237,16.779346089982578
2015-11-27,251.06741078975134,149.63779246511908,17.491658984578354
2015-11-30,253.62084992848807,151.24758903262358,20.059481516394488
2015-12-01,255.88143927767746,151.6816326317837,19.436887195649863
2015-12-02,253.2766935973388,149.50035882267014,20.115833835708766
2015-12-03,256.199485562464,150.6451797350066,20.736919898973163
2015-12-04,256.8490898050907,149.89330590920673,16.266165858280736
2015-12-07,259.96159290403546,151.57191213805353,21.02259363989086
2015-12-08,261.09737891132755,152.69943514079802,17.179768255766596
2015-12-09,258.60272916743577,151.0791067441546,19.80020855423645
2015-12-10,255.85119321661463,149.3585732991021,20.3485104659129
2015-12-11,257.04584667171173,150.0396732995466,17.329230864374072
2015-12-14,259.9694511241896,153.20592651034383,20.654833866072178
2015-12-15,256.17565440083837,149.73816885674344,22.35038462331384
2015-12-16,255.37381715534693,148.3262590350027,16.567468928754288
2015-12-17,258.1959245045087,150.35119129315564,20.495136348818104
2015-12-18,257.3344571099364,148.7189112784482,16.671032837510033
2015-12-21,262.0899589846639,151.82624561281636,24.15558568846639
2015-12-22,263.95711691294565,153.3626208856873,18.5494271423849
2015-12-23,267.3083194634473,155.77040382183256,21.308046356217908
2015-12-24,265.569520861555,155.52702655755027,18.26304575190175
2015-12-25,270.5985533962808,158.91355482216892,24.379857292829257
2015-12-28,272.8031872186177,161.20738611792248,19.057119721555907
2015-12-29,274.003251772891,161.08679447503008,17.19468242408053
2015-12-30,276.32289781539623,162.7368215306922,19.21506370678077
2015-12-31,277.3245052153601,164.20373778297733,16.809108987403853
2016-01-01,281.428124330158,168.33889309985955,22.344382255300932
2016-01-04,281.39558540715245,168.376641793708,15.057813703436533
2016-01-05,280.9245240916399,167.5932824558512,15.837710438851124
2016-01-06,280.6679584844155,166.30104505401252,15.456853738314376
2016-01-07,281.57744227456163,168.1087864979441,16.617593638245555
2016-01-08,282.04762761757263,169.02294047500556,15.834216711068258
2016-01-11,277.0968519862827,164.31692307490243,23.854428851543656
2016-01-12,280.4648730449808,168.25888494493924,21.040698049726007
2016-01-13,278.06389020880437,165.95218123349508,19.29878957692074
2016-01-14,276.957207786367,163.92629643460566,16.993949226608127
2016-01-15,276.21286680811556,163.77215030331556,16.345592362414507
2016-01-18,278.61054162073196,165.5434276288629,19.321536730860963
2016-01-19,272.9808510733836,162.12489677636833,25.2066241640011
2016-01-20,269.40301141956706,159.19063045272787,21.5966039881881
2016-01-21,276.24531802057805,163.4073592575701,27.540431093200155
2016-01-22,280.1857212986589,165.0373542049747,22.081684647621117
2016-01-25,285.35330845196603,168.70414076386484,24.13770881920889
2016-01-26,284.81128327944487,167.30474994658482,15.950647135341553
2016-01-27,288.6166090310848,170.53853927562974,21.63619901227792
2016-01-28,288.24436761162036,170.48515782002073,15.645288009075497
2016-01-29,287.18797797776665,170.34130409381467,16.83582106343579
2016-02-01,282.1792109331443,165.80221730502558,23.797304016238375
2016-02-02,282.15847298703574,166.60202241078017,15.03674740622283
2016-02-03,281.60330789693916,165.7914697405998,15.984751518062344
2016-02-04,275.55983587602356,160.8602363366983,25.84728794239144
2016-02-05,273.0970168230795,159.89830535840719,19.488845044983535
2016-02-08,272.48319090876527,159.43026463958634,16.125088785505554
2016-02-09,269.5267794248217,158.13804435220933,20.454587490892536
2016-02-10,271.7704083490936,159.49713201395662,19.144935210847777
2016-02-11,271.0732857200458,157.5976327267382,16.28420578500235
2016-02-12,272.1083164841994,157.8772323180465,16.90549903137357
2016-02-15,275.5825415371559,158.8261078340705,21.343490315267392
2016-02-16,276.8143750428617,159.72347260816764,17.22998266396585
2016-02-17,273.2132317299061,158.2601094815481,21.547298218014475
2016-02-18,275.31577481437097,160.566045946155,18.833076020693525
2016-02-19,273.90306389763526,158.17006472873007,17.572224280770897
2016-02-22,269.5577022030835,155.3584684797502,22.995893302906417
2016-02-23,269.1750443813113,155.48768470723212,15.710292605286336
2016-02-24,270.6243946053954,156.8558285944487,17.684985574758947
2016-02-25,271.9210566314214,157.6226285648358,17.38996473361612
2016-02-26,267.6795157518418,155.10499960352118,22.86068150842189
2016-02-29,267.9267582034051,156.91018204549403,15.46161234688093
2016-03-01,270.8541415157961,159.95542966263787,20.433399961101934
2016-03-02,269.2161730407427,159.77380565859795,18.032889335224215
2016-03-03,269.4446925402013,159.64757587035996,15.424236338241368
2016-03-04,269.8337838387128,160.37710915996936,15.72150360726475
2016-03-07,270.51537434121207,160.01047902640832,16.26138970270403
2016-03-08,273.8018829806277,161.85215883588126,21.037928309999995
2016-03-09,274.4027404618708,162.2671536782595,16.0960464325836
2016-03-10,271.05678449196455,160.28961865870522,21.134273553583768
2016-03-11,268.39357303488777,157.25120581821062,19.93693823169903
2016-03-14,269.23535851777467,157.9489683899506,16.565738228307175
2016-03-15,264.04708485448276,155.4480458979006,24.729248414393517
2016-03-16,264.2583914507632,154.51065014459283,15.399970503857478
2016-03-17,264.6997322241182,154.49088698117362,15.834358819754325
2016-03-18,266.2386745833063,156.89683186583773,17.898540865159163
2016-03-21,265.3502015794903,156.45970865558635,16.671355197505893
2016-03-22,265.7475676511985,156.7351902595276,15.74819773096062
2016-03-23,263.9696480116028,155.51110134390512,18.35636876286809
2016-03-24,262.083015887181,153.64566713152283,18.58640938962664
2016-03-25,264.8217770214647,156.50695912767858,20.197876041942987
2016-03-28,263.49111506583773,155.13973891143323,17.51870584535864
2016-03-29,264.60087589816743,155.76978511650856,17.10145672521154
2016-03-30,267.8281296798672,157.62851196917904,21.061452836332098
2016-03-31,272.5337834346745,161.6211003501271,23.708557352600597
2016-04-01,276.7959473641308,164.3582000088,22.75900014240562
2016-04-04,275.2710153674224,162.81133937187755,17.762229906908317
2016-04-05,271.2507081817629,159.61871678568366,22.356303568687146
2016-04-06,270.6182778135655,159.49120828296435,16.167128349667085
2016-04-07,269.51432471967786,157.62597327913173,17.043858537536895
2016-04-08,269.50451671122,157.2237589155851,15.018196040110377
2016-04-11,268.95567998724295,156.9943388172747,16.019271094515023
2016-04-12,268.77329352915524,157.21180253948128,15.339179166577438
2016-04-13,263.98005293499244,153.01617086346863,23.997353027737617
2016-04-14,265.0352657457503,154.08825152541567,16.994676095313977
2016-04-15,270.3321058442064,158.27348909825227,24.894164684383504
2016-04-18,275.4629403394329,161.37854154481025,24.400938466862755
2016-04-19,277.3431879541455,163.5762905768022,18.401291644934773
2016-04-20,279.55412130203393,164.25977813506918,18.97011249151241
2016-04-21,277.5461247626893,161.9327307612641,18.604387629020263
2016-04-22,276.4356560465295,161.04648810619975,17.00452477312401
2016-04-25,282.9668026472785,166.29312344371414,26.675750220059776
2016-04-26,284.10776606189876,167.43440019594334,17.01201926025581
2016-04-27,288.07065679149645,171.60145132187094,21.926080988941674
2016-04-28,288.5742258271397,173.8794175203187,15.873274312892553
2016-04-29,290.4695638804983,176.19728574471807,18.27323227700282
2016-05-02,293.03413568452396,178.48740251815013,19.39515348319788
2016-05-03,295.2355312571759,180.98066189010157,18.742171273403407
2016-05-04,292.3007984642775,179.697450963227,19.995022523438124
2016-05-05,291.82331175917614,178.25078888126018,15.817440682721251
2016-05-06,298.5539692859082,181.477102995792,26.40109785480753
2016-05-09,298.7120045567165,181.94155802574474,15.264597819761423
2016-05-10,302.6808211135392,184.68799955358304,21.599470437980735
2016-05-11,302.55434016223205,184.9839896745526,15.208978197634378
2016-05-12,299.06439443025766,184.18541903286774,20.80099102390788
2016-05-13,296.79414708924486,183.1845460304712,18.810062570588254
2016-05-16,292.475697514188,179.7436136605639,22.32860662526085
2016-05-17,287.28041066804366,175.00244153180495,23.96139918863645
2016-05-18,286.51273796970804,175.51436162396175,16.337891813785443
2016-05-19,284.5221974652027,172.62218504643036,18.48586127307115
2016-05-20,280.69158194098713,169.45696793148548,21.777389926043284
2016-05-23,278.6002519030502,167.29191621785904,18.73926393777692
2016-05-24,277.0883520519878,166.8041170264305,17.720774856585283
2016-05-25,278.6494281122031,167.95047014105796,17.809022927502454
2016-05-26,280.2901441477546,168.49118969011337,17.93541704592411
2016-05-27,280.8110567965111,168.30893040884564,15.928375839393832
2016-05-30,283.8716641508233,171.22952325479696,20.420100902166794
2016-05-31,284.23252007594243,172.9349776350353,15.635193303745693
2016-06-01,285.10753224218047,172.53399845866542,16.536889687648337
2016-06-02,282.35983112347253,169.765463086831,19.842080390917825
2016-06-03,280.5245056264721,168.7091013452721,18.26058460185037
2016-06-06,280.4875846130452,168.99935771878225,15.065811439936024
2016-06-07,279.5182163363426,169.22020929346365,16.730998577603835
2016-06-08,284.73805633439434,172.53857498212747,24.251095928381023
2016-06-09,286.5880689592984,174.76807417282123,18.238113940576735
2016-06-10,288.747367172517,176.53964922057116,18.7531294201824
2016-06-13,288.46112415806056,176.3604260381102,15.495909263672432
2016-06-14,289.79077999295544,178.0626732215781,17.299444530736626
2016-06-15,294.4938530269902,181.42801173669525,23.04945799430702
2016-06-16,292.6538264223472,179.95531962055193,18.133849783767232
2016-06-17,296.5090561829895,181.70033058583934,21.543665428900194
2016-06-20,292.27623317648215,177.8932064580966,22.1892012363329
2016-06-21,294.15350501376025,179.7157094719459,18.20119892900392
2016-06-22,297.36246141498583,181.66464491843107,20.42502326917539
2016-06-23,300.5516688560457,184.76706911033185,20.3339393147307
2016-06-24,303.6218909908991,187.36909916133087,20.081732745911147
2016-06-27,299.3918977930884,182.66258072635208,22.01486874756629
2016-06-28,298.54462141979496,181.46386672104094,16.417001492882346
2016-06-29,303.6674885235023,184.49703581048146,23.5069539389736
2016-06-30,307.14991532955327,188.02223672911998,20.701318456437996
2016-07-01,305.4354698116232,188.87730734699886,17.798711878881786
2016-07-04,303.3644864174411,188.1266697521521,18.401760071497648
2016-07-05,304.9864363426825,190.17549094311318,17.666148283310058
2016-07-06,304.82129486727774,191.18663009203735,15.270809094391309
2016-07-07,304.4297642818957,190.4944301786891,15.64264252544449
2016-07-08,302.3882722798501,189.49936492073903,18.364269980649304
2016-07-11,303.4449620184778,189.70850326666968,16.744194194644685
2016-07-12,306.2106340110553,189.90603612197683,19.536480896360025
2016-07-13,306.41122588921246,188.8614471096324,15.32743181145772
2016-07-14,308.78447444768153,190.58182865363324,18.857732312060612
2016-07-15,308.997300922688,190.3236784254862,15.344501071269702
2016-07-18,317.6414367889378,197.1045013161044,28.795323680084177
2016-07-19,319.98015364415784,197.5609169993968,18.667892333361024
2016-07-20,324.6967578610761,200.32823039726605,22.316360010735846
2016-07-21,319.54110980641025,196.76014007739374,23.00287964943221
2016-07-22,317.63307433869056,195.6243896808497,17.994536217049518
2016-07-25,317.265277675072,196.30772451034133,15.579300140872647
2016-07-26,314.8353496605776,194.04608175109604,18.84422966740719
2016-07-27,308.23971942876346,188.1880281550744,25.58600629960658
2016-07-28,307.2759406252566,187.52033518001696,16.565808400508114
2016-07-29,312.46689215235875,192.3300848518649,23.376172585625394
2016-08-01,314.0593000669974,193.7520138153941,17.541651671381548
2016-08-02,315.9196596926928,194.23650039138988,17.95305899453033
2016-08-03,319.33902022624846,197.92827814095148,20.382679001313676
2016-08-04,318.8463797319102,197.43039762882375,15.771939615390517
2016-08-05,322.7721745852586,198.52867673124712,21.118656977833993
2016-08-08,323.273358135557,197.9902084734328,15.775771405350689
2016-08-09,325.67473907673275,199.7409659176376,18.700437542501625
2016-08-10,322.6005420377101,197.7998443995083,19.742152250340876
2016-08-11,322.99327071774076,198.13928745096354,15.608321704320916
2016-08-12,324.4813476431232,198.51729629599754,17.29828243955997
2016-08-15,322.2408934350075,195.97119181446428,18.464336045414697
2016-08-16,318.9434211386203,193.99661244769695,20.142829125201533
2016-08-17,313.938968656152,190.15213909146752,22.9075620864679
2016-08-18,315.41320162374797,189.71163319169275,17.342465369400788
2016-08-19,316.29548584002765,190.53990261427595,16.396664012179066
2016-08-22,319.3420178357142,192.17717384622722,19.792913109060812
2016-08-23,321.3222061578259,192.00908071134052,18.090846271331117
2016-08-24,327.86168925848443,195.6553823461155,25.073731579603123
2016-08-25,329.0717802343096,194.56994010690963,16.842031804841262
2016-08-26,332.10364249235124,198.4324566166472,19.58559620460634
2016-08-29,333.4686555193195,199.5259338989972,17.05088905421722
2016-08-30,334.1141422392482,201.1612525337861,15.966901668603377
2016-08-31,332.74004425288933,198.7915702036292,17.060570300038574
2016-09-01,335.0405814801975,200.73643768465317,18.445063004115646
2016-09-02,335.45502151513824,199.1314603111685,15.6181100753974
2016-09-05,332.155406698903,196.5328778406979,19.942465762026398
2016-09-06,332.89696591088915,197.43637568044198,16.115039280900685
2016-09-07,329.4820222326346,194.62826053728608,20.155619360210977
2016-09-08,330.2808951389941,195.12962318152444,16.21084904251046
2016-09-09,334.1184200244684,197.84287795772102,20.77599566072899
2016-09-12,336.7339604699275,198.18064069789216,18.8988513337285
2016-09-13,332.3709096210154,196.12266064502697,21.520820404006
2016-09-14,327.6303797031287,193.65114269925704,22.182730576679965
2016-09-15,319.86907856790606,187.66507798372973,26.98714960686221
2016-09-16,318.8291801626174,187.31438187255753,16.62815431224066
2016-09-19,318.8673867117615,188.3727644698118,15.059913368166816
2016-09-20,313.15419216364455,184.3970836783712,24.039802376838818
2016-09-21,311.25202604806543,182.37406064328732,18.046369405624286
2016-09-22,305.8595747787287,177.98148238694296,23.738433239077132
2016-09-23,303.9718168094153,175.320236376631,18.09555071306774
2016-09-26,307.6425274391302,177.87107070938055,21.0017472420548
2016-09-27,308.1854465563923,179.49774293347556,15.881608632355576
2016-09-28,313.3210279233099,182.1662298798889,23.26330612296667
2016-09-29,315.6105142070154,183.06333277546918,18.64029507754291
2016-09-30,314.2754316460979,182.18361059887133,17.11956556423985
2016-10-03,319.410709600065,185.10149198681054,23.103996661125592
2016-10-04,322.3927080701394,186.13433312465224,19.646313569905676
2016-10-05,316.95069883771663,183.4441758127429,23.51207755866875
2016-10-06,315.9467936038422,182.46926597598045,16.586206435990775
2016-10-07,313.70246274932276,180.42701322959954,18.564429460886025
2016-10-10,313.12650874185016,180.332191198304,15.91883782619046
2016-10-11,314.23876812505586,182.33891529199786,16.772907410674005
2016-10-12,317.94003994982876,185.33224867817358,20.85485319935139
2016-10-13,318.911954113109,185.63064843506825,16.52612369418256
2016-10-14,318.08775224842435,185.4761102004127,16.29388179679506
2016-10-17,321.0936215009632,188.50663498489604,19.702720596694114
2016-10-18,320.2689846353029,188.41547880329657,16.28575834043542
2016-10-19,322.4427607266064,189.3606423653077,18.38220733607093
2016-10-20,321.8952612981373,189.26679897647807,15.84970860250399
2016-10-21,326.14873785967984,192.7006693802497,21.56365562994441
2016-10-24,326.55598555294955,193.9535580899189,15.623938714565464
2016-10-25,324.8695058464342,191.91298738657804,17.588912310982746
2016-10-26,320.88319574466317,188.88110723540186,21.173200250067815
2016-10-27,321.41739653737267,189.60451306257485,15.831699242226568
2016-10-28,319.95228936916715,188.66334299156816,17.284345127034097
2016-10-31,324.48547197857573,192.49833260327216,22.034437851661004
2016-11-01,326.68169657032894,193.14959030019156,18.372763593692447
2016-11-02,327.6745823146272,195.32469975994118,16.517348481746115
2016-11-03,326.77652976541845,196.3792489352959,16.37222337361623
2016-11-04,328.9200463799955,198.56539672390082,18.269079523044155
2016-11-07,325.8132276353302,197.28130739647415,19.74520264453475
2016-11-08,319.4048953671399,191.84612992138108,24.93236669854383
2016-11-09,315.5109974941253,190.18259070322807,21.133011849523033
2016-11-10,315.89292357784933,190.1314497466752,15.604884001442214
2016-11-11,322.84798802805113,195.8974560953883,25.889140208188234
2016-11-14,326.5170667391375,197.88996441073465,20.650315997895902
2016-11-15,327.1571077278291,198.1440042694814,15.979144072433709
2016-11-16,326.31793174654564,197.8162654770377,16.284175204695046
2016-11-17,325.50349257491746,197.48668630821777,16.249482703505812
2016-11-18,325.49084237190124,197.53361223956645,15.019432124580437
2016-11-21,324.9428477289572,197.58357137215307,15.842506747333159
2016-11-22,329.66593271215567,202.77643737284194,22.215251437306396
2016-11-23,324.2998661244499,199.77141893126816,23.205608049711728
2016-11-24,328.09113998107324,203.3378584426999,20.811417541634135
2016-11-25,326.91080153632737,203.3349035505456,16.802040036198722
2016-11-28,323.09992274062034,200.93536350802736,20.862860899411004
2016-11-29,321.16088499177977,199.81403924732794,18.0097183942087
2016-11-30,320.8459000467644,199.56245947944987,15.490625609618961
2016-12-01,325.31813544593973,202.76272026060212,21.921318066165057
2016-12-02,323.147292208116,201.83676056570678,18.347674763733473
2016-12-05,328.20155088598557,206.00817953649872,22.759835882930634
2016-12-06,326.3426152264491,206.10576214307304,17.840053817261328
2016-12-07,331.25606986597626,210.03300679734116,22.471952408186954
2016-12-08,330.4011459864561,209.57335304459718,16.29209556671568
2016-12-09,338.22236645624776,218.29534709431115,26.698028984980752
2016-12-12,341.16876165638945,219.8830972441585,19.33684449258792
2016-12-13,340.4757790072538,218.40183521309459,16.016633812109358
2016-12-14,346.67166126504105,221.46668790589328,24.017060702548022
2016-12-15,347.3999228398838,222.7266733947042,16.049260420365904
2016-12-16,343.5505824143461,218.41157763756044,20.571137470645276
2016-12-19,342.6560356350153,216.71156655678814,16.303612151986915
2016-12-20,338.10644225621746,212.6127706870774,21.683184314858686
2016-12-21,334.01825087466625,209.73633510778706,21.08256450172529
2016-12-22,337.42647116149084,211.66614463350786,20.075994265300256
2016-12-23,338.43540059012935,213.76234335774544,16.492805290937795
2016-12-26,335.8642315995485,213.7363979922825,18.813114125067408
2016-12-27,337.6386919458857,214.7380790615858,17.634679657842565
2016-12-28,335.15846566856214,211.0543175724714,18.686456585966194
2016-12-29,336.22927465654413,213.062644416183,16.59492024002015
2016-12-30,337.3057292243101,215.00623833627063,16.598217580515506
2017-01-02,340.58278844111436,217.1206386529455,19.834253213708703
2017-01-03,331.934999375322,211.6830340045277,27.859534580852177
2017-01-04,333.73019999203194,212.56311805129275,17.696858677014596
2017-01-05,338.70565251967514,219.1710302641637,22.3992832323378
2017-01-06,343.5024880675268,225.30246613713337,22.03145318296091
2017-01-09,346.62460051548845,226.01277917344564,19.5239982594759
2017-01-10,346.8194403394484,227.53640447994226,15.280974119911853
2017-01-11,346.6158594762542,223.54290727708636,15.29358307703306
2017-01-12,339.9238245441969,216.10638881650422,24.74779323665831
2017-01-13,337.3514448474114,214.97303892582113,18.79814852643703
2017-01-16,336.3392658987918,214.24265252767862,16.502439760679025
2017-01-17,331.66470196626096,210.9825617337105,21.997922861337923
2017-01-18,325.8266256158074,206.38986514161422,23.879554059480093
2017-01-19,323.55873949017024,203.83559927449687,18.49237212248219
2017-01-20,318.4046713312656,198.6547264355911,23.028773630026702
2017-01-23,318.0493899602757,198.57502615680778,15.55822003425036
2017-01-24,313.0692542487564,194.8586975776448,22.891129707044644
2017-01-25,314.01685673990335,196.57157614831172,16.51112135290703
2017-01-26,311.8879773799367,194.666352807633,18.401295937409536
2017-01-27,309.1789620311166,192.53787887379752,19.361901040982445
2017-01-30,308.4660430130628,191.11551263993888,16.154254189444522
2017-01-31,307.03454708403706,188.3092945740828,17.325746771149156
2017-02-01,307.77672617980437,188.3279411275935,16.207166310306683
2017-02-02,307.18139583888745,188.18426522122707,15.96808303781859
2017-02-03,306.693812906295,187.63270045945526,15.794270607738433
2017-02-06,305.0639573022361,186.5879142940622,17.66422355336367
2017-02-07,302.83807583862483,185.24665030796464,18.661595602461723
2017-02-08,303.9605790914791,186.18858598843894,16.84987973219205
2017-02-09,302.70717335571067,186.02325072603986,17.066052652592916
2017-02-10,295.89174645074905,180.50463400316895,26.386123834977226
2017-02-13,295.06878245702046,180.40782636183062,16.39258797409236
2017-02-14,294.081015611214,179.92780916964145,16.676598675883543
2017-02-15,296.67468960189865,183.10122981497133,19.39046230638644
2017-02-16,301.33426296847176,186.78701510432077,22.791969748680145
2017-02-17,309.098804275765,191.52570824090878,27.720411966555556
2017-02-20,307.40876879789147,190.0809670975816,17.741312167290197
2017-02-21,309.87951412485427,192.97232813249047,19.00260071307251
2017-02-22,312.31146012847836,196.74095020905494,18.908700847956798
2017-02-23,306.7710898225779,191.81456504718977,23.949562903370143
2017-02-24,300.7488339239157,188.29906683734308,24.91317804273021
2017-02-27,294.5625725280827,185.14629804212743,25.392013356535333
2017-02-28,294.8624067166399,186.65047819847706,15.508689358234461
2017-03-01,292.96638411147353,185.64975639741007,18.225478591674957
2017-03-02,296.8897896757792,189.2576637703096,21.651559481593328
2017-03-03,295.73776198804836,187.8342214864813,16.943934492450435
2017-03-06,300.02225728106384,190.11030482900983,22.191770211338095
2017-03-07,302.026497331143,191.33716352297873,18.329045096005597
2017-03-08,308.7514382197498,195.4590038863145,26.010896549938032
2017-03-09,301.7908735567754,189.84248784945294,26.40112014681958
2017-03-10,304.7973022852314,192.9455099479771,19.956333581883815
2017-03-13,303.7371986847931,193.21249822553725,16.742061742007493
2017-03-14,304.9285841239832,193.06837206481723,16.95737462884205
2017-03-15,306.934366381582,193.3047136442507,18.27816783301769
2017-03-16,305.00606668142757,193.12322757673445,18.151133637208645
2017-03-17,301.85622678549777,190.30830685552394,20.190416698808505
2017-03-20,306.62053613734025,193.90276372712307,22.830055325021092
2017-03-21,308.2141013214574,196.8031327825422,17.59186560975501
2017-03-22,311.834686249012,200.34618130904406,20.839259991068637
2017-03-23,316.66200130962085,203.2409167242052,22.680883744522284
2017-03-24,325.6431412315371,212.53845343347825,28.983579939857563
2017-03-27,327.01543296145854,214.2350470170781,17.10262119658126
2017-03-28,324.6991502018274,211.69761345091925,18.554151729228536
2017-03-29,325.6694218377134,213.72606107037694,16.491880754155
2017-03-30,329.7876229354533,216.94908893128965,21.283028492998618
2017-03-31,328.4342091775914,216.30715982488175,17.05616951484643
2017-04-03,326.1651415697342,214.90034934456492,18.466359527191067
2017-04-04,319.6839359411063,210.68899026536263,25.035507411830757
2017-04-05,320.55312503824916,212.01205453046794,16.357605930859837
2017-04-06,320.475592328875,211.1076590594372,15.120950446761121
2017-04-07,319.39181291768693,211.7936699421249,16.69375786090878
2017-04-10,321.87355145794896,213.60943433058065,18.870084162097534
2017-04-11,322.2891602675047,214.01598829371056,15.64519237090191
2017-04-12,324.29142417693384,215.1868795985047,18.096706517166613
2017-04-13,334.248756443581,224.0404568805792,30.121463338943563
2017-04-14,338.3935119428362,227.35403296380488,21.161979632716747
2017-04-17,339.15556232378276,227.24880129884662,16.124716616430206
2017-04-18,339.6860700067734,228.32560372640788,15.781489769812199
2017-04-19,338.33544657909624,225.56221852587404,16.992009370068086
2017-04-20,339.06806046429716,226.02812686846676,16.081503362792358
2017-04-21,335.9344153200581,222.29196103206962,19.642453574802083
2017-04-24,336.41818143629627,219.91932629203436,15.719512651626019
2017-04-25,330.72562500715367,214.77912246738063,23.532934779108853
2017-04-26,334.43932116743315,219.98094200886567,20.583178682510034
2017-04-27,340.8491652116448,227.29674862974124,24.492293573936525
2017-04-28,338.8185720863597,225.9203336620717,17.987635068600717
2017-05-01,335.35219441594074,221.07032370898781,20.14173617427206
2017-05-02,331.70845224365905,216.3405783121747,20.462439481947623
2017-05-03,333.8482396691421,218.76986865896603,18.21504512557247
2017-05-04,336.0887541895539,221.13006216198568,18.344378492649934
2017-05-05,339.5626457417201,221.58904850887473,20.141589530239685
2017-05-08,332.5570961676138,216.67370231006896,25.42344518231131
2017-05-09,337.5141757617531,222.63158769395918,22.397974268065262
2017-05-10,336.90340998458066,221.87115775804696,15.90561983710608
2017-05-11,340.7411316608889,223.83637596965053,20.663386142224123
2017-05-12,347.5762845510844,227.87365571008124,24.930560251609954
2017-05-15,346.42348065820704,226.9545542065892,16.6611027999782
2017-05-16,348.47529967302836,227.87650380143643,17.952696185060987
2017-05-17,347.2651704545128,226.1313551476024,16.739341738496233
2017-05-18,346.40985007821087,227.36334227418573,16.233028124768847
2017-05-19,352.11268145275903,231.664317714094,23.16431514510299
2017-05-22,351.4597365605191,232.38597950809182,15.928042462972163
2017-05-23,354.92197753309324,234.75341439036458,19.90141325703361
2017-05-24,357.54218391450144,237.20797927377467,18.67768420681394
2017-05-25,362.80430418964625,244.76422249711447,22.30511492114239
2017-05-26,370.7549389332319,251.66958336640923,25.838860207821206
2017-05-29,373.5496455593741,253.19232737994025,18.75480659147947
2017-05-30,377.72338131935635,256.5366884472726,20.555608348830006
2017-05-31,384.7532796187233,262.81149435191134,24.220082216388146
2017-06-01,387.2087726121511,264.05778102364593,18.180857488740887
2017-06-02,383.3785137730722,262.8995261919288,19.97061196234924
2017-06-05,389.91812153861474,267.846859788967,23.456992274353073
2017-06-06,391.15218491522256,268.37678821615503,16.579965840810555
2017-06-07,397.88282156873646,275.8359496782492,23.530419887427094
2017-06-08,386.78171704493093,266.4259446559769,29.14852425466936
2017-06-09,393.14687372192355,269.27511283903925,23.16138563918497
2017-06-12,396.04943692795206,271.97495807912514,18.677888827375032
2017-06-13,396.5209545520672,273.1069310823332,15.594922148003944
2017-06-14,400.8676486620467,276.860423561554,20.451215564740746
2017-06-15,406.18226733075426,280.0819890596493,21.585336778955
2017-06-16,409.98282528614254,283.4362994307078,19.656638050945823
2017-06-19,413.9857089924664,287.8740228403687,19.858092306335728
2017-06-20,410.61079672915054,285.21864212945576,19.09282732163831
2017-06-21,406.00531331266956,282.83335546945284,20.639776375622834
2017-06-22,399.2718836293295,276.27082734191254,23.361824527287922
2017-06-23,405.0605249121492,281.8400065291997,22.196951364925127
2017-06-26,404.0222720561196,278.23319716788,16.28324743749992
2017-06-27,402.23158423736515,276.863596470296,17.22100117620717
2017-06-28,402.7909569712848,275.62885067421587,15.694853616279453
2017-06-29,406.2951262375072,280.14790395379003,19.331048635368024
2017-06-30,401.83401985753954,276.5559670776154,20.520345006317008
2017-07-03,402.3202667049614,274.431809578493,15.604668674666492
2017-07-04,408.70490145491374,278.722910068367,22.872464255680697
2017-07-05,406.3811634965927,276.74396543234224,17.850918883067873
2017-07-06,416.0879273606652,283.61073852265514,26.802528124313852
2017-07-07,420.3244036833144,287.44168828293226,20.06510054266728
2017-07-10,418.8195923504299,284.9693348040905,16.793271420716042
2017-07-11,421.56363885416084,284.73510196766216,18.265243943486986
2017-07-12,421.7731684507899,283.58350754827643,15.24845304880023
2017-07-13,422.4561738976286,284.53020985532186,15.809028496870283
2017-07-14,421.55013872244007,284.6423144050148,16.073493775669636
2017-07-17,421.40361096713184,283.13559930295366,15.17382656739827
2017-07-18,422.4453337650655,284.6491264185704,16.23449028836286
2017-07-19,419.76259505566367,280.86862419002597,18.185374645809166
2017-07-20,418.46568764734843,279.5418723193312,16.547201961491094
2017-07-21,423.52672246943337,282.72076026444097,21.010856764895006
2017-07-24,423.17829745466395,284.2985392037603,15.411506990318474
2017-07-25,433.0071565207753,292.2515529454644,26.48032920266434
2017-07-26,436.7566146730856,294.9278346095177,19.310919243979555
2017-07-27,435.5851632992576,294.8754319620663,16.342882007465935
2017-07-28,435.2581229091619,294.9009263084491,15.37554449882036
2017-07-31,432.7069309413073,292.646138835655,17.939288054821496
2017-08-01,434.80790712697416,295.83776153139723,17.421837876526965
2017-08-02,434.86358130703593,296.62943200082316,15.064017483473137
2017-08-03,434.6737985210783,292.81829996105154,15.218257194427482
2017-08-04,439.1434569840271,295.4789271785696,20.11513982709689
2017-08-07,436.7523784256762,296.0572674393117,17.729873121081656
2017-08-08,435.65562613367143,293.52583362626984,16.257155899598505
2017-08-09,432.97476308937047,293.56015478565234,18.0863202457914
2017-08-10,432.88410724002705,293.4391495043458,15.104700491940669
2017-08-11,432.62578158767883,294.76884977233306,15.298466445448488
2017-08-14,433.01499013081497,295.765736658099,15.449619036070244
2017-08-15,437.0584860558629,297.71245172923915,19.647337432764203
2017-08-16,442.386605447021,302.346150403906,21.058575611367793
2017-08-17,448.08836668693317,308.6758131099226,21.40314365105391
2017-08-18,443.257176018807,305.5701369615712,20.42016282919151
2017-08-21,445.9676126034244,309.23659344656386,18.048098763586037
2017-08-22,446.01940375882555,312.24614044921856,15.058062678614391
2017-08-23,446.13527374668485,314.0564219792132,15.129876568976531
2017-08-24,440.7575023956129,309.10242147986816,21.06368368985226
2017-08-25,449.489310281221,314.7050638352409,24.808614628446854
2017-08-28,443.7937949147389,310.60782004930155,21.376021794561627
2017-08-29,442.6584789211159,309.42330733499244,16.280741950678376
2017-08-30,445.013264234893,311.21068553191355,17.652772103683848
2017-08-31,445.5918528243845,309.56704802704445,15.6496579233688
2017-09-01,442.54790074475414,305.311334881929,18.427347989097477
2017-09-04,446.5553690213329,305.9679765029012,19.507345267537982
2017-09-05,453.9951217761593,315.1392819300358,23.261526801066843
2017-09-06,452.2052531265505,315.1596952413207,16.97513819979189
2017-09-07,453.2211730862058,315.8303672584234,16.122035271534962
2017-09-08,445.7078120331328,307.87639809568213,23.358319891287348
2017-09-11,445.2697811148867,306.9666233247808,15.49162959529566
2017-09-12,447.6312651862903,310.21462112235906,17.644738279895982
2017-09-13,448.3759314830002,309.10548763895093,15.831094293583137
2017-09-14,443.1826699115411,302.3300930885294,20.824990415526372
2017-09-15,439.4469578565502,297.25765710683766,19.232505056187687
2017-09-18,439.23866904321596,299.8460669238799,15.237045890884199
2017-09-19,438.73808243429863,298.439413949472,15.570159360505547
2017-09-20,440.37682256778083,300.78630721961935,16.864081728402034
2017-09-21,442.13685690226094,300.73509496599576,16.99434491372046
2017-09-22,441.52261198648216,300.1559223714951,15.695115071287074
2017-09-25,437.09485545432346,298.5116575879115,20.039501466179605
2017-09-26,441.1947742997045,299.760607129494,19.66810547132963
2017-09-27,445.2877673364471,304.96436080353334,19.617149159018965
2017-09-28,445.87164384275076,303.4659063519681,15.655187593292789
2017-09-29,447.9185590325541,306.1238202011396,17.290155745475708
2017-10-02,450.7195657823714,307.472538750496,18.116956362574918
2017-10-03,463.90269323620055,320.7043629887529,29.41473831973522
2017-10-04,468.63285282130585,324.60504862634855,20.072407344639732
2017-10-05,468.96393158385985,321.5691398731254,15.35311424038721
2017-10-06,463.0918830448258,315.8846557180991,21.300187326217134
2017-10-09,459.41814696479196,313.94951160672474,18.982347488060004
2017-10-10,459.0465703987661,312.11570335013727,15.404562722196331
2017-10-11,457.86124737308216,311.71899893284376,16.292740298429774
2017-10-12,456.7190627301443,312.03648372105613,16.248862701422773
2017-10-13,458.04393858806014,313.0530688414324,16.44832790830356
2017-10-16,456.7894906859599,310.4237978180265,16.371231798265267
2017-10-17,461.4700601876744,313.26364534559156,20.097262570454244
2017-10-18,458.56559700710875,310.0269109939424,18.15691332892491
2017-10-19,467.0913737958698,321.39368697701525,24.210774790949827
2017-10-20,480.3960992499019,333.93082778574677,29.043035306897277
2017-10-23,478.30220542094344,330.6188378116138,17.18410437179738
2017-10-24,475.4747709119088,327.96355740155656,17.964469537180562
2017-10-25,479.89892977965314,329.9493381243684,19.630848106344537
2017-10-26,484.4656723689802,338.4115774042636,19.735529192861634
2017-10-27,487.36106881413565,342.08663287495875,17.979342808168806
2017-10-30,491.93719022203516,345.1546115505122,19.672891709508956
2017-10-31,485.9890036846639,341.09933326331924,21.082524355595964
2017-11-01,482.98252221674034,344.0504491470044,18.10276518504677
2017-11-02,485.986950585468,345.6918133639093,18.10065289082092
2017-11-03,487.7409152976504,347.11670405331955,16.801290350862086
2017-11-06,489.5315115241244,348.5781577176043,16.832240612821792
2017-11-07,489.2685044769312,347.0661804785572,15.26870356479724
2017-11-08,482.38358387461363,340.3406681586639,22.08590648366328
2017-11-09,481.1208170384188,339.1757646097907,16.310598641794613
2017-11-10,488.6733860780639,346.3857333798996,22.787963372540943
2017-11-13,486.3787010210083,344.9253344280774,17.35340175544055
2017-11-14,491.4773592165779,349.40822538029323,20.214166593080666
2017-11-15,489.5534607932326,344.4512018351591,16.961101374685686
2017-11-16,494.5652735457631,349.01930139221776,20.092735161202405
2017-11-17,502.5455233429355,356.21137690007384,23.003544057038052
2017-11-20,498.6489488288113,351.0500050876788,18.89194536778342
2017-11-21,502.03459570232553,353.34778878198154,18.38334712362364
2017-11-22,492.80433766171285,347.7465818978732,24.27840940249002
2017-11-23,487.5620453867338,342.3977549741216,20.347329663123904
2017-11-24,487.5948065622029,343.7900102113849,15.033595800937983
2017-11-27,490.91035113496133,346.54056723566066,18.388390173996044
2017-11-28,491.24047856147206,347.91729442646795,15.336127027500998
2017-11-29,492.77854373197664,350.65174610278353,16.563045417022753
2017-11-30,496.0093973185377,354.7366631242664,18.267500492829495
2017-12-01,496.7680780625363,354.8300581828093,15.764200347512709
2017-12-04,500.1133457435341,356.5053327062704,18.35574538571116
2017-12-05,505.75464959394384,359.4233299140859,20.60845262501513
2017-12-06,504.7124385197441,358.6975487586787,16.0314155265755
2017-12-07,498.4464855819386,350.6500476517249,21.24630283246093
2017-12-08,493.0241739774061,347.65183969391484,20.46901273655714
2017-12-11,490.38722918107584,344.7200329155888,17.681432315921242
2017-12-12,481.18706450431796,335.34850742985566,24.46962032570002
2017-12-13,484.5304971696902,332.37782772892206,18.46213650513683
2017-12-14,491.5403611602771,335.9781584594846,22.18183977169766
2017-12-15,488.6287824976109,331.6885225491019,17.970494679685707
2017-12-18,483.2537174906416,327.5595518492041,20.5306272217003
2017-12-19,492.1758706306944,332.81984423295773,24.147151252422674
2017-12-20,491.99935830958606,332.2417646399729,15.179350503660839
2017-12-21,493.1408629182215,332.6235690097016,16.158723494295426
2017-12-22,497.1700141684037,334.5033569857404,19.0685945954113
2017-12-25,497.67605111623936,334.6278112713612,15.508658584616116
2017-12-26,497.77624887214256,335.3101793443555,15.100655507293222
2017-12-27,500.6337810492069,335.29693206204786,17.862090618056595
2017-12-28,500.09797128652036,336.4258704274229,15.535418020500163
2017-12-29,498.26211810231894,337.3721686212698,16.83887083727899
2018-01-01,492.78697244489365,331.57021045602477,20.524652021040673
2018-01-02,494.1355966458387,332.8202046596528,16.36649528809568
2018-01-03,489.2410695321389,327.667316634898,19.977306967210897
2018-01-04,486.91112517442275,327.1934549578696,17.38687040302766
2018-01-05,496.9387721060594,334.83956075368894,25.192605814905505
2018-01-08,493.9693716793521,329.18311280810383,17.996654466580836
2018-01-09,504.91413778038174,336.0352633477449,25.957438002812747
2018-01-10,508.96879504236006,337.8683844053119,18.999158824393387
2018-01-11,516.1093022657059,343.35122334392736,21.96593043739096
2018-01-12,518.9979575249216,349.23099619382424,17.790689303728804
2018-01-15,510.5263467750577,343.0322190199068,23.228850867462913
2018-01-16,510.1197411337689,344.04106787498887,15.398380660658045
2018-01-17,503.4385200143853,338.39407061210414,21.591942614274576
2018-01-18,500.61897996743056,334.5238482758636,17.808153376051443
2018-01-19,508.84021580405613,344.3679804440778,23.14437834064734
2018-01-22,508.6027777378689,342.92046627452146,15.233367443684466
2018-01-23,503.98189560568164,337.24055441976094,19.563484250760354
2018-01-24,504.34246825379114,337.0857380925913,15.357595905050553
2018-01-25,504.5948028250068,336.35636456132727,15.25009937060504
2018-01-26,508.2058864839766,339.31595946948045,18.565458632716663
2018-01-29,514.6156825463916,347.7786742320013,21.266860387060348
2018-01-30,509.1367093991394,341.5247003843577,20.351904915153703
2018-01-31,505.0297514409255,339.3938270773825,19.049611742509175
2018-02-01,497.4481059580127,333.7894295661496,22.563049879268068
2018-02-02,504.61719830758875,338.1541827482855,22.154438575683244
2018-02-05,517.0203131358509,348.58495708440057,27.14102272874757
2018-02-06,515.2744931142349,349.19520023428163,16.691204562392894
2018-02-07,514.6307390050164,349.8023103980458,15.625061581377304
2018-02-08,513.4247472237532,348.3135840600577,16.173080977256568
2018-02-09,512.2835169838071,345.23131519707306,16.11262700194012
2018-02-12,510.7173059017793,342.00910383767956,16.53099808983473
2018-02-13,512.2171443847726,343.68202622818603,16.46621277379723
2018-02-14,515.2421975064691,347.7533529541893,17.94421563866371
2018-02-15,520.3991322453028,352.61012122295443,19.979501313268262
2018-02-16,519.1881421786002,350.7472515087865,16.16487633529319
2018-02-19,522.7449704721895,352.7044432191084,18.4136952426918
2018-02-20,517.421288115568,348.66664494782054,20.118151832031803
2018-02-21,514.588224324611,346.302888604303,17.74519844397465
2018-02-22,521.4206522831856,351.0566449933035,21.59504679019952
2018-02-23,515.34898990557,345.3717854450163,20.85639426963072
2018-02-26,508.4946962565954,340.8889532402524,21.69476810207837
2018-02-27,503.65271577539505,334.96554270969915,19.78390534919741
2018-02-28,502.4462361078843,336.42257852562113,16.199166586505708
2018-03-01,506.3554002052418,337.3140642447521,18.875076648943207
2018-03-02,506.22140263377366,340.86586403143076,15.132333243142329
2018-03-05,514.2136885198001,344.94714158827514,22.832393640003318
2018-03-06,519.0209687772394,349.4408502887665,19.652684568727274
2018-03-07,520.6461775599654,352.06223243567945,16.563202330898935
2018-03-08,528.5422124171874,361.50860018059063,22.525992482103803
2018-03-09,526.8172930345348,361.7687793308275,16.63443917425306
2018-03-12,513.9490015273049,352.95195839699403,27.364877090671346
2018-03-13,517.2458136449849,353.0846457076421,18.197090696957922
2018-03-14,517.3441097336363,352.06695787066127,15.095009710346067
2018-03-15,527.7647103313365,359.6841465576604,24.97115874247848
2018-03-16,535.771350814933,367.23573796787633,22.528462871796222
2018-03-19,537.3244478260361,367.6026597563704,16.44730610024887
2018-03-20,533.906525699974,365.41951804188454,18.190659912779594
2018-03-21,544.3739773741613,375.2356604336625,24.707845470380803
2018-03-22,546.1063215981219,371.6080022783798,16.588607958240477
2018-03-23,558.4876618700572,382.38248654727806,26.20942086351319
2018-03-26,557.4960410234444,381.4644845054339,15.888562355361996
2018-03-27,553.2383982620465,377.27227105384736,18.833196724497792
2018-03-28,559.8881557215417,382.0739550575403,20.974016649735887
2018-03-29,559.4872553376306,381.454280024848,15.358146513753395
2018-03-30,560.0002811982985,383.4605868503696,15.458268520048765
2018-04-02,570.3210137956937,390.4382823177553,24.13104926494798
2018-04-03,570.6917054384032,388.92206658194385,15.324879512298669
2018-04-04,570.1686831022996,388.90896293936265,15.458445553898311
2018-04-05,570.7531685430585,388.7670164504251,15.512292310860099
2018-04-06,567.8656770771391,383.861398624263,17.535965101014583
2018-04-09,566.8612074627664,386.4374776711626,15.885208494152783
2018-04-10,567.8965707140376,387.09163743672616,15.9124092898881
2018-04-11,569.5477301462722,387.2493367389316,16.451640832692693
2018-04-12,569.1818710985264,388.8352557012503,15.321287037708165
2018-04-13,556.8842796129394,375.10196189764116,25.921277051769994
2018-04-16,558.0751593294193,378.21462596053533,16.068092818219597
2018-04-17,578.9781105966651,396.15545884011453,33.38551193810191
2018-04-18,579.2265239379274,395.7888366428556,15.214481394448335
2018-04-19,579.9345504147007,395.0115308004474,15.610809472894754
2018-04-20,581.4979724535118,397.8443825819608,16.34611606989599
2018-04-23,587.869706059224,405.27660391358586,20.448924904677586
2018-04-24,598.0370805542528,412.17410379455504,23.57371231719745
2018-04-25,597.9624036006102,413.4208634529442,15.062438951462015
2018-04-26,604.7144904613413,421.52323078826436,20.614274154607024
2018-04-27,603.8486820476354,419.69746068874963,15.716394956852378
2018-04-30,599.5234097747627,414.0810877654125,18.59430879974194
2018-05-01,606.3334512934889,417.1688902997557,20.64753092977833
2018-05-02,606.8521890998095,419.2506006320419,15.427583232658085
2018-05-03,609.4067640590337,421.75790207597123,17.10035758346723
2018-05-04,622.616098134696,430.4229901656154,25.722073974002093
2018-05-07,625.6047333600319,431.4138837831987,17.39432066905107
2018-05-08,615.6780373863287,421.6718155201617,22.997297499983503
2018-05-09,622.8089345089999,428.7569991682983,20.75781262657677
2018-05-10,615.4106701001315,423.5156462202365,20.974992175682395
2018-05-11,611.1516738345003,417.8731289323924,18.47231708487076
2018-05-14,617.8010378155489,423.3444159977655,20.410646646378698
2018-05-15,614.3270720956382,422.7899108981237,17.81949165628963
2018-05-16,615.1436546143289,422.14298295885584,15.664174120638137
2018-05-17,612.6687255037256,418.34345366848777,17.01572528725104
2018-05-18,622.4360663515156,429.3955050449255,22.908271857042113
2018-05-21,620.7956874254578,425.65315315317974,16.31944818253699
2018-05-22,625.8916701172038,428.0597005511079,19.087641575484852
2018-05-23,619.9599679202165,422.1272385049643,19.7611985550749
2018-05-24,629.3200464941876,429.21728272776403,22.49251858416852
2018-05-25,635.7600639289905,436.69340374292324,20.090644467441813
2018-05-28,640.8465069975352,441.08099035382475,18.984367698265313
2018-05-29,641.2239694546766,442.2500217817699,15.294416317184186
2018-05-30,642.7225178105665,438.76259054361145,16.167142907594094
2018-05-31,652.2644199262976,450.0874477279048,22.368471856810327
2018-06-01,653.767906923951,448.7024326763995,16.151187172706376
2018-06-04,647.2791375353924,442.09621926814344,19.98738551898169
2018-06-05,648.1498189757463,443.36893853684666,15.672118348972981
2018-06-06,642.4053755029844,438.0456970709937,19.451170655353998
2018-06-07,644.5567672659362,436.41058690548306,16.671683801330197
2018-06-08,635.1199534641524,427.8626273239028,22.374506949148838
2018-06-11,637.4820482043029,428.43884265421667,16.8561164053313
2018-06-12,643.4843756281357,434.710111091176,19.685814743343833
2018-06-13,650.6122643867649,442.8803051322301,20.508059152417363
2018-06-14,656.1895459612914,449.4962439344176,19.267912237230387
2018-06-15,657.3379933441685,450.651026728634,15.8743232563853
2018-06-18,664.5155519303379,461.043711680731,20.42997305124225
2018-06-19,668.4709835686843,463.8876992303761,17.967354239855656
2018-06-20,674.9642596991926,466.8064058545819,19.833375279700206
2018-06-21,669.4480244998285,465.6458207371729,19.10310603400213
2018-06-22,665.7522821584665,465.7035942196224,17.76793808480592
2018-06-25,656.8203968577473,460.2040615448323,21.75352004207286
2018-06-26,660.8497042247225,461.57178629935186,18.057912540308
2018-06-27,668.2671440216014,470.6154038845654,20.58078607785438
2018-06-28,679.2992390560548,479.9746432384154,23.18686310840117
2018-06-29,670.589726647454,473.48806796719356,21.45211086821245
2018-07-02,683.7966007654463,482.83963541649473,24.751495913146336
2018-07-03,679.3462631464172,480.05184785150186,18.26477403690809
2018-07-04,668.2529067470925,469.82084065216105,23.23212661243805
2018-07-05,674.6640353247417,474.42971334905235,19.77406836091092
2018-07-06,676.6162961691223,479.6726691327679,16.444749958390677
2018-07-09,665.2384250383682,466.23160859951696,23.47941557391959
2018-07-10,655.485365002838,453.2269870679764,22.38476689985985
2018-07-11,651.2704023230592,450.81598374054,18.22552798517804
2018-07-12,641.4547878997494,444.0273488928332,22.59310883516563
2018-07-13,641.1089045981481,444.0915928847374,15.269681195569172
2018-07-16,657.0046705247846,457.9000900064198,27.245893433199143
2018-07-17,672.7119790383454,471.7887332192665,26.813072474240315
2018-07-18,663.6299445502198,468.73044124244075,21.796295288890402
2018-07-19,665.6723392544875,472.4744059528757,16.53644233992567
2018-07-20,665.3943089763291,471.5351501695401,15.208877806811214
2018-07-23,653.1200642337493,459.37141053367253,24.30941639572456
2018-07-24,644.6874278984782,453.4257603967531,21.497693272239317
2018-07-25,638.6701690956041,447.2064863782398,19.688718804130918
2018-07-26,630.1090802584907,439.5109555318101,21.747603076176695
2018-07-27,636.0995929475633,444.4790413228724,19.731098050078497
2018-07-30,628.3048789689586,440.46497092489346,21.164809518787422
2018-07-31,624.9289442423635,437.72031131140335,17.69378533348297
2018-08-01,633.6187966614895,442.21555358798196,21.904776223579397
2018-08-02,630.1906995428911,442.6701855235275,17.712517619614257
2018-08-03,630.9738807216667,441.477801177036,15.620998473717286
2018-08-06,631.2153658843652,442.45647899641915,15.191322471090745
2018-08-07,630.9294351547347,444.73940700655123,15.226543526770094
2018-08-08,633.4720047340777,446.51390578664143,17.010890628753994
2018-08-09,626.5029263921598,440.9041933463327,20.53118101018035
2018-08-10,638.784877071763,455.78989877495155,24.707148377171592
2018-08-13,629.0222341809273,443.90558979628884,22.700568780764677
2018-08-14,631.0861151435445,446.09244129127046,16.637861386474185
2018-08-15,628.5286018214931,447.69186239273415,17.03039612197393
2018-08-16,632.8815443754743,452.65897135538216,18.450867940202837
2018-08-17,636.2684461120333,456.05786011568614,17.668644212318256
2018-08-20,633.1709704979172,451.96820701171475,17.440039060411316
2018-08-21,623.9009231789146,441.9820180643173,22.374451221048798
2018-08-22,630.5597392498508,447.09143888977985,20.30816055944632
2018-08-23,624.8139305557384,443.3901515150628,19.577002812112358
2018-08-24,615.2032912507881,435.6280120656393,22.75056311810596
2018-08-27,609.4297007355568,430.54885467948804,19.714582515770793
2018-08-28,611.9585136651989,433.01870754918,17.07044452638408
2018-08-29,606.941865607732,429.27909342425323,19.11573945576663
2018-08-30,616.7712971286161,437.27002010140205,23.032636428412467
2018-08-31,616.8133904452725,439.21779303287985,15.03412276197712
2018-09-03,612.7781851489071,437.0976574298874,18.281756204851504
2018-09-04,614.8491409008551,437.4519238622523,16.686959611059386
2018-09-05,616.1909450064855,438.6671671807425,16.0899763966805
2018-09-06,618.5819204898384,439.28947876770303,16.93637108371195
2018-09-07,629.7152840530623,449.2644631745113,23.91907691580319
2018-09-10,625.6225482107609,449.0422217770855,18.260278020966393
2018-09-11,626.0719045339167,447.34651307328346,15.358998429269086
2018-09-12,626.3666366977994,447.24247825211125,15.235326652462701
2018-09-13,630.701359697699,448.3239547844285,18.448294120386137
2018-09-14,624.6457664796341,441.4740242136641,19.823877047638547
2018-09-17,616.4201300358635,435.7730723584866,21.627977545339046
2018-09-18,599.9289761040075,420.93244146025984,28.558742643372316
2018-09-19,607.5875057845011,429.67698734344106,21.342466117853412
2018-09-20,595.8634359709101,418.3815175980741,24.74235037606301
2018-09-21,597.9397456185277,418.93168638572314,16.73924125284822
2018-09-24,600.2749542181986,422.7061803686734,16.948909120005286
2018-09-25,600.9515448121598,423.16053081407983,15.563249866746155
2018-09-26,597.111902455368,419.11241025000515,18.204884942916458
2018-09-27,608.0361095811217,427.2128708255563,24.064866917289503
2018-09-28,607.0925587708978,425.5260064394479,15.776502953505108
2018-10-01,595.951121725626,414.89874041672704,24.261305939594976
2018-10-02,596.0717264714054,417.26643035026626,15.10117653900117
2018-10-03,599.2499969247036,422.12345452188106,17.658930964876504
2018-10-04,597.1193537854969,419.73294265249496,16.78092609153409
2018-10-05,604.7336799531654,428.5194964411106,21.335573345517957
2018-10-08,609.8673597123521,427.2220921875076,19.226663869061234
2018-10-09,612.6851203442792,433.63925213478626,17.304821811249205
2018-10-10,602.6942352948732,426.29609410517776,23.220569204097263
2018-10-11,611.1753458988754,433.01933190419345,21.986952094213787
2018-10-12,616.6092134157699,439.29028177015766,19.425778899306547
2018-10-15,624.911600872655,445.92545350448466,21.687371749623885
2018-10-16,627.7712216436521,446.80982918116626,17.28280111048774
2018-10-17,626.8820319609374,445.28305829996856,15.708713605956603
2018-10-18,632.1104798356978,451.1108294770866,19.15290629883718
2018-10-19,638.032428805018,456.0742094763854,19.662461082517353
2018-10-22,640.0107929153303,459.14566765418107,16.547964620344242
2018-10-23,640.8025403814069,460.85154281579025,15.61815999751235
2018-10-24,635.006742165393,455.65875086922483,19.542871858564887
2018-10-25,627.6035864869688,450.31642283183226,20.863440485342494
2018-10-26,633.6138181938136,458.42102042131853,19.76545691574004
2018-10-29,637.1925677029424,464.6129260354181,17.81613234666241
2018-10-30,632.8059073266201,459.06215730228257,18.454081172406127
2018-10-31,631.1500489680161,457.4969783859784,16.310060922338224
2018-11-01,621.536320728184,448.0516558214407,22.674640054775956
2018-11-02,621.1276079260618,448.41712342725657,15.328900523653694
2018-11-05,616.7538998781157,449.475457338106,18.53323498287095
2018-11-06,624.5945479716477,455.44677972724514,21.316318658706763
2018-11-07,634.2122655750304,464.8802263606066,22.64049308499866
2018-11-08,633.2053625367969,466.616186890858,15.794452615883861
2018-11-09,641.4860943514898,477.79498980118547,21.496355066292836
2018-11-12,623.694612155055,462.46751433974856,29.063331037575075
2018-11-13,616.13427738962,453.7578810009142,21.097961210323632
2018-11-14,613.9310638152001,450.96927158527603,16.79113731337073
2018-11-15,612.8896605007556,450.27121915503346,15.848863688017426
2018-11-16,622.7856139972076,459.33838776303924,23.008710114555804
2018-11-19,619.141601453991,461.35213641359775,17.934167924972083
2018-11-20,620.1499783139773,463.2330240520371,15.813672180933539
2018-11-21,624.9145735377506,470.58430553440854,18.826804381288987
2018-11-22,622.4933384438635,464.8639882126855,16.941015534157458
2018-11-23,604.7692051311756,450.70815503246916,29.44301042972918
2018-11-26,608.0394510663734,454.9263756808201,17.69643017814953
2018-11-27,593.426575642457,438.1427175859647,27.16313712649452
2018-11-28,590.4947337226189,434.60294699836106,17.476387484381505
2018-11-29,605.5675386363863,449.4655076860408,27.602690718717064
2018-11-30,600.4537258028699,445.4909167255706,19.240259797000142
2018-12-03,604.6695665240463,452.3146893256401,18.498279342674774
2018-12-04,600.1453309816914,443.96633775009144,18.75514680081452
2018-12-05,595.3395618353477,439.2231107340952,19.01995463290574
2018-12-06,598.1000407442119,438.01457734376555,17.31304862510709
2018-12-07,606.0115874530171,445.6283728063054,21.57053746142728
2018-12-10,605.3865474462822,443.682198970348,15.515965844914373
2018-12-11,605.1267083777266,445.2083441328922,15.214651984434019
2018-12-12,584.5742976999511,425.61300976912935,32.276992672189536
2018-12-13,583.0486832677562,423.16611091749405,16.30659924071346
2018-12-14,573.3610558740997,416.9524129606601,23.377527186208376
2018-12-17,577.7364004088114,424.39483706597713,18.801038376301292
2018-12-18,577.00181298306,420.9434142526374,15.636150701799803
2018-12-19,585.6012187053474,426.96366434093227,22.39681758963325
2018-12-20,573.077228811585,415.58005810162484,25.809278179402035
2018-12-21,570.078237355603,413.99604196465674,17.623438740271233
2018-12-24,583.7246391165795,428.6523850550671,26.827876671537247
2018-12-25,586.4024265209518,432.5489688061646,17.28846264443133
2018-12-26,581.0017454737155,431.5207675430818,19.62626372748101
2018-12-27,575.7853151015935,427.10771184940336,19.509443361444326
2018-12-28,577.9382871372587,432.50275924858335,16.86610946558705
2018-12-31,588.8801729652484,447.449559441863,24.377814078021935
2019-01-01,584.4215255358148,445.0195952843586,18.800104352737367
2019-01-02,588.6655847988407,449.18416237883116,18.617870951301995
2019-01-03,591.7604712972285,450.40475002286723,17.62184452290683
2019-01-04,591.6860256599398,451.2024832547356,15.062905790484185
2019-01-07,596.8890505340524,456.3959714180608,19.377559494152145
2019-01-08,587.4738238390416,450.4585277276264,22.949780630789135
2019-01-09,587.1089985423184,451.4626398795191,15.310599901091217
2019-01-10,581.2204215093622,445.66862935755876,20.040211087509352
2019-01-11,588.8911307725089,455.1262464996952,21.555630644009415
2019-01-14,609.7535399132234,472.9083383367457,32.40675671299367
2019-01-15,604.1121223200687,473.5244242859717,19.647514453764035
2019-01-16,609.8775649104098,478.9809115117582,19.749205036369986
2019-01-17,607.6054021545759,479.9332125280079,16.866281053028317
2019-01-18,599.562313554303,467.84457792465236,21.66287502276685
2019-01-21,600.8151948041975,470.64372582177225,16.04373973698301
2019-01-22,605.4604432962763,473.7475783175105,18.85092039307397
2019-01-23,603.3206188440155,469.72592614378186,16.770235119074258
2019-01-24,607.2724634137952,474.03038882599543,18.26439880173918
2019-01-25,606.8306260304548,476.77350538639655,15.363920829035983
2019-01-28,610.5749925316678,478.85008847764186,18.075703160300222
2019-01-29,611.2272668478689,483.281499115644,15.533862475013219
2019-01-30,612.398121481069,488.07515842918787,15.956873730894731
2019-01-31,612.6925555551712,488.11373204724754,15.240336560623787
2019-02-01,618.0357969955214,492.09974915039595,19.34155514578012
2019-02-04,640.1530008866002,512.2177707947048,32.580415973338056
2019-02-05,646.2623238116622,514.2032082384897,19.749141850455622
2019-02-06,650.6936663712265,522.321361906029,18.416738761436573
2019-02-07,645.4411414934866,518.7906373654281,19.05247478821217
2019-02-08,627.1455563307828,497.59384619650984,29.37768118311547
2019-02-11,617.0629742751613,483.99345556046484,23.103788488036173
2019-02-12,621.7768136251989,489.26606921613666,18.805061918275342
2019-02-13,619.309144632605,489.94803086010984,16.98831694780808
2019-02-14,613.1342556755917,485.88355841996133,20.01032390250671
2019-02-15,611.9013269032855,486.01090311307746,16.006443572847285
2019-02-18,609.0368189756915,484.6845820980923,17.346157496276437
2019-02-19,605.6179490351175,476.61571328093015,17.814691926680766
2019-02-20,603.8845464766566,473.99912007713914,16.433154335486186
2019-02-21,600.8451784865688,470.8374829369787,17.52286830439604
2019-02-22,590.6202627750006,460.9177784365873,23.58200865999416
2019-02-25,585.5868917581746,452.4075809200785,19.279349706797255
2019-02-26,583.9722321125204,450.4351000690077,16.38057207928598
2019-02-27,580.8670130611036,448.8431449143053,17.66579823783011
2019-02-28,600.7642153102915,462.61981502517875,31.840349736291266
2019-03-01,598.6976721547984,459.50917862475774,16.7228935924005
2019-03-04,596.3442533187151,459.42412544702364,16.969321601427993
2019-03-05,603.495840296259,466.59004963984086,20.96052066337911
2019-03-06,595.4374015120344,460.6485645573543,21.721441909337
2019-03-07,592.7230964134312,457.0993891470838,17.284463946683776
2019-03-08,600.1082394452208,463.4462049102239,21.191350926156417
2019-03-11,609.235377708561,468.397018679612,22.54732685869226
2019-03-12,608.7649674100836,470.5608471896113,15.386215261556977
2019-03-13,615.1208105017764,478.1920379750826,20.19321356959861
2019-03-14,607.6316061173147,471.75596842554086,21.124950509182284
2019-03-15,609.0379601203342,470.15337375278705,16.15590515978746
2019-03-18,609.6263438109814,474.3697384165865,15.482810347745254
2019-03-19,608.3291071620158,474.8600281862223,16.065094079154257
2019-03-20,606.4739278666797,474.9847542048038,16.527145293551012
2019-03-21,614.674720284877,487.4255120527584,21.715739086010544
2019-03-22,616.091186176669,493.62264254202864,16.150882153737903
2019-03-25,627.6293309839241,503.3718913510808,24.27738641852037
2019-03-26,624.1612729284652,498.93391911438454,17.770484870026642
2019-03-27,618.9546434314202,492.1327728732265,19.188394561208856
2019-03-28,615.5615544357084,484.4238422181847,17.748524114793387
2019-03-29,618.0134097071456,485.9186810780559,16.987603973368262
2019-04-01,618.8887681405274,483.7756800717741,15.707702351243283
2019-04-02,635.1165256188216,502.7664100237453,27.941463244617935
2019-04-03,634.8480059370161,504.6698965079267,15.211438728511574
2019-04-04,633.7534536276022,503.74506916106736,15.862802555338966
2019-04-05,629.9026111433786,495.67266635156454,18.047391226121857
2019-04-08,631.156764165671,496.4318373124739,15.99452369994058
2019-04-09,637.090569081973,505.410670495015,19.678778389348896
2019-04-10,642.3044840902053,508.21136084685895,19.075319706690436
2019-04-11,625.1991953267868,488.54579073604936,28.496077030028296
2019-04-12,631.0324229742722,494.0472872987864,19.64346660868317
2019-04-15,638.5658412158658,500.5415778573611,20.93377202081509
2019-04-16,636.6913573963938,501.48323753392276,16.46988793436848
2019-04-17,633.0373347708157,497.92869515467396,17.877805892997422
2019-04-18,622.568854822473,485.7689556497116,23.337584353442132
2019-04-19,615.2739272235126,479.6717889323832,20.89332680909265
2019-04-22,615.6704936830674,478.9948880654894,15.322164402014666
2019-04-23,611.5412874111868,474.74218193856615,18.364718232160104
2019-04-24,607.6622389897152,471.3613872253578,18.181635737115407
2019-04-25,599.8857471275098,466.82910399208333,21.439991998178947
2019-04-26,599.9590262793824,468.38616302093584,15.061073860209184
2019-04-29,600.6462314418862,466.835462951966,15.572382332271232
2019-04-30,597.4797667414512,464.88826530015626,17.6428539882094
2019-05-01,602.3546570957591,471.8115818868594,19.06299159464284
2019-05-02,605.9655930491755,477.35779790689037,17.988402041749804
2019-05-03,606.842620061636,476.6621450143944,15.723137554523184
2019-05-06,596.9703910716466,467.55733577052996,23.200983226064416
2019-05-07,597.016137087511,468.07479335782824,15.038313678427444
2019-05-08,594.6896182354072,468.1278584996377,16.952261955116885
2019-05-09,595.2934716431098,465.8102184705621,15.507447092878865
2019-05-10,594.2126410659736,465.7336862245173,15.908638352540976
2019-05-13,594.9581826552117,468.0110697527474,15.626942464485712
2019-05-14,599.8212341915596,471.1432304424228,19.070272992099618
2019-05-15,596.3031843544957,468.38929958638806,17.941215752391656
2019-05-16,597.9351049954657,467.6266676947518,16.366495841986413
2019-05-17,599.6880043093666,468.4001999542901,16.463649583921306
2019-05-20,600.8486442941573,466.55483193308106,15.966767943098091
2019-05-21,594.1699457984988,456.804219109,20.58884028045159
2019-05-22,590.8100847904129,455.8731896187109,17.835381124651775
2019-05-23,596.2491090986528,463.08389755309673,19.58196389800232
2019-05-24,603.4768482841187,469.36396945854494,21.02456468103312
2019-05-27,614.6425770916944,480.47062939140943,24.166623004302377
2019-05-28,624.2628968285765,491.0579991303568,22.76533263295922
2019-05-29,627.7756257878326,497.04030569114235,17.805615092974932
2019-05-30,627.7854331211233,499.10072820231966,15.007811116170943
2019-05-31,630.4336429190924,503.05269587660194,17.104731806112504
2019-06-03,637.4435839641181,505.72020625904406,20.52893633983429
2019-06-04,633.3634536862279,501.11907596017255,18.21067178327424
2019-06-05,631.5978613089403,502.63744424895884,16.39576878985622
2019-06-06,628.3931926882626,501.70251361637565,17.54341133675449
2019-06-07,633.6679995846894,508.5593461448897,19.17954188206696
2019-06-10,634.3807734392302,510.4039893208542,15.562102929140678
2019-06-11,636.7519069389597,509.60905865355454,16.865372739244137
2019-06-12,624.3352759920589,496.09474049562124,24.84629165553287
2019-06-13,622.7307787828719,495.7788919635361,16.286618369891453
2019-06-14,631.7353374680299,508.6183057829657,22.178124002445806
2019-06-17,624.8169377023669,503.9173100434626,20.505914726259103
2019-06-18,622.6324382278152,504.4064101170672,16.75117463658752
2019-06-19,625.8409392974952,508.8974428257629,17.56994517550565
2019-06-20,632.48780669957,514.6991649884961,20.28234711798625
2019-06-21,637.614576498781,518.0418771864286,19.03652312709171
2019-06-24,632.6270985471803,510.7229887755209,18.926420995186255
2019-06-25,618.7867254100457,492.60182848410744,26.06024020737857
2019-06-26,605.9290125474173,477.39481923506605,25.498914061327604
2019-06-27,604.1332988580943,473.57839912845446,16.483985568824522
2019-06-28,598.40677565591,468.3449361736936,19.762058754350207
2019-07-01,602.1585584590149,468.5935793096362,18.125023611382268
2019-07-02,609.1812780307189,473.1131962389545,20.797545859093603
2019-07-03,616.9905820201551,480.45171640903345,21.368935574261094
2019-07-04,619.0783714761593,484.22086338554135,16.689057423153404
2019-07-05,613.8552486814228,478.13047587963734,19.236362733049088
2019-07-08,614.0553279697294,479.08326327540556,15.162942883530738
2019-07-09,618.2029346393157,484.2082071565007,18.365870985242054
2019-07-10,616.7909719105436,480.15225204942504,16.143295798050154
2019-07-11,623.6276613545424,490.1287488106846,20.511654283149984
2019-07-12,624.8090942110242,485.60103421040765,15.946330043463282
2019-07-15,631.3197644565822,487.18205919241416,20.183169309509704
2019-07-16,629.3373929025232,485.5120644873963,16.572491915382084
2019-07-17,623.6792119269531,476.96993459783437,19.515677935168945
2019-07-18,624.7212971918581,476.965446797286,15.834736528325337
2019-07-19,620.9204230334753,473.8748730657768,18.051347665188004
2019-07-22,616.5308161076595,472.42783111226265,18.54731176392648
2019-07-23,618.5783492095791,474.2741446243961,16.657776523005488
2019-07-24,615.0157468399943,467.99292109492984,17.887993940330254
2019-07-25,614.7312583923581,468.21078446151245,15.231339008349535
2019-07-26,602.1723873855748,459.0468901062168,25.32071599014992
2019-07-29,613.3839832371148,470.9119701767078,24.223688895263116
2019-07-30,616.6318209340263,479.74937596018685,17.64049066205146
2019-07-31,616.1866309571504,477.34595354009724,15.361115617262687
2019-08-01,616.8137105260474,476.5529144621023,15.50858025084426
2019-08-02,620.786107413162,482.39748012790614,18.209769807298926
2019-08-05,635.9539739505426,498.47614343127344,27.06980131157367
2019-08-06,635.1410237550955,497.8249378365011,15.639566914950711
2019-08-07,645.0197417717417,504.610982405126,22.71693241809293
2019-08-08,650.1826829841217,507.529538579727,18.9862252108492
2019-08-09,641.8673640373823,501.1044595607522,21.435844937048543
2019-08-12,643.7504303527742,503.29490518033595,16.464718106929894
2019-08-13,645.233766834984,504.8387021590826,16.150779924406706
2019-08-14,650.6994062287145,508.14427562583984,19.217556826620836
2019-08-15,650.3486849118356,501.7006259956561,15.269568302480414
2019-08-16,650.3579411987661,506.43770467487786,15.007116352561606
2019-08-19,657.2335715349318,514.0328215645036,20.25828872286823
2019-08-20,649.6419017901043,504.1445730315738,20.809088390217674
2019-08-21,651.2104359469023,504.23251749020955,16.205774761251355
2019-08-22,656.0850280323344,509.13334536211835,18.728778085357394
2019-08-23,658.1225237565664,509.94395758506863,16.55036193021023
2019-08-26,663.1839464762396,516.2910100050881,18.830638531203988
2019-08-27,663.3930673234855,513.4085180320496,15.157639433521606
2019-08-28,666.3944539035209,516.4125487640998,17.257046053399254
2019-08-29,661.5920587870019,513.148285023817,18.61631387473472
2019-08-30,656.5001565496947,509.03066427424574,18.863104195463773
2019-09-02,649.1053006376378,502.44553297830225,20.66398903186288
2019-09-03,646.3094001955553,500.135723338015,17.158308672628408
2019-09-04,654.1995935218092,507.1727935528181,21.067078486451333
2019-09-05,652.9326891796267,506.47576305201346,15.969224580906763
2019-09-06,652.7821112354917,503.86347928864336,15.115322231742033
2019-09-09,642.4940985781528,492.1535192076108,22.94288425384794
2019-09-10,649.5158830798861,499.80228398847134,20.43482924768042
2019-09-11,642.5033836603476,488.3495602369426,20.427603488623955
2019-09-12,640.7389503610655,489.00672260896323,16.37498145473675
2019-09-13,639.6877513867505,487.1868889605693,15.8209757021232
2019-09-16,638.8343642252831,486.7414991199779,15.667479488843256
2019-09-17,639.5497238122219,485.2961444409757,15.559581168367062
2019-09-18,660.5366233862427,501.68560796646295,31.14409910002508
2019-09-19,666.6780665784086,505.99706765878915,19.62735009853556
2019-09-20,670.1221228124145,507.11560960384423,17.576349017149465
2019-09-23,655.0718389627116,492.86698435981634,26.35753060146788
2019-09-24,651.3963164641086,488.95696302740555,17.813334699665532
2019-09-25,660.6936396043174,504.51335974801486,22.08600710456139
2019-09-26,659.9046028845104,495.05578519314025,15.597484373606406
2019-09-27,653.9307793851553,492.99261452360287,19.546889776250968
2019-09-30,658.4215504496068,494.24455228535334,18.421938217972503
2019-10-01,654.8775315427222,495.39138750874116,17.69856848170515
2019-10-02,663.1454439159879,504.82735478647567,21.27304757009792
2019-10-03,664.1063887129261,502.4777539185066,15.724011028819959
2019-10-04,659.3880140662427,497.5633975259674,18.56510358251734
2019-10-07,676.0019405935521,513.462897686059,27.44189664860197
2019-10-08,678.5884725543408,512.7650288561917,16.90945918353664
2019-10-09,676.4730119706186,512.0490170737158,16.56115595232139
2019-10-10,667.1419827701673,504.4268268146141,21.944831108949938
2019-10-11,667.536941107555,507.0706223928939,15.295920121199496
2019-10-14,667.3555345572632,505.3643611215305,15.135896002648462
2019-10-15,662.5102703122011,496.6206079474975,18.643439561370364
2019-10-16,652.3003288360276,484.1267040080079,22.7654885892768
2019-10-17,649.3796319660801,481.17413932235405,17.243794065686483
2019-10-18,650.5003656662783,480.606276201882,15.862182647584438
2019-10-21,660.9622188466961,488.98710475766774,22.97741028266844
2019-10-22,660.4387522640316,492.6713946652694,15.396145168265791
2019-10-23,664.5041951105723,497.4714128304823,18.068400502386794
2019-10-24,674.779147327912,510.77793978174077,22.67212843678606
2019-10-25,658.8189474119523,491.39743043670757,26.968344904504132
2019-10-28,650.9697240207996,482.395884475297,20.992812067521378
2019-10-29,644.4088992388172,475.4488769804955,20.06483646151707
2019-10-30,653.0874287151928,486.03414940137304,21.688773381408314
2019-10-31,644.7883573473777,478.1318548282612,21.394436640013684
2019-11-01,632.1237997901483,466.19061699348083,24.9184370493489
2019-11-04,638.423675279326,470.05899622805373,19.95843503879469
2019-11-05,634.6607407601194,463.1324451223566,17.955770591630667
2019-11-06,631.8999729453573,460.54725828309995,17.179739318664247
2019-11-07,626.5782787533494,460.994977735891,19.228699149507158
2019-11-08,619.7343315396453,450.03967076263666,20.491411987249776
2019-11-11,621.7904384010009,455.3276784361581,16.65611576257819
2019-11-12,628.040715688213,465.3863283324406,20.000939024351645
2019-11-13,635.041524944849,474.3229111364261,20.54269605177857
2019-11-14,623.5772602836365,460.62107110143205,24.108859539051053
2019-11-15,625.7550486270586,464.55305381520503,16.74316355521421
2019-11-18,633.7124459001324,471.9549456488962,21.31814889321484
2019-11-19,630.8453771799982,466.2239564103643,17.267253881529967
2019-11-20,632.5451486824004,465.3463035174332,16.34540547297228
2019-11-21,629.3410066028651,457.59049630518973,17.539174355980943
2019-11-22,625.573082536547,449.988889474699,18.002544494380995
2019-11-25,613.8882720931367,439.0757077870758,24.427608677703546
2019-11-26,626.0451598861033,450.3848235577998,24.804782288587077
2019-11-27,622.785175644439,445.8008712628466,17.610435984641086
2019-11-28,630.0663362687717,449.9437765056703,20.81173629256818
2019-11-29,618.1871704572169,438.4870976330594,24.51691654309637
2019-12-02,621.0365817495075,439.7165507027175,17.299355793384787
2019-12-03,619.0022856405234,439.14113693235157,16.640511428659796
2019-12-04,609.6057770584968,434.32395089412705,22.64824201041256
2019-12-05,614.4872606194905,436.35981163149347,18.987858183550742
2019-12-06,610.1907629628372,434.2667975958744,18.508281524661435
2019-12-09,604.5634629031176,427.5149815973497,19.632492889321316
2019-12-10,602.9099685631151,426.5752784671753,16.369384477094748
2019-12-11,599.8929221442825,422.97213379340457,17.5083517588116
2019-12-12,598.2037680069623,422.51938090838917,16.40986555625633
2019-12-13,602.0122212895188,422.6839439768249,18.17315058189857
2019-12-16,601.076266942447,420.0219000700353,15.777959846716756
2019-12-17,593.8876066091927,416.9518249857106,21.01586977900525
2019-12-18,603.0927684751947,424.94950068867917,22.69047139920049
2019-12-19,613.6128129782468,437.2044787365498,23.646550843180417
2019-12-20,608.3325108984347,430.10765415818395,19.321253040831866
2019-12-23,593.0209861071522,419.79344673207595,27.74591865144142
2019-12-24,595.529225315508,423.6702175179648,17.11033821520795
2019-12-25,592.2707082895797,419.98061369498333,17.743328323318313
2019-12-26,592.9223519964064,418.41154540964993,15.549820779691343
2019-12-27,589.1526244100518,418.61513994934705,18.18908736020478
2019-12-30,597.7756041770613,425.75562134901287,22.265082479156508
2019-12-31,593.2961243693893,420.89508060899857,18.760899381699275
2020-01-01,596.8619994861756,426.92253067062444,17.996144558821364
2020-01-02,600.7369443533918,434.6530157135001,18.235606051253423
2020-01-03,610.0771288662914,444.7073262851127,22.71412390204322
2020-01-06,609.2027368851365,443.837647450551,15.717138169514792
2020-01-07,605.4940053554903,439.0505875634369,18.053225488439754
2020-01-08,602.9562878392946,435.4720201907051,17.099979834386655
2020-01-09,610.3524542507511,441.6909401245942,21.09594060416086
2020-01-10,619.1676099549568,450.8712196350407,22.169713620305053
2020-01-13,630.8870504676195,463.0857996786638,24.37541713594105
2020-01-14,628.5163853022004,459.32659994409875,16.88237374784228
2020-01-15,628.8265916629763,456.93282943240797,15.24671579095996
2020-01-16,631.9173642481078,461.1598779460274,17.45155153240558
2020-01-17,632.8588092353795,457.12445923223976,15.74435712886126
2020-01-20,642.6927830035223,464.53949973584736,22.709738023303117
2020-01-21,651.7699557105234,476.69436605840724,22.01242393640869
2020-01-22,658.1988997817107,478.1972622513926,19.907746974255765
2020-01-23,657.3774058574672,475.92352660393107,15.624436627122906
2020-01-24,655.8132616074963,478.43157720464694,16.191102730487437
2020-01-27,655.2194537249042,476.7693688516412,15.452931430507807
2020-01-28,658.1577102696331,482.4088277675691,17.23718024589228
2020-01-29,670.3726142802291,498.02299123433005,24.194557322821343
2020-01-30,676.2220239746189,503.37368195633127,19.343880719253335
2020-01-31,669.804148780632,496.3347158230024,19.768052775775036
2020-02-03,665.1024078909749,492.06273029949125,18.522164385849557
2020-02-04,663.3291289654338,489.4240177419128,16.33486742040807
2020-02-05,672.8019149965983,498.17981731167504,22.089832088133164
2020-02-06,678.3991303788204,503.10130419046857,19.142423821242815
2020-02-07,668.8359652812595,497.0465976724337,67.09848322110109
2020-02-10,649.6355460428018,481.39054176608545,74.56366445998091
2020-02-11,625.1211905240945,458.06751314194867,79.23298573301292
2020-02-12,608.4696299682798,446.1401868293719,73.4992671308596
2020-02-13,597.2276773084283,437.482146422559,69.32429590017917
2020-02-14,590.4020071096875,428.9694593904444,65.74736842962439
2020-02-17,579.2781403449429,420.5455842630394,69.51046503405365
2020-02-18,570.2041542510639,414.45996655205244,67.89414036648255
2020-02-19,554.0568762550771,402.35659443911027,74.36355792873155
2020-02-20,538.8794336445483,387.17085816701626,73.88774278541905
2020-02-21,526.3568821429593,376.87902985310467,71.75619739677623
2020-02-24,511.4011634476676,367.983006094759,74.41256397715918
2020-02-25,500.80024686205303,359.89684808899926,70.47351257904609
2020-02-26,490.19604788236893,351.46521681258724,70.70095195756701
2020-02-27,472.9079499889255,333.658703857931,77.95232407789258
2020-02-28,468.5565591535003,332.02015287136607,64.6219711723856
2020-03-02,452.929031112071,317.1241047600806,76.96068465366767
2020-03-03,446.44986154869866,311.5907776355254,67.20417357550144
2020-03-04,432.8077687932888,300.13255923671665,75.51671219953094
2020-03-05,422.8030996883179,290.1317139267333,71.6935460720808
2020-03-06,422.57668289432206,289.74279400865464,60.267828500366946
2020-03-09,414.63158639694376,280.30074900446846,69.49027298602294
2020-03-10,416.15686366216204,281.8292666945789,61.83594148287747
2020-03-11,411.30423169056814,278.43525708094614,65.86455076962457
2020-03-12,400.5388672685947,269.4455634183251,73.26117754753528
2020-03-13,405.7971538117526,270.9621650828768,66.521302466799
2020-03-16,402.99656799715785,266.44234147987305,63.46268391092114
2020-03-17,395.29291547848106,258.875595584971,69.65049875912607
2020-03-18,406.65082973392714,269.51768380017074,74.16392838378572
2020-03-19,410.98320095578157,275.13683328013565,65.29871752516286
2020-03-20,409.57894772644136,273.42860061597196,16.711332410902173
2020-03-23,406.4027579646596,273.2555336840318,18.89249634028404
2020-03-24,408.6740352643591,274.916663447218,17.786587960106324
2020-03-25,399.126232234576,267.2184698444218,26.820060060822232
2020-03-26,394.95106712566394,264.200277251612,20.257930918711583
2020-03-27,392.85761564567076,262.13188631935856,17.657315733233204
2020-03-30,393.99438374499374,263.4687719648047,16.444704837860296
2020-03-31,398.90205023698877,267.2128803078941,21.189621941432684
2020-04-01,400.3459952042447,270.58792806742093,16.80663130359051
2020-04-02,401.91087244424483,271.2057327515789,16.95059623394872
2020-04-03,398.48945088310927,269.57861779719474,19.274663941266887
2020-04-06,396.9973096438774,268.5682785751675,16.87576093443158
2020-04-07,403.3036760787757,271.48721627611826,22.880156443715446
2020-04-08,405.0440921550602,270.90476014374525,17.153056931682592
2020-04-09,403.45120209976784,271.1621079881992,16.9701934292398
2020-04-10,405.45365974456547,272.46089363768783,17.475521942992366
2020-04-13,403.173131807497,273.12548587664975,17.820255286132788
2020-04-14,404.25237477217746,276.79621692997557,16.3366478995533
2020-04-15,401.79129348549753,272.0247777900756,18.053294792197285
2020-04-16,410.2823476672744,281.83089643825696,25.456396081748533
2020-04-17,405.23970862953485,278.01665820330146,21.183405177374937
2020-04-20,405.0297172683836,276.94112151728035,15.259162396038679
2020-04-21,406.1090527161757,277.23192156607973,16.33064294885105
2020-04-22,412.33549167976076,283.85192210836476,22.607795948458726
2020-04-23,407.09807133307964,276.5939019133893,21.391600129109584
2020-04-24,404.85028896901116,273.51598129124915,17.768388011206753
2020-04-27,405.18359801244344,270.9059803469464,15.411475455039746
2020-04-28,409.83119646799554,273.49898257319927,20.702533089161317
2020-04-29,421.4670374877417,283.1080782558208,28.998106259743714
2020-04-30,418.95194767416876,283.40385899996755,17.99267075877752
2020-05-01,418.17081582091913,280.66534845441794,15.933115325522701
2020-05-04,428.09251690580624,289.0826168566211,26.724666939000983
2020-05-05,428.8567790433349,288.7143140652228,15.891840793577321
2020-05-06,424.5638242710599,285.9276848996972,20.030334357480147
2020-05-07,427.36732845962774,287.90912245342207,18.29077566829341
2020-05-08,428.08536277141786,289.01081532441816,15.839361998361449
2020-05-11,424.530710380375,285.88064764034806,19.16913672900928
2020-05-12,428.1160067663376,290.6759528080747,19.20492736894875
2020-05-13,431.1900143602486,294.89917279678724,18.577329416188878
2020-05-14,429.45032666428665,296.1254215936379,17.02139033287228
2020-05-15,435.2674790836133,300.34642834831027,21.727327847188686
2020-05-18,428.74455717490736,296.85046942522916,22.549716399927863
2020-05-19,428.31586067066104,296.3155373145093,15.500194071587593
2020-05-20,428.79483606391506,296.2547520809442,15.558825651036567
2020-05-21,435.82399913770206,304.93847593826024,23.129961613238045
2020-05-22,432.6385477010007,303.61595209991077,18.66793678520434
2020-05-25,435.3612875139113,306.8047100155105,18.136807903219744
2020-05-26,438.30222834641353,310.68201986484496,18.366229546649553
2020-05-27,442.6861142935214,314.7909735027968,19.976140908373942
2020-05-28,446.06945769066516,316.1493686889196,18.806850665931606
2020-05-29,448.77811509300585,317.19068841761117,18.02695761533534
2020-06-01,447.2183713150956,317.97522362614274,16.740794051205565
2020-06-02,450.7336679926367,320.8449445078329,18.91481335510393
2020-06-03,454.8461536952261,323.64158550525036,19.541304780950846
2020-06-04,461.5978794322654,329.62899500450334,22.36744160248393
2020-06-05,456.60872991943376,326.9065029671874,20.433633958232658
2020-06-08,453.7184436091309,326.2507544498507,18.175007960166646
2020-06-09,455.42519871676797,327.79893412018157,16.877323926871316
2020-06-10,457.59768599576967,329.91726630725816,17.37944898799626
2020-06-11,460.1080298136959,329.87145825867634,17.735463053251927
2020-06-12,456.37303713497374,326.31616091810633,19.075385178447483
2020-06-15,452.6073724975283,324.4895126351542,19.142758347912235
2020-06-16,452.77326875689806,323.92803659297317,15.183233718137187
2020-06-17,462.20449576310864,330.70450585441506,25.30796747787482
2020-06-18,459.1101272473912,328.444074259073,18.35865737267976
2020-06-19,452.02538857200176,319.6578328551432,22.775881131976156
2020-06-22,452.0678721113493,319.9774087409794,15.046990217963451
2020-06-23,453.0113457814274,320.3052375875632,16.04242147335363
2020-06-24,456.1574330364042,322.86043763645375,18.46041338619633
2020-06-25,444.879066619094,311.7824382655849,27.51775649537027
2020-06-26,434.86162535155756,304.3379843224542,26.38730349147468
2020-06-29,440.0817260061066,308.32125441897483,20.966286372178615
2020-06-30,435.07022635485015,304.31746307831634,20.726496316346633
2020-07-01,440.1449633517234,310.2019547666266,20.79833842985003
2020-07-02,439.24504908489814,311.13732073851384,16.023339551547714
2020-07-03,439.646968317615,312.0388148923461,15.45730220866254
2020-07-06,435.48458400331185,309.5210186032018,19.756331423915384
2020-07-07,435.89744672133406,312.1386410810636,15.473802229514861
2020-07-08,426.3309798454349,301.0231922127791,26.095504572251183
2020-07-09,425.17494837730175,301.46516806369453,16.35763256610407
2020-07-10,426.2840361990459,301.5275744595329,16.302574133454918
2020-07-13,428.6236670381481,304.7758777151327,17.73671259622897
2020-07-14,426.3953148775774,300.73036464223543,17.606207877165723
2020-07-15,429.4587441805498,301.01216469804774,18.579398091902018
2020-07-16,437.8417198443728,306.6707654411629,24.665896748017534
2020-07-17,439.6006759235241,308.72101666053794,17.00464263387575
2020-07-20,436.2137708438869,307.64615942878254,18.867168412023318
2020-07-21,437.02501546900237,307.136603691673,15.929006900762408
2020-07-22,434.09446519075186,304.7084456540537,18.364132474013235
2020-07-23,441.5496420889647,314.67478085246,23.514140595194466
2020-07-24,441.61118630284494,312.9635198282006,15.069686304013194
2020-07-27,439.0114598066545,311.2520574640767,17.952154433075137
2020-07-28,435.1244188295837,310.63053711590595,19.446753293532726
2020-07-29,427.75787945364925,303.6476055490198,23.537338594869812
2020-07-30,430.6494842285834,305.3300167656085,18.36858213781875
2020-07-31,424.97325295602025,299.2433666222141,21.634132426810563
2020-08-03,427.0861225012194,302.95647606782086,17.479726104499537
2020-08-04,431.8338290352579,311.4496779014533,20.527587151286042
2020-08-05,432.8948995737374,313.98422586280776,16.22705657383006
2020-08-06,431.1509373365114,311.32610214061066,17.018370474021808
2020-08-07,437.95367482006355,318.186313464688,22.827454048938314
2020-08-10,438.40778117688933,316.48522846405643,15.51817248962893
2020-08-11,440.7085606196135,317.6936056996762,17.617156099143298
2020-08-12,439.85813656833403,318.01686927071466,15.965769337399395
2020-08-13,448.6744449363126,326.824819617438,24.922649881216785
2020-08-14,449.1234339349167,326.67439290845647,15.50010035287599
2020-08-17,452.0089787554751,329.25964508289405,18.202142817677835
2020-08-18,457.10230893853725,335.21739455132456,20.602596231675218
2020-08-19,451.31937983957204,330.14870447072303,21.365994217913787
2020-08-20,451.61290415342233,328.16363356212486,15.32507900026761
2020-08-21,460.840746276844,337.08443729708335,25.113562193057586
2020-08-24,452.3439930672903,327.4882742598038,24.304796780107246
2020-08-25,450.4790073883159,326.6248728208809,17.065729750806696
2020-08-26,454.687524016578,332.31764011926373,19.649472564666343
2020-08-27,456.8873011818432,334.56050171566375,17.41316606656391
2020-08-28,460.7028532939334,339.92969719568333,19.158255278933076
2020-08-31,458.1184585096655,341.98014571659377,17.812735802412014
2020-09-01,458.5146436255953,342.8088871670446,15.432217797587322
2020-09-02,459.5841965820486,346.4463730701165,16.164965462822394
2020-09-03,462.1216114808034,349.3585775680886,17.75296226490327
2020-09-04,456.24984638435427,343.0959582024826,21.393758275926874
2020-09-07,454.8562675845814,342.49270319309926,16.52954728891906
2020-09-08,455.07636526138026,340.5313456760181,15.241883490212818
2020-09-09,447.3507289520251,334.0080259148143,23.56116256292905
2020-09-10,451.85849536635357,337.75674584352606,20.01307599367398
2020-09-11,443.82125892253896,329.26592564523287,23.973578042003197
2020-09-14,444.8580071233211,330.14646693495126,16.166617373365668
2020-09-15,451.1760126968871,339.2796896253578,22.05119464495494
2020-09-16,455.77256588569355,344.21317487640687,20.068195324299904
2020-09-17,455.8062894594312,342.51552493670994,15.036994686258176
2020-09-18,451.6418214728821,339.43650291231273,19.589240059528464
2020-09-21,453.47012819768287,338.0435617310985,17.019981298623193
2020-09-22,451.5882321419798,337.2203141378558,17.079312064634294
2020-09-23,449.10301127626025,334.1663906428616,17.75924429253052
2020-09-24,447.87394188012047,333.42665836609933,16.37023605904977
2020-09-25,446.4407105934872,331.50674175756103,16.602604306747637
2020-09-28,444.2193690439063,329.41035056279964,17.49404481702719
2020-09-29,439.5348914270346,323.9697972671868,20.30070597713958
2020-09-30,440.71573803972166,324.90266555950717,16.34148989106768
2020-10-01,440.56071415290836,322.9646617999996,15.175908352057576
2020-10-02,444.645188333934,329.2890654790254,19.614184289338777
2020-10-05,452.3076191213133,336.7331280400947,23.542943540613393
2020-10-06,458.32114301512456,343.4959293619843,21.603801198220694
2020-10-07,464.6250717977673,351.01917349515804,21.830329562440348
2020-10-08,468.17103733504945,355.2267854025707,18.801455198554635
2020-10-09,470.1793546015924,356.5476763690049,17.140266951799713
2020-10-12,468.67035814660596,355.17695939954666,16.60728360878597
2020-10-13,468.80066387519327,355.11378952654945,15.138997074432742
2020-10-14,462.7367867374441,350.4306016017706,21.509628556873636
2020-10-15,459.8628832327478,347.6946886676545,18.1150160722001
2020-10-16,467.399655315111,358.38614593672224,23.128159766591196
2020-10-19,471.5928868859665,362.85280349133683,19.465700478801573
2020-10-20,472.9580362315258,366.55171067726184,16.445290309590302
2020-10-21,474.4317149011617,368.6849406194744,16.55551593888306
2020-10-22,470.9156059555266,366.11685669545875,18.71940035363161
2020-10-23,475.57338594237814,371.1285886628347,19.921153470332968
2020-10-26,478.9923785760555,371.5259796214593,18.581740914405614
2020-10-27,479.6700271198107,369.899667356968,15.706868917143794
2020-10-28,474.6396027419113,368.0996842478568,20.271319510513337
2020-10-29,474.62354340308383,368.722602386295,15.016917689151091
2020-10-30,482.47426975988805,369.89886285394,23.2028214150069
2020-11-02,485.11697190190847,373.7209752289866,17.7312243015276
2020-11-03,488.1654043888986,379.4780805266012,18.13212540351174
2020-11-04,490.7563230481678,385.11517335889295,17.646712843856797
2020-11-05,484.0231109138308,377.40655272154225,21.907531066890268
2020-11-06,480.8034655494265,373.7371930967716,18.337032161042842
2020-11-09,482.24041048543376,375.0716407093318,16.492087783469056
2020-11-10,485.7749145310551,380.4309719486637,18.651305575065535
2020-11-11,485.2452548697154,382.8489257203944,15.545467262742092
2020-11-12,489.79781941705767,387.4246751849659,19.669124626820466
2020-11-13,495.0581524783671,389.8334272997382,20.341271450505737
2020-11-16,492.61866315902836,390.3988692820837,17.469931703838647
2020-11-17,494.95881406042264,391.563211242397,17.369591586814998
2020-11-18,485.0315322412329,379.45486167741217,25.130325717116342
2020-11-19,486.6412056634481,381.9967575037149,16.656601890650542
2020-11-20,486.66211865210573,382.8662938543238,15.0214866097119
2020-11-23,484.79851853428613,378.7787502332587,16.918350916694205
2020-11-24,481.84099862509714,380.28494247678276,18.059598832111956
2020-11-25,482.5096688006986,385.8113044024348,15.693389142923811
2020-11-26,480.0351950128844,382.85823031218325,17.570767692995737
2020-11-27,478.8512270451226,382.32458051907315,16.234732854908405
2020-11-30,473.39523681691054,378.7869656109752,20.729661532050244
2020-12-01,475.8617955556264,385.266766273774,17.598415609053447
2020-12-02,469.12641639455455,377.8415281695944,22.1275949623388
2020-12-03,463.0732000490558,368.9347984333567,21.493567814563292
2020-12-04,471.8351598676578,376.5056499348454,24.372272985778096
2020-12-07,474.6806686167459,378.3778960666337,18.006307169841545
2020-12-08,481.7949750918653,386.007721795846,22.438179659562863
2020-12-09,480.0318793352501,383.4480181931888,16.833071849945057
2020-12-10,475.893900985971,380.4698890927665,19.328792340217383
2020-12-11,478.5040341198073,383.8652397072723,17.7348546609961
2020-12-14,488.66479058174156,391.9789502091755,25.506056479862323
2020-12-15,479.01570453871585,380.78013853237906,24.971685806388447
2020-12-16,473.1099269558337,373.7982429290305,21.202808882159985
2020-12-17,464.039308023308,364.2828774680609,24.679250498463638
2020-12-18,458.32985240317424,356.7745635903332,21.19006877927873
2020-12-21,457.85181247945934,355.42110974246094,15.521774212931954
2020-12-22,462.7069695626394,358.5011222307735,20.27419019467091
2020-12-23,466.26256710044333,363.2191955225561,18.827482775465118
2020-12-24,466.10429380667927,364.05691119341645,15.169754312299803
2020-12-25,464.4980525763185,365.723372202658,16.726024903856818
2020-12-28,464.98326773187983,365.9853543744812,15.522027919266016
2020-12-29,455.44632483016113,358.5068619378417,25.36177486254165
2020-12-30,456.12606315718284,359.16869811301166,15.745676878726417
2020-12-31,451.77343150001724,355.86285121418007,19.794214591380616
2021-01-01,448.5215640493444,353.47585983054483,18.612017848320043
2021-01-04,451.0738203015249,355.1782816359721,17.83712338292053
2021-01-05,454.84658219847523,361.09183176868777,19.164586312252258
2021-01-06,457.60957076086044,362.2613060825349,18.028087430088128
2021-01-07,456.31718338942665,360.2277020551101,16.414104825166586
2021-01-08,455.00711774631714,355.6349903183412,16.43754154685091
2021-01-11,457.199731399494,356.1267405357656,17.403641101609733
2021-01-12,456.28859329083974,358.94392289525746,15.997427538129985
2021-01-13,450.74789301660616,353.019547350501,21.108650838106353
2021-01-14,456.2748173822408,361.54104794255244,21.09355500099639
2021-01-15,454.3089746425661,357.2885525672792,17.158885114159343
2021-01-18,447.12406523027573,350.54153237184823,22.97071024866403
2021-01-19,440.0893174576577,344.781440859954,22.92920321023444
2021-01-20,439.11926009113824,342.5944223715737,16.103330637257162
2021-01-21,444.5303759754053,346.7195702016469,21.123675381174728
2021-01-22,450.48636355574,354.4233880684826,21.65470849605186
2021-01-25,453.472129442768,355.2152715233902,18.3030020384837
2021-01-26,448.100136565399,351.2491443803819,20.958542266560308
2021-01-27,448.7434116298518,351.7490633980347,15.717265766211508
2021-01-28,454.7854257652811,358.6046945136408,21.687228951008827
2021-01-29,449.62878609148936,357.37173221827356,20.70169672891846
2021-02-01,448.3881823940841,353.83490709397825,16.381493368369075
2021-02-02,446.2265193114317,352.5598064138715,17.416310938696363
2021-02-03,456.40908997348913,362.6924653519216,26.281410275612792
2021-02-04,462.3243472735767,370.5304105308753,21.438580332079958
2021-02-05,465.7112953244185,374.3070421266467,18.64960453346329
2021-02-08,475.0303558102659,382.61872904483045,24.906402379685538
2021-02-09,476.8739167101008,383.4400408706417,16.936710715590728
2021-02-10,478.2187845459096,386.2206014858516,16.40810281859268
2021-02-11,486.9112952935675,396.67180407266534,24.006812637184197
2021-02-12,486.5736650199635,397.3705476416625,15.346826402980968
2021-02-15,480.08802620345455,392.17039159501456,21.7094167430708
2021-02-16,486.22331077325197,399.67411216643234,21.349265272026305
2021-02-17,484.66437367299255,394.93690251978546,16.605683607892598
2021-02-18,492.5095446868031,404.6257734237324,23.028601079260774
2021-02-19,481.643132701128,393.69419883596726,26.15519462917146
2021-02-22,487.6191566755049,397.22692914657756,21.165616640125982
2021-02-23,489.9017033993477,407.2830714715376,17.335040576147037
2021-02-24,487.9457797219069,406.08757129466267,17.00023656011474
2021-02-25,486.7940081356325,403.163386692401,16.1816200966315
2021-02-26,490.0169428232105,409.20444181404116,18.299457668665255
2021-03-01,489.8552072418509,409.6099077437493,15.165057842308997
2021-03-02,491.6517901173865,414.61419784938414,16.830435123588767
2021-03-03,491.46991931307326,413.0837036784553,15.184993174948078
2021-03-04,492.45582591822216,413.08070487094034,16.002013556294735
2021-03-05,496.29898068484783,415.73579168897896,18.88688287013815
2021-03-08,488.38356469546665,411.2502057559451,23.03871920600095
2021-03-09,487.67584624850866,410.4108763876929,15.725077349849206
2021-03-10,489.55090137200693,411.9101928373063,16.91875368653267
2021-03-11,486.7956218402205,406.8044778778709,17.822037852884574
2021-03-12,495.9399756814466,415.3563031375004,24.30526765614228
2021-03-15,491.97220225418994,410.56346362179596,19.01634360886588
2021-03-16,490.61299565935553,409.0790123312927,16.38329731067887
2021-03-17,487.36528179071047,405.4643345125124,18.320856794281458
2021-03-18,491.76414982631184,410.2527792825591,19.492662041522813
2021-03-19,493.73624579062545,412.7819343150416,17.00111395741198
2021-03-22,503.6723261115269,422.5686420904979,24.962225414778228
2021-03-23,500.01469117735076,418.56399876874997,18.6442148425317
2021-03-24,494.9778642524717,413.82151736274415,20.062218729167604
2021-03-25,494.87056709487894,409.63751231763064,15.108397563318935
2021-03-26,496.34066676690145,413.25221271038185,16.483135682610015
2021-03-29,501.6449322626097,417.458666816794,20.315022028690848
2021-03-30,505.8297938161047,423.3626976896312,19.153836830023714
2021-03-31,503.13388370233224,422.5072005377767,17.671965888929194
2021-04-01,502.4255685297226,419.39778348594416,15.704399215966394
2021-04-02,500.273146862094,414.99120953600016,17.14663182541969
2021-04-05,508.1876320517514,422.33142828919404,22.848245417110363
2021-04-06,502.1130254828562,414.77168749397936,21.012744551530684
2021-04-07,509.0925059971391,422.77754233549996,21.902247993299923
2021-04-08,506.17016421704113,419.10658702283854,17.878417513657656
2021-04-09,508.66614445893345,422.3161214359138,17.459495441164233
2021-04-12,509.0795103761284,426.4246552739854,15.406158393269825
2021-04-13,508.96724082955734,425.05083660134517,15.110279362802547
2021-04-14,498.4043585263726,414.30605254425456,25.48597107206192
2021-04-15,493.8340026284859,408.7009190855354,19.606139410767273
2021-04-16,497.7115058899633,413.57692573398253,18.910585035124036
2021-04-19,487.66094784362963,406.41819863118536,25.200109173589528
2021-04-20,496.3632665667453,414.4538050463667,23.84383277742385
2021-04-21,501.8974914465006,420.5169308073159,20.54392380299062
2021-04-22,498.42896417355706,421.8264720514384,18.467409218322377
2021-04-23,505.1432798240724,435.1950420033092,21.690515680041234
2021-04-26,504.1202306650664,432.72142753832884,16.013659464322018
2021-04-27,501.059166702274,422.75456142468965,18.045300603480083
2021-04-28,510.64046404825484,434.94219343092084,24.47077919172976
2021-04-29,517.4910745781805,441.23267374443327,21.663264046671216
2021-04-30,514.3797683176441,438.13046655019934,18.015218145572156
2021-05-03,514.5632415011609,434.176071587778,15.178312291070101
2021-05-04,520.295899724732,439.2645922573761,20.53961078854739
2021-05-05,520.930408482344,441.274639084839,15.609386097097758
2021-05-06,520.8238884439434,440.7498462770224,15.102250635381216
2021-05-07,515.7505414296239,435.9993973443457,19.89437842437247
2021-05-10,516.1774563410806,434.50255801930524,15.41370612749612
2021-05-11,524.1256514774808,447.24529588359263,22.640417237318708
2021-05-12,524.4146457962163,448.50833889086573,15.27561585072579
2021-05-13,524.8466787522359,452.653972002953,15.411749647420546
2021-05-14,526.3716215567514,451.61273744269494,16.45064433690695
2021-05-17,526.5171377034312,451.16994753910427,15.13820657341671
2021-05-18,531.0804737535561,458.4572810142308,19.314839897972487
2021-05-19,533.1698535391336,460.6841377319275,16.963243436602493
2021-05-20,532.159405226022,457.97357323776805,15.9484848067445
2021-05-21,523.4882888346691,444.75822918604354,23.214209590976758
2021-05-24,533.804511928962,459.351159393342,24.757515121834807
2021-05-25,531.747607000659,456.47118719283094,16.93036778460337
2021-05-26,533.5608499138152,458.60045820247376,16.702084173301895
2021-05-27,534.3668790307593,457.70483265536507,15.754760128567561
2021-05-28,534.4999513882572,458.535334903598,15.12449853845046
2021-05-31,542.9707356264161,470.3511435255136,22.861892545288995
2021-06-01,533.5280982222225,461.02256824943373,23.7718437723417
2021-06-02,535.583556167471,464.0337589840385,16.922587289519022
2021-06-03,533.5488304393206,462.9893354535937,16.903158308773744
2021-06-04,532.3211465973862,459.9673167616428,16.151814396968447
2021-06-07,526.2754418002164,453.2482472121364,20.711118469446994
2021-06-08,527.9083048766158,450.1699702675897,16.5489371633788
2021-06-09,531.0822006809842,453.5207412934616,17.997104592555736
2021-06-10,526.004320110743,450.89955043908134,19.803693480586556
2021-06-11,530.4838946896689,455.5287859608318,19.240086506630156
2021-06-14,530.8679798980651,452.00133106475135,15.361883023301628
2021-06-15,531.2340804922335,449.86719523017194,15.344694377613044
2021-06-16,529.6095244301107,447.4216705528335,16.531382500226844
2021-06-17,523.614318591886,443.32730683557617,20.692304281450873
2021-06-18,540.2660918857682,459.12736559779495,30.65320042401774
2021-06-21,551.1681554219603,470.8090436434282,24.989081953123623
2021-06-22,547.4241365108968,466.2560312101975,18.408028104428443
2021-06-23,535.5112025008341,454.23694919922565,26.001039633838275
2021-06-24,544.0420792939756,462.1607119678364,22.902393068017496
2021-06-25,547.1060157270131,465.6906499868699,17.808000582070438
2021-06-28,541.4673734873745,461.2596298546862,20.1798920735002
2021-06-29,540.2785210080544,457.32365205608784,16.09901314533603
2021-06-30,538.205694670181,457.85720264486594,16.921983521032676
2021-07-01,541.0127316750313,458.4565021743546,17.600996486311924
2021-07-02,542.4722650227179,461.31409502648614,16.347073780404592
2021-07-05,534.8128106436275,451.86931798797855,22.110080350832604
2021-07-06,535.0807382853363,449.655416046756,15.250424584369032
2021-07-07,528.3872277407885,445.59749182142843,21.294123704872113
2021-07-08,530.5639778438966,443.34037716389383,17.055574569912068
2021-07-09,530.3769811229005,441.18446587705546,15.176255541226887
2021-07-12,527.9056893699365,434.96531963670594,17.335194852909524
2021-07-13,528.1121275686756,435.89017710264596,15.195487422709698
2021-07-14,526.4753787246744,433.74898127251964,16.552028777536428
2021-07-15,524.674983161978,427.7523029943143,16.712787616831758
2021-07-16,527.5187753164984,434.13088805787373,17.702733271334356
2021-07-19,529.0370029314546,438.4347454459894,16.43696025442861
2021-07-20,533.0075733659054,440.8708493747202,18.7386273819194
2021-07-21,541.4042678578755,451.5623406704793,22.81531357283263
2021-07-22,542.6147435062004,449.94326586555604,16.116655832376853
2021-07-23,536.6811794739298,443.672286258525,20.497680187107832
2021-07-26,540.3626833517357,446.95021098110414,18.418169252847846
2021-07-27,549.0817270948658,453.9267870341012,23.003372931994782
2021-07-28,551.9128282142984,458.4125891725158,17.57140904617654
2021-07-29,545.4628979388563,448.322751592627,20.87766286115889
2021-07-30,546.3857883562227,451.95728025436256,15.845255069442176
2021-08-02,544.5884151808907,452.2482104442977,16.64749523469226
2021-08-03,543.3240894344721,455.7697759217628,16.162158087400474
2021-08-04,544.3568959435369,454.483435390537,15.949549393027075
2021-08-05,543.776862397308,449.94622759681715,15.533053585297532
2021-08-06,543.4254926230554,449.66333781075167,15.323187109431474
2021-08-09,537.4101198228238,441.1149217914604,20.565540994443417
2021-08-10,544.0420327965202,445.07616954569767,21.132491478123914
2021-08-11,540.0432589613954,443.32959753828277,18.688632251809956
2021-08-12,545.611605636316,448.12867001298986,20.129066046529775
2021-08-13,546.6243554129089,449.9127478802824,15.927226444601784
2021-08-16,551.3750610409545,455.8858972435821,19.326719306050776
2021-08-17,545.2393252433575,449.4265821614529,20.595220985309147
2021-08-18,542.0004473675607,447.3251440571196,17.979000160278463
2021-08-19,541.5881765506025,442.0573978189403,15.380468037178524
2021-08-20,538.6374010932014,442.32386486064667,17.731635741520215
2021-08-23,537.5772956095045,442.0025217265363,15.985031917714904
2021-08-24,532.4164394996787,433.18559897526137,19.823295652536874
2021-08-25,532.4170891505597,433.6967528079362,15.000610096192009
2021-08-26,531.6718491927711,436.53375341898453,15.700355066931657
2021-08-27,530.7959976911827,435.5390913468641,15.824355958211543
2021-08-30,527.923773457212,430.89117579636115,17.712928726511155
2021-08-31,530.0699005953643,433.28674131807617,17.028490466809586
2021-09-01,532.8373031833871,433.7769557636657,17.60362224609031
2021-09-02,528.2910727498903,433.43046688249774,19.284362149836667
2021-09-03,533.4723678468862,438.79158720480933,19.879934670502905
2021-09-06,529.9934282495642,435.71796995232984,18.271334179423423
2021-09-07,525.0319821067283,434.10787360267074,19.70271395272956
2021-09-08,525.1064205312466,436.5882440910973,15.070884394338863
2021-09-09,523.90349362353,437.8893374476062,16.146726469178617
2021-09-10,531.6099417448929,445.10238389187185,22.301266665452836
2021-09-13,524.8417811493342,438.5345768547013,21.40659014225519
2021-09-14,519.6035965346761,436.00516157239826,20.015320710842143
2021-09-15,518.0596808827054,434.4725396419434,16.487878413805603
2021-09-16,517.0583834554081,436.7287022176615,15.967327084808728
2021-09-17,514.5223439767564,437.11976818401695,17.45840632757389
2021-09-20,520.0934850041199,444.7783781696522,20.38479570695179
2021-09-21,516.2676591372735,442.0590902483333,18.691612009876007
2021-09-22,512.9019052015615,435.6205888247499,18.270370647952745
2021-09-23,506.73548274794405,428.74222793024325,21.047735896608284
2021-09-24,514.6018025532347,437.90214429536223,22.702132751561688
2021-09-27,515.8751952849461,439.76945573703205,16.235731979028962
2021-09-28,510.20086473498714,432.3894026709911,20.5301830115834
2021-09-29,516.1690269540925,438.75462066123066,20.814891428872095
2021-09-30,522.8751138627761,449.0321538701594,21.454182033542757
2021-10-01,524.0076447438468,448.7323112540413,16.08181294759853
2021-10-04,521.6334216076957,444.62301602181014,17.270594846294827
2021-10-05,515.6005355942501,437.90335428087695,20.81638694237251
2021-10-06,510.9797501556393,434.66008489401617,19.50117415003117
2021-10-07,505.66903179027605,432.8402690841227,20.22379681751915
2021-10-08,504.75280567117363,433.7843090966755,15.906776097124366
2021-10-11,504.32193573531157,438.8150213168433,15.426995092006388
2021-10-12,502.6705036428857,437.47286651444034,16.639966208632305
2021-10-13,503.1181707103368,437.8988860060034,15.445090612400001
2021-10-14,509.522774007252,442.6554115366698,21.324738032509952
2021-10-15,512.1437740699482,442.9498484307624,17.565421974094868
2021-10-18,499.036438353291,429.58540756519545,27.963139256454994
2021-10-19,495.6414777823021,423.78334947236027,18.4131387649426
2021-10-20,502.32671789917356,432.4407514983828,21.698951076456137
2021-10-21,498.5557223165207,425.8904224721821,18.7676886663314
2021-10-22,504.08997164867833,432.0073827839501,20.51970209372101
2021-10-25,505.78700691469226,433.7703080648653,16.680439201449484
2021-10-26,509.51459369668254,435.30952253308334,18.67142485368478
2021-10-27,506.4281820947868,429.98514917975876,18.037987149121403
2021-10-28,503.68193202390347,423.7442021488955,17.7187697647894
2021-10-29,490.674662224061,413.1216045906415,28.081837908139477
2021-11-01,496.20045593243987,417.6788359876762,20.599342161928135
2021-11-02,502.27605388251595,420.49657575321464,21.084943287378856
2021-11-03,497.1364786318186,417.20746832959276,20.14264169378012
2021-11-04,492.689584110626,410.3307167101687,19.492632197578736
2021-11-05,496.54397777658585,414.5518852387207,18.896363123722807
2021-11-08,507.6059851555156,427.75568506241444,26.016735856172478
2021-11-09,521.0933116397882,445.5074274117803,28.11179994775923
2021-11-10,513.5963650922691,441.09853858876875,22.245725857302983
2021-11-11,522.6959044161583,450.6611379100508,23.78108760563415
2021-11-12,520.69089044405,450.15330939000086,16.921642529848896
2021-11-15,523.4426996447623,456.48396009817014,17.63550143206269
2021-11-16,522.4589465741835,451.39020320921827,15.940579225819711
2021-11-17,515.2481510240804,445.7387386854302,21.948889170293295
2021-11-18,510.69814159460554,444.3473324952168,19.434968276082802
2021-11-19,519.512965602002,454.6874569747531,23.556536683161745
2021-11-22,521.9848866410613,456.3125776742009,17.373433296410937
2021-11-23,512.4719581633204,444.2704330601571,24.19632046594159
2021-11-24,515.5375563482987,451.34332816545515,17.982080641233072
2021-11-25,523.5772511608517,458.8412449310987,22.737215545957525
2021-11-26,522.8249457349744,458.4395430813266,15.718944931238333
2021-11-29,531.955330201781,471.9258150707813,23.65641189078807
2021-11-30,532.8533009229795,470.423744000365,15.84331673112382
2021-12-01,529.7660161657743,467.22016654736666,17.90536167964557
2021-12-02,532.4242805319684,472.35752497710985,17.50263057774837
2021-12-03,531.33702572954,470.47993321229916,16.02208566398513
2021-12-06,527.7999509576559,466.9594921392005,18.339594404940733
2021-12-07,528.9041240608378,467.5065107489793,16.044922160474204
2021-12-08,529.0642709204809,469.11072337404374,15.151372065201564
2021-12-09,536.2085787717705,481.8722726730797,21.70665263654405
2021-12-10,528.9729169359173,471.19140587838626,21.792995523012838
2021-12-13,520.7961879464536,461.56801121016014,22.789231286451372
2021-12-14,518.5308974549082,459.5434756960119,17.179577642587258
2021-12-15,515.8664376362922,456.4084761425888,17.575862892509658
2021-12-16,516.4500597866182,457.7690479951815,15.56535201555219
2021-12-17,516.2028870719063,461.5324445295951,15.239357007777123
2021-12-20,514.2491018366513,457.9377052768343,16.89604911007182
2021-12-21,508.55180221880454,453.1975331724587,20.570349539107067
2021-12-22,513.2599062365044,460.66240718404083,19.607636903037353
2021-12-23,513.4665607052912,462.4234908506046,15.20127509928996
2021-12-24,505.4950395788694,450.70600262213037,22.823340697969034
2021-12-27,509.093454813213,455.4495679593959,18.54668946314968
2021-12-28,513.5992115102879,456.99476997754067,19.405806357424694
2021-12-29,514.0215355312637,457.23056289361944,15.410972672523627
2021-12-30,516.4008667747993,459.66403128813687,17.309087483912243
2021-12-31,520.3243723822017,462.50525721794236,18.78453633705887
2022-01-03,515.6876197098856,455.40895484810704,19.475608069568295
2022-01-04,513.828666425999,457.664098273134,16.805658957738704
2022-01-05,524.7046096249853,469.331875092276,25.472789913372313
2022-01-06,517.9677339937092,461.708325801342,21.46125259015941
2022-01-07,519.4481116306721,467.08963214396897,16.42698672671462
2022-01-10,511.83972304199517,460.34407946454525,22.377694543518835
2022-01-11,516.1901122442067,463.6775860157759,19.231798554820482
2022-01-12,522.0236845752444,468.33721915236634,20.618913697416236
2022-01-13,528.6749722134018,477.5757962621542,21.330432083134724
2022-01-14,528.7647439921977,477.8450520604027,15.08489541071309
2022-01-17,529.6264712996831,473.841356914625,15.814186177518895
2022-01-18,527.2846819418622,472.0168733189345,17.215695409045736
2022-01-19,528.6280443051536,473.8986141011797,16.27222928057708
2022-01-20,533.4829697594449,483.61342913410726,19.571046909082085
2022-01-21,525.3848816295008,472.1546671743528,22.648023320882807
2022-01-24,532.1595376181031,480.85956180503365,21.40611263078319
2022-01-25,531.5643691755641,480.23191331791656,15.559514081468667
2022-01-26,528.1629071740077,472.5057800471724,18.20976326526558
2022-01-27,532.6162681897182,475.73413774159894,19.198222667557424
2022-01-28,533.4012741547817,475.46962753534723,15.736391359219745
2022-01-31,535.303016264926,473.48070560072097,16.77948580774378
2022-02-01,542.4536494167693,484.95700519390755,21.634835399618684
2022-02-02,534.033835497109,473.4965025949939,22.821721797193256
2022-02-03,528.0225540128906,467.04881023155417,20.660100289777635
2022-02-04,521.3771607114521,463.034493587007,21.332650981491582
2022-02-07,525.5021293438442,466.8442094120634,18.940272789134628
2022-02-08,524.7400468227908,467.4069365988832,15.725625643400505
2022-02-09,527.6217091412481,469.5095084983575,17.738287955229648
2022-02-10,527.9014617568155,467.0735028694658,15.265036931287625
2022-02-11,533.9202210475725,471.47395957489846,20.66839409139021
2022-02-14,536.2252677659417,474.55822767200056,17.153959725337046
2022-02-15,529.8845732191875,466.9553250768494,20.947576007031223
2022-02-16,522.9750692665507,462.199737092119,21.562701113024374
2022-02-17,528.8303224811283,465.2762548669654,20.56691736538795
2022-02-18,525.5247037055168,462.7865176193674,18.135214917597423
2022-02-21,529.2584550992734,467.2224105670138,18.539843196983767
2022-02-22,527.1005671813878,465.2772611973628,17.042762804980455
2022-02-23,523.3289522913765,461.98791016462985,18.59056084023289
2022-02-24,525.2632099537982,461.9270211412511,16.84462551402504
2022-02-25,529.3170511207212,465.20378632191193,18.844051784435887
2022-02-28,532.3565939544346,469.71240872337324,17.862980683853994
2022-03-01,533.513488889434,471.961972792793,16.08540000130468
2022-03-02,537.9497232975623,480.0269597572402,19.140375243246467
2022-03-03,538.665137719803,477.02648480480946,15.664503671132152
2022-03-04,543.3041848948449,487.22623553786406,19.28762212168728
2022-03-07,545.0229797534297,493.18402761079926,16.579301099354254
2022-03-08,547.0874595224535,497.3239692047111,16.890360309627205
2022-03-09,554.9348838404333,505.3016394969259,22.121050685366683
2022-03-10,554.718519224565,504.3831084806446,15.19498396347247
2022-03-11,549.7612431824138,503.0124168485788,19.488365925438067
2022-03-14,550.3280167245985,509.1579903870042,15.515206913646605
2022-03-15,540.065349169917,500.3157054859059,24.41217264065353
2022-03-16,549.4715262534327,510.62150525732784,23.633402864121997
2022-03-17,553.7221544709892,513.9374699959963,18.85303988468108
2022-03-18,550.7108214694678,513.094316104549,17.726594125237302
2022-03-21,558.7672188081795,521.2150767914472,22.261557823537082
2022-03-22,575.7039980352495,541.2901727695571,29.930337098092608
2022-03-23,572.0479946793613,536.3435319099398,18.185370833076778
2022-03-24,569.2860981959042,535.5093776340852,17.419889050710022
2022-03-25,573.46762985507,543.7366080614158,18.659187644365474
2022-03-28,562.7209871205371,531.4654282701,24.458784455114227
2022-03-29,573.9251628367152,542.1991936496512,24.857543283660235
2022-03-30,571.5121952329382,541.0894482866969,17.106593744431752
2022-03-31,570.655755164213,541.7118211238387,15.74983738507127
2022-04-01,571.8529866382087,545.6212771892248,16.0478973756727
2022-04-04,570.340206911968,541.0992965766038,16.324452482594836
2022-04-05,565.799887263558,531.6831121281741,18.996288698713187
2022-04-06,565.7898807014367,529.316916733701,15.008842923827054
2022-04-07,570.7122154400553,534.3036232570798,19.3311539278965
2022-04-08,567.3642688361442,533.6073987105152,17.941767366135622
2022-04-11,567.6961219849378,532.425640677636,15.292366081075915
2022-04-12,562.5020460398207,525.182123722622,19.59575378899072
2022-04-13,562.4164692429009,524.341825741029,15.076073774164323
2022-04-14,561.6681048026194,520.8775900891497,15.665754666620746
2022-04-15,561.3627824405964,519.9009164341944,15.271873528158295
2022-04-18,561.0405904528914,521.6614025979021,15.287055442219652
2022-04-19,560.5094319869422,517.4029249177665,15.473593237067506
2022-04-20,556.2128514069999,514.4056325724627,18.84751145837005
2022-04-21,546.9224027279739,502.6951538585545,23.42205731671367
2022-04-22,548.9435103424245,500.43188906640927,16.844304017411915
2022-04-25,545.5532495771254,498.9282076034705,18.097562032620154
2022-04-26,544.5422845728788,495.37274765750703,15.927409811723319
2022-04-27,532.718271007229,483.2920390517655,25.97644238618627
2022-04-28,533.491530821752,479.7588501653899,15.725241832112655
2022-04-29,528.5137313255477,475.04030233753906,19.68720460008207
2022-05-02,536.0240393141004,482.18690338011936,22.05511143220873
2022-05-03,538.8490783693265,484.4911495093018,17.62825957188151
2022-05-04,548.3492210847302,490.27805958607206,23.738410029375807
2022-05-05,541.9721486090418,481.4160806610058,20.84886747253597
2022-05-06,538.719897647089,478.3231833414159,18.009424184588568
2022-05-09,540.613917195535,480.26856220135153,16.754806035456646
2022-05-10,546.8257468977985,487.71710283694887,20.712406374823615
2022-05-11,544.852039278279,487.855745254805,16.807959999746167
2022-05-12,546.7645618907518,491.8547792266201,16.752011253109767
2022-05-13,543.4447522339008,484.99095818926804,18.045121588217693
2022-05-16,539.5210109301031,482.8985003259795,18.623160220395295
2022-05-17,532.6710966335669,475.26598005558424,21.38878746141598
2022-05-18,541.7320778857244,488.0105358921554,23.43370188568801
2022-05-19,537.1908766419167,481.90696841423534,19.209038321069656
2022-05-20,532.53708537057,474.19624508986783,19.350471144740112
2022-05-23,529.2725029689425,471.64082386785464,18.074555668035025
2022-05-24,525.7622313338051,474.8050810108432,18.327174427536782
2022-05-25,527.8003372622331,478.5364141796313,16.93449210474257
2022-05-26,520.3783893250271,469.99158412307986,22.080922167832597
2022-05-27,514.7199447092647,461.20620350378647,20.466631328985585
2022-05-30,506.60701478747035,454.52648539736026,22.943685901365257
2022-05-31,506.22235196692503,453.267027047114,15.379790369105034
2022-06-01,503.6512042021472,448.73842748882373,17.546015097263883
2022-06-02,494.59081598652335,436.7020026942736,24.076593494376375
2022-06-03,488.2413766305043,435.79549281982145,21.460439268850244
2022-06-06,487.6267374743024,434.42696370225394,15.629838426518116
2022-06-07,491.4352854057464,437.64179047229493,18.89001621248062
2022-06-08,494.17838747864164,442.73248250445874,17.783148439363682
2022-06-09,497.38476396683933,444.3441498312947,18.233669645214704
2022-06-10,499.35157182910075,447.0432555825773,16.973250441824664
2022-06-13,495.8378242615166,445.83783549104993,18.530747194828816
2022-06-14,494.511115635342,448.63030774035997,16.339638350058152
2022-06-15,496.469149184606,451.59611200607264,16.97585781154041
2022-06-16,492.42550776860173,448.85098033193225,19.089074528640154
2022-06-17,493.4839842738196,447.3060394494689,16.07360454528252
2022-06-20,502.378916379088,458.09571104166525,23.932121733193163
2022-06-21,498.72623354156326,455.4931752188434,18.64866672287853
2022-06-22,504.7897746878041,460.59681388583357,21.042369917475657
2022-06-23,499.45006236334643,453.5628574338462,20.317218507222194
2022-06-24,502.59720182039456,458.2695521644685,18.14071992155683
2022-06-27,494.4975221761432,446.5806897469487,23.12345870061809
2022-06-28,487.5495161626754,439.8554605571955,22.075141694236397
2022-06-29,491.0944214766016,443.51694110460124,18.6222784218958
2022-06-30,499.4441739131738,454.4800186455998,23.42970708278674
2022-07-01,502.7364052079224,459.2431406614401,18.285079761379276
2022-07-04,505.5943361863066,464.06600147929345,17.834326589510535
2022-07-05,511.87339395617454,467.45971126672333,21.171338212656597
2022-07-06,517.1799053216369,475.106492165844,20.1567381455638
2022-07-07,517.8172716095696,479.6824964771774,15.615814596124281
2022-07-08,520.1830012603774,482.7228361826949,17.279126324755975
2022-07-11,521.6679738913912,482.2448721658219,16.42532250007549
2022-07-12,524.5492688196939,489.1930711891027,17.75401904612339
2022-07-13,527.4278346636852,490.595110353052,17.7363457046364
2022-07-14,522.9687214476589,485.4552713333179,19.245196708782426
2022-07-15,523.595432766169,485.22007139874376,15.598827497481418
2022-07-18,520.1162364335779,477.67773888044974,18.333496522486026
2022-07-19,513.8339977350687,470.27028715092155,21.07603325606577
2022-07-20,521.421988186959,477.3302751234034,22.329710179870013
2022-07-21,517.9787085258682,475.8281428175929,18.3127669319211
2022-07-22,524.3912171362252,485.92824894633986,21.151932580556785
2022-07-25,527.9338281596783,490.4170556965422,18.36647352664733
2022-07-26,531.4094915959553,494.57959189416437,18.280972129650713
2022-07-27,535.0975473062607,498.1665974097044,18.458083516354463
2022-07-28,529.1369665900845,492.0387542094396,20.60087364729659
2022-07-29,539.9932951488922,503.6947083279808,25.15470434783142
2022-08-01,545.305750723147,502.9238702531169,19.894962383287744
2022-08-02,549.0566395056617,512.7264746762432,18.427478414814406
2022-08-03,546.9790621096546,513.8853270629478,16.89554033800218
2022-08-04,552.5255822546185,521.6764226900601,20.04460551638279
2022-08-05,548.7869721239958,521.5952726158652,18.394698877235992
2022-08-08,553.747349027069,528.6505972953565,19.49909837453191
2022-08-09,555.2021425412075,536.9822311571946,16.31186709562871
2022-08-10,548.551872344452,527.2120803142741,21.02521085509892
2022-08-11,555.1619538413944,534.2559615379676,20.989016691435257
2022-08-12,552.444563143886,532.5162347187949,17.453394872600285
2022-08-15,551.6877365506775,530.3154179209827,15.685449299823187
2022-08-16,547.4231481858939,525.646884080784,18.880054164557663
2022-08-17,538.3468017303342,513.8149521106074,23.35955892900838
2022-08-18,535.7236312226659,512.0959582494817,17.44227533192311
2022-08-19,531.0980214155635,505.7796026283494,19.33590636533397
2022-08-22,526.3136474095269,501.5691794342899,19.524639547864368
2022-08-23,501.98890473639256,471.3911854754991,38.65965277541377
2022-08-24,504.8650116918086,474.0924294991532,17.856536317039648
2022-08-25,506.20150885551993,478.743911460665,16.321869446755603
2022-08-26,504.4404613090633,477.8689801367525,16.742505635839407
2022-08-29,500.24355063844814,472.1905183620489,19.177368240437033
2022-08-30,504.1491896760859,476.6350337209147,18.88857721349128
2022-08-31,499.9708613696736,470.3412000578659,19.16120803370027
2022-09-01,495.0650752660904,466.39549776741643,19.93030017571604
2022-09-02,486.4827218538333,457.5026762520078,23.743916659675257
2022-09-05,493.6356841085479,467.92423646631937,22.298188880203288
2022-09-06,491.5198259803142,469.7159210544511,17.147743538872273
2022-09-07,495.7553827002769,476.75181388815145,19.290174278327438
2022-09-08,497.7415025710809,478.7017282361098,16.999123043147573
2022-09-09,491.0461546451485,472.57159139562,21.77137321378046
2022-09-12,491.88150925072887,474.37127540662453,15.849863970036422
2022-09-13,492.9494549722274,477.92226960079506,16.084395372301312
2022-09-14,498.2363661781878,482.3531634776174,20.33397596382131
2022-09-15,497.6176393029214,482.14660156341137,15.621302873186268
2022-09-16,498.31525064529336,483.2946370732894,15.700460305614877
2022-09-19,496.304600269607,482.30017895691844,17.02152924328921
2022-09-20,497.07405856031596,480.96504203239783,15.774587251052083
2022-09-21,497.60962828178697,481.8117861850823,15.538432247669451
2022-09-22,496.2268891301921,484.0901708741831,16.391315392004238
2022-09-23,501.9604576300487,489.4744695483747,20.744043516662753
2022-09-26,498.7746821018073,485.86354354169976,18.183446012484804
2022-09-27,512.0949756205213,498.5605400324785,28.17782609623442
2022-09-28,512.8688694762155,494.6356531707897,15.755045172042209
2022-09-29,505.26697273730116,488.78772768664305,22.46662448466816
2022-09-30,501.09796454887305,481.4881296294227,19.142664239362958
2022-10-03,503.80932689056897,481.83249735393537,17.698128418680632
2022-10-04,504.87062946235613,486.884614682445,16.052170172258705
2022-10-05,504.4042478546571,481.36982585961493,15.462095759417503
2022-10-06,502.60573977730235,480.5762343853121,16.785990220269852
2022-10-07,508.06941202532494,489.921924781136,20.406015437752675
2022-10-10,506.6927712888952,488.95875286498614,16.356614981905068
2022-10-11,503.85652393470616,483.9079675725593,17.80664665730005
2022-10-12,507.2846244902105,487.7339449134034,18.390341393488203
2022-10-13,500.02317504798117,477.6675515886306,22.208894077027047
2022-10-14,497.57534872433416,477.6523047437545,17.453723795601455
2022-10-17,497.5225947320073,475.3106677518992,15.053013869361537
2022-10-18,493.29006662659117,469.6481283236394,19.2718003270477
2022-10-19,503.957337904962,484.12810820057746,25.697123007321714
2022-10-20,504.0387460562616,478.68662359342966,15.08076236879479
2022-10-21,497.6833013352775,466.43970553745805,21.344604288854136
2022-10-24,496.89951183598487,461.674506063538,15.788058722880477
2022-10-25,495.6407402066961,464.0504552940652,16.268233002715828
2022-10-26,492.34694418510105,463.7863518012218,18.33385554970838
2022-10-27,495.6373509850138,470.928635777874,18.330436507451353
2022-10-28,498.93935302409955,474.3328592642875,18.32001962031245
2022-10-31,498.90407469892597,474.86570657206784,15.035354569873546
2022-11-01,501.5105841153068,477.58819877370735,17.605434947727193
2022-11-02,513.0040996698406,492.1582706218168,26.329562301415045
2022-11-03,514.2453270519986,490.96993380663935,16.208302437491593
2022-11-04,513.0639226119981,488.5703005787393,16.14999934166729
2022-11-07,513.9767901917786,488.95512150368205,15.888833138546358
2022-11-08,517.0723586327331,495.238591673269,18.002357109534817
2022-11-09,521.3943767406053,499.65823961503065,19.16194656570577
2022-11-10,527.6566236965909,510.10586175978784,20.969510861131624
2022-11-11,530.7118231810967,507.11650839608143,17.88671490534813
2022-11-14,538.1939686873297,519.2722174091169,21.999931863735554
2022-11-15,542.9550756239058,525.3183265884095,19.403775538025855
2022-11-16,551.8633831667256,533.1384262386596,23.136969264236107
2022-11-17,541.1717841779334,528.0723842508434,24.781881054973635
2022-11-18,538.6822276707223,526.6080872504915,17.305460636975585
2022-11-21,539.7737027679632,527.4749496695015,16.0120723889565
2022-11-22,535.1023589504779,518.6399773515419,19.345964519703166
2022-11-23,534.7164630075287,518.1597164185943,15.360711507187398
2022-11-24,534.2332759850923,516.0642724590717,15.452020368890661
2022-11-25,543.6111037512329,529.7838218181007,23.700759205267822
2022-11-28,539.0527766715461,524.2840780857902,19.210313188457214
2022-11-29,536.517206210586,520.5078714991631,17.357424619890118
2022-11-30,537.7487047516264,523.0152462527325,16.14636336118575
2022-12-01,531.815858952317,513.6090674573509,20.547029932398807
2022-12-02,536.7252442830301,516.9780373451864,19.59450727789966
2022-12-05,535.2121895944825,520.7201878973864,16.4115149313626
2022-12-06,536.620232717208,528.8730587355233,16.313679175394572
2022-12-07,527.0866225295497,514.6728873267562,23.96286925968516
2022-12-08,526.475952998828,513.5161816226587,15.579623473055609
2022-12-09,523.1999783331605,514.0099715932124,18.120949241786683
2022-12-12,528.3755515410332,520.1156556347306,19.921771999749886
2022-12-13,521.6382384840882,511.5403936753492,21.416492413885948
2022-12-14,523.4784201705048,511.4745296379671,16.760744671740543
2022-12-15,527.2000947460964,516.263858911168,18.542177828949992
2022-12-16,528.7096991192759,517.884370536501,16.429672695977935
2022-12-19,529.7317093365137,515.8957853045638,15.965580642155007
2022-12-20,532.7968150953636,516.6847572924855,17.8847359771189
2022-12-21,533.805568871525,517.5772794792457,15.94576394361323
2022-12-22,532.907700007956,517.8640046461388,15.841715484194056
2022-12-23,529.5838365321042,512.3233463013001,18.12837721977128
2022-12-26,525.2488601975962,509.0611565995927,19.10965715492096
2022-12-27,533.7096455514505,520.6350517331698,22.989893228239126
2022-12-28,529.4390003185536,515.0121916099968,19.017000087666048
2022-12-29,539.8900942244828,526.9476002793577,24.77381682223603
2022-12-30,540.9385823834757,531.0608882024296,15.970078339499086
2023-01-02,551.8487711412557,546.691991284639,24.984148554705868
2023-01-03,555.1948072625037,551.0316288416324,18.022506408785013
2023-01-04,556.1224770137537,555.3886846869531,15.834748077658329
2023-01-05,561.6252336821018,561.3787032119786,19.923115540754488
2023-01-06,570.6063085063058,570.1249662583556,22.932355581537212
2023-01-09,580.4965896163219,586.9108716025085,23.59221578900339
2023-01-10,579.2500055499088,584.7857876527961,16.074876659860998
2023-01-11,592.8663115415928,599.5229066659348,26.617378203520605
2023-01-12,588.0593013286074,590.542580000241,19.070566943853315
2023-01-13,598.9539778186195,605.6987720979323,24.1784840311389
2023-01-16,602.3996351998389,611.277179485622,17.86815371612411
2023-01-17,602.7695076145675,612.6370674880609,15.306904992172045
2023-01-18,598.9365662960437,604.207123563679,18.189593861497254
2023-01-19,604.0437449319685,613.33961808654,19.245463763692104
2023-01-20,614.7495184542785,624.3146639754809,23.784138540060994
2023-01-23,619.5171936318479,629.3168039721597,18.862778477113945
2023-01-24,626.9011367122342,632.9015904309073,20.924198387507698
2023-01-25,616.5371162884225,623.0156598289503,23.335162933041033
2023-01-26,624.4765140396763,636.9605474717034,21.397597798135713
2023-01-27,624.1253705862705,635.2543218573919,15.281229322962547
2023-01-30,614.562386983398,623.7477973729259,22.720406973601378
2023-01-31,620.5301083951127,630.5241918366277,19.831838810539402
2023-02-01,629.6377922559199,642.6115050701114,22.285297428686846
2023-02-02,629.8000606919871,640.4872287744535,15.128841956421544
2023-02-03,635.3904914757057,653.9471690051915,19.41867603098754
2023-02-06,628.9416971573053,642.1310494300214,20.100598007739876
2023-02-07,620.9982821315697,633.0785953420107,21.355122722305612
2023-02-08,616.9664453940894,630.0524509973084,18.256838343653108
2023-02-09,609.0757928679863,621.7616073682893,21.43596217764014
2023-02-10,619.7316885229889,634.1477976420024,23.671954665610215
2023-02-13,618.906244246666,637.4538218628226,15.666412982098814
2023-02-14,613.557449045436,635.7240651014531,19.339948358795088
2023-02-15,605.9611409986447,624.0641167382561,21.22902049702249
2023-02-16,604.5911872958853,622.5252346540401,16.13167704986319
2023-02-17,601.1771006930262,622.7921982291626,17.8314691642568
2023-02-20,589.9011057681156,611.6790462097475,24.467331156106916
2023-02-21,586.1317394092564,606.7690881380807,18.205164959446662
2023-02-22,593.0967057510746,615.7158690103465,20.906444475358015
2023-02-23,598.0271739583554,626.2150571783669,19.139364890040234
2023-02-24,606.2985271059617,638.3865880477454,21.86814471950803
2023-02-27,613.4143312857627,649.496465446129,20.83406566766471
2023-02-28,615.6212439284751,658.3651393503943,16.795647790163283
2023-03-01,609.0474129888396,653.844230261163,20.367896077451814
2023-03-02,612.9437390999504,659.4643047352969,18.188516797869273
2023-03-03,613.2382653615965,659.0884427620978,15.240197838688399
2023-03-06,615.1848549400255,657.4486824792365,16.584625993747036
2023-03-07,629.3088958926568,677.1376939946656,26.349713411926032
2023-03-08,634.8964422447965,681.175424455693,19.419837954887406
2023-03-09,648.2778356786771,700.8217193593796,25.428730355376057
2023-03-10,644.346716651079,695.7210494401673,18.041201051008464
2023-03-13,639.1804353226868,686.3083253398135,19.02508760381687
2023-03-14,640.2582742237519,687.2486353701306,15.842431253642827
2023-03-15,645.654020213218,701.3483663993351,19.196069732288343
2023-03-16,647.7315073793957,698.3024637759664,16.606241069273636
2023-03-17,650.9111489607816,698.5962927488172,17.44843946846407
2023-03-20,664.2136580142837,704.8972402544549,25.11536143678176
2023-03-21,667.3162287344488,712.5494183761484,17.330083887683895
2023-03-22,663.8643076989467,709.9626627500057,17.593133446831686
2023-03-23,663.584254510492,708.3035633228345,15.210971031633512
2023-03-24,673.9844409995437,727.6936495925976,22.775597710432322
2023-03-27,675.5510163375756,729.702859514791,16.16082614441665
2023-03-28,676.1197155067649,727.5447576005957,15.420737972161733
2023-03-29,665.9934533354892,710.3217696847219,22.545156821558848
2023-03-30,674.2464503950554,722.2202382685259,21.157928408517876
2023-03-31,675.9197552974007,724.8336480549349,16.23933316653373
2023-04-03,691.29218817818,744.4582120457526,26.244109440550446
2023-04-04,698.1991197557757,760.4031649727772,19.970875619908888
2023-04-05,712.2542883377148,777.3213801321007,24.96533012777975
2023-04-06,705.7188227638052,776.2698592138526,19.609052034269226
2023-04-07,704.4508438870597,780.9977804005536,15.899167843737729
2023-04-10,701.3255290136267,779.5171190070251,17.223198570378152
2023-04-11,713.2749405874702,791.5377609153516,23.44739985616745
2023-04-12,718.420502006992,795.3078189527954,18.59404900079401
2023-04-13,719.3311279076454,793.9319916886238,15.6333681029976
2023-04-14,718.7016916237507,790.0609226336754,15.43770650818467
2023-04-17,727.0759242861956,803.4614684767854,20.792264469190016
2023-04-18,720.2385531523969,786.5509178642856,19.72421308998316
2023-04-19,713.0009882568469,779.9362878243151,20.049837244719054
2023-04-20,709.0830394295947,772.1375444496291,17.755082445203797
2023-04-21,703.7741884988168,761.4432740911279,18.757545922760034
2023-04-24,703.7771679527365,763.6238882508102,15.002116763914891
2023-04-25,693.1184200580702,746.3394280969555,22.630459176760247
2023-04-26,689.6513820269649,743.0230052354925,17.50731921627557
2023-04-27,698.1348524901525,756.0034421799292,21.11302801913699
2023-04-28,714.276405233484,778.4403659927124,26.42886354547597
2023-05-01,706.1879218299439,769.5057099291041,20.694314649695563
2023-05-02,711.4235906026646,775.5720102694421,18.693319737239634
2023-05-03,717.2305709292473,789.0665808797614,19.064673216967837
2023-05-04,711.4112316337869,780.3286213620885,19.07335937553287
2023-05-05,711.0515293174993,785.5528674015605,15.252872928437231
2023-05-08,715.8152434412464,792.9035789002061,18.338596086069646
2023-05-09,714.0104422698126,792.2810280692432,16.262253257854994
2023-05-10,713.6603182609094,793.1355797076828,15.245241427927096
2023-05-11,719.7585618800607,802.9284647813645,19.254360323755186
2023-05-12,710.6262116593828,791.6203959182028,21.38462774356062
2023-05-15,713.9870672712491,794.8889761810503,17.359139772570117
2023-05-16,707.9656653265835,785.2092910404746,19.234625946857143
2023-05-17,719.4196706872517,805.3262444169737,23.02463842815237
2023-05-18,725.8940489958779,814.3358807219047,19.479596039973128
2023-05-19,733.5441189232931,830.2053962438904,20.24183905980086
2023-05-22,729.8037731128564,826.301936153392,17.556025109507406
2023-05-23,736.2098211612101,832.8408184320837,19.369733573347062
2023-05-24,726.7811532872604,828.2839191891699,21.444878049651876
2023-05-25,722.6589952345809,821.5352846258733,17.843973357898854
2023-05-26,720.213431338473,815.5173988537628,16.694928943770126
2023-05-29,722.0281765074874,824.1681902870588,16.258281633872734
2023-05-30,719.0408201387393,816.4623737159529,17.07301708314275
2023-05-31,715.0493307944846,809.3055828887979,17.78329758325814
2023-06-01,726.7242215355324,823.9690012947509,23.09776674717752
2023-06-02,734.1410679553222,835.2625155917901,20.077066448270816
2023-06-05,744.8253780749811,858.6145471214738,22.224299118377573
2023-06-06,760.9760202521937,881.5602774602017,25.726023733629088
2023-06-07,745.4822758021718,856.1678044189614,25.285243759089035
2023-06-08,744.2904299181868,854.8396762057624,15.800018777146974
2023-06-09,758.5699264269016,878.6854113687821,24.501831747949804
2023-06-12,770.2044513153962,898.9911274693839,22.610507920761485
2023-06-13,777.9458654882703,910.0191954612984,20.000469665409934
2023-06-14,771.0363380421248,907.2712752645783,19.460718308413746
2023-06-15,768.5657056045969,909.4996960119594,16.604722836307182
2023-06-16,768.0988682541326,912.6805417484018,15.30379913272429
2023-06-19,777.6848258077802,930.110746535171,21.20143715784828
2023-06-20,771.4319717449823,924.5314063908627,19.036421289380907
2023-06-21,773.5217058054485,922.0241211057512,16.352620059279257
2023-06-22,760.696727981694,901.7943381783829,23.35948537747952
2023-06-23,760.5676582648838,901.161653551767,15.084843711774736
2023-06-26,758.9327095280902,894.1666552719587,16.07597826390195
2023-06-27,749.7224773110224,886.8540270470057,21.10500445842736
2023-06-28,768.3547927028036,906.0449206512471,27.274244168674294
2023-06-29,769.2616499821246,908.851100429544,15.58978127398608
2023-06-30,792.6053128399735,945.253445948633,29.947112550729187
2023-07-03,803.9334713891391,962.8804210261092,22.095567469864847
2023-07-04,801.8258363621767,960.0134484932247,16.312548043234283
2023-07-05,805.8074277949819,959.4525985115303,17.47668399413732
2023-07-06,797.9559012553075,947.1555071195627,19.895728145305345
2023-07-07,796.7465113258552,941.9364527618716,15.758379840506436
2023-07-10,801.475191256189,947.9816099657958,17.958722010238468
2023-07-11,804.6093098962142,947.4836427486111,16.951405804614033
2023-07-12,811.54061735157,957.5385616759655,19.288803802311676
2023-07-13,817.2480256542808,972.680741076545,18.504095934748232
2023-07-14,831.8927509491134,988.5152660258797,23.88044882108841
2023-07-17,838.9236502087342,998.4192736002799,19.208086990135524
2023-07-18,848.6811357611688,1012.2321529084633,20.78191906430922
2023-07-19,841.8747588277121,997.1539366626122,19.026139408859063
2023-07-20,833.6118173496509,983.4169160916922,19.93170675618674
2023-07-21,837.5296626822408,986.285397483765,17.34441700913641
2023-07-24,837.1310237180022,981.8478597101698,15.238041637333051
2023-07-25,835.0564060097781,974.4193882853128,16.2406616242818
2023-07-26,844.231370463077,987.0591930431294,20.46365898529005
2023-07-27,840.5172290953383,982.2238799660041,17.20457069130834
2023-07-28,834.1933677195195,977.5261902314123,18.7761100008233
2023-07-31,824.514515000638,956.2621040338311,20.835242404413982
2023-08-01,836.7176273705113,964.6977711818174,22.345952178144895
2023-08-02,833.3662413529634,954.8042043758583,17.00671988928407
2023-08-03,826.2509666115691,942.1508338674174,19.287324994493797
2023-08-04,830.956899765657,951.3296156090702,17.839683481352775
2023-08-07,827.57888101412,944.083830673577,17.036750404635686
2023-08-08,835.2243934896452,948.8866569765277,19.59799813489827
2023-08-09,839.8396890623577,942.4242970436161,17.75530190162677
2023-08-10,839.806946911674,942.1432969961386,15.019493475583857
2023-08-11,836.8269326799892,924.7576507416254,16.77738110030785
2023-08-14,838.1916903854125,931.3939264261297,15.814771841118493
2023-08-15,848.8656647507437,948.4431667880773,21.32706218609433
2023-08-16,852.0635311115616,954.9033800786757,16.88007245474979
2023-08-17,860.6107620319044,969.6979925057924,19.99061725530466
2023-08-18,874.0830584447451,993.3443439006641,22.766539046706328
2023-08-21,868.3131222277758,978.8042580330422,18.311507091297287
2023-08-22,876.2217946490704,985.9318730223738,19.533429812353745
2023-08-23,863.7835310325249,970.1092279233382,22.14852725063905
2023-08-24,869.7400471621582,980.2330559667789,18.43608800411351
2023-08-25,883.0112273853028,995.9434216119716,22.571772467000812
2023-08-28,893.4266303841027,1017.6711356575449,20.863150405995825
2023-08-29,886.4480306935193,1009.6703494336657,18.920857802023868
2023-08-30,891.0454922611574,1011.9817271954215,17.586491461434825
2023-08-31,893.2057793445997,1011.706479009868,16.210753313406986
2023-09-01,900.6089035172286,1036.472928161711,19.127051849162207
2023-09-04,905.8806121294783,1046.887156817909,17.91821432184353
2023-09-05,905.857523517064,1046.2653766282083,15.012743901539238
2023-09-06,907.7746716203545,1040.9855609403191,16.057076965501583
2023-09-07,917.0696387591141,1049.881549882636,20.093611258418257
2023-09-08,931.0053600613261,1070.1847153354602,22.540811631732865
2023-09-11,930.9220170479354,1060.434602765043,15.044761688598097
2023-09-12,927.4942318044737,1057.1948279302708,16.844467907960137
2023-09-13,922.7636911226945,1044.22528192135,17.556698139508253
2023-09-14,924.1805017665259,1047.264023618967,15.767110845686512
2023-09-15,929.5163051496407,1058.939347921173,17.878474030919666
2023-09-18,928.5351403053429,1057.3593509315829,15.528061232048596
2023-09-19,933.7941315006226,1058.84053401128,17.82388579391831
2023-09-20,950.6645308103595,1079.7817450052744,23.952624094465158
2023-09-21,954.7001628860521,1085.1613663474361,17.1180397242488
2023-09-22,957.9839321313848,1090.948462172287,16.71683995293982
2023-09-25,973.882588335182,1114.2617112276105,23.229872497218338
2023-09-26,975.4123998234659,1111.481044023352,15.78480261410151
2023-09-27,976.9136993912921,1106.7252365604825,15.768980071695719
2023-09-28,977.238394835531,1115.8997523544074,15.166156691787824
2023-09-29,982.0930828700483,1121.9896048916225,17.477731830633843
2023-10-02,977.336197986033,1107.3312910763811,17.427693755370427
2023-10-03,987.530261298366,1116.160431734294,20.188217616815244
2023-10-04,975.0233846704866,1092.5738340222445,21.372842835436362
2023-10-05,966.1180932755375,1080.72336847299,19.587689239695024
2023-10-06,965.8140559224781,1078.1041337021443,15.157374758578182
2023-10-09,986.0242666501824,1109.7238491442602,25.354819257880592
2023-10-10,988.2669859184406,1119.4001458314015,16.135962199101034
2023-10-11,999.4626940265186,1129.581853720663,20.63246935150281
2023-10-12,980.4182743904859,1101.078409363251,24.619268699328146
2023-10-13,984.4318562705793,1098.49186049778,17.04269394383618
2023-10-16,986.0176361753519,1101.0408532973574,15.804780966580092
2023-10-17,986.5839980523871,1102.8633104345347,15.28711417590384
2023-10-18,982.6719000901148,1105.144403048789,16.986589509456515
2023-10-19,972.2417951749751,1081.6611222450597,20.335378185189686
2023-10-20,967.9792414388262,1078.3425876090057,17.196945870366182
2023-10-23,945.945751911559,1044.0160115411245,26.512709773397056
2023-10-24,938.79114149468,1037.8195301612516,18.79609738033075
2023-10-25,926.1387166160517,1023.2076089638197,21.784501278206278
2023-10-26,936.8203631343661,1037.6612904294734,20.73376178299021
2023-10-27,926.0940902624794,1020.1977910609533,20.75785505755877
2023-10-30,930.7493692020026,1029.127218787022,17.5070980913546
2023-10-31,940.1085222810284,1043.564486143158,20.002641406849477
2023-11-01,933.4102015456693,1036.9115544388117,18.57527746630941
2023-11-02,923.3137647801858,1023.765807670382,20.437822996493026
2023-11-03,923.6360721387424,1019.4337373812436,15.17450791320144
2023-11-06,933.4492309116316,1041.301563635138,20.284221513250454
2023-11-07,935.1429215803971,1039.842090077242,15.906399574850974
2023-11-08,934.2056497423711,1040.7247813063364,15.501389591510819
2023-11-09,965.3472912781087,1087.575006959507,31.395664100242154
2023-11-10,968.3217399714728,1094.1744382725965,16.538242062798766
2023-11-13,967.601101314242,1087.355875351269,15.372245564310703
2023-11-14,976.3008041537357,1104.1310125109599,19.475411489619983
2023-11-15,981.6023772192864,1117.5010009963366,17.70778763384628
2023-11-16,992.051574810801,1135.3647993164925,20.294390748143726
2023-11-17,976.3720005505929,1132.9169642690147,22.965717385187453
2023-11-20,975.996195425804,1137.1639223130614,15.192486811762597
2023-11-21,984.2514985616232,1144.8047237029493,19.211382044073233
2023-11-22,976.9624136592553,1127.1088595912538,18.71663611971453
2023-11-23,985.6704976816932,1139.659288134517,19.436968888324536
2023-11-24,991.6354466193187,1147.0710552291011,18.01671425689508
2023-11-27,997.2987945968366,1156.286648890104,17.84743616258819
2023-11-28,987.4241062421836,1142.9452154265678,19.975389678500317
2023-11-29,974.894827532595,1123.378370088848,21.385021700659944
2023-11-30,964.878840462517,1108.1129050220347,20.163528225314487
2023-12-01,957.8404727208415,1100.4410174005832,18.660648297565835
2023-12-04,962.7635275208557,1103.1557670687548,17.563290288695676
2023-12-05,958.8248446388961,1084.5063707847999,17.049704533432042
2023-12-06,953.5773901293428,1080.996420740768,17.74391421617349
2023-12-07,932.2202179324971,1048.371543689329,26.32575695236133
2023-12-08,919.0872118279268,1026.4291768813312,22.094027820499896
2023-12-11,918.6620881735507,1028.0474767677404,15.231328430901186
2023-12-12,901.0393492700617,1001.1208291314788,24.68471503332333
2023-12-13,900.1684206616943,999.9579986008624,15.483524827495883
2023-12-14,900.3522162409764,1003.9626140959186,15.10207912986578
2023-12-15,919.3617480026999,1023.6544623697233,25.446819484758542
2023-12-18,913.8332012127374,1020.6235664389511,18.015807758584064
2023-12-19,929.1497537419874,1039.3408414419973,23.310931543140253
2023-12-20,941.7870014265217,1053.3760184329776,21.75460559489052
2023-12-21,941.7660442161942,1047.2484581094363,15.011126424273911
2023-12-22,936.9725039865828,1047.2982769086602,17.551472974351775
2023-12-25,932.0718475656637,1045.9434547921048,17.622017849645037
2023-12-26,923.3521109091974,1031.156960368836,19.699627172908265
2023-12-27,916.614732754606,1023.944622096116,18.661700910250026
2023-12-28,917.2056537715983,1028.435478976781,15.32223495920686
2023-12-29,929.4009506845658,1036.767946329956,21.604262211298664
2024-01-01,914.6201612009977,1021.4413389391076,23.015692417353833
2024-01-02,914.7803472832758,1028.4261383154692,15.087562063060876
2024-01-03,921.2604568206965,1038.7537016468564,18.529407641638535
2024-01-04,914.5159422748691,1031.1929819757306,18.673946835074382
2024-01-05,911.1785522889278,1025.245077211714,16.82801323733056
2024-01-08,900.3630377324171,1006.9726296426558,20.97040836650864
2024-01-09,898.6948471045313,1006.0446733673879,15.9272581610929
2024-01-10,889.2542474712943,991.1624978694052,20.280176822256827
2024-01-11,891.3477882953753,1001.063787180245,16.175749407628775
2024-01-12,891.5168986041557,1003.5877568290732,15.09485313749847
2024-01-15,889.2266571961331,1013.9558198933547,16.28611593922162
2024-01-16,881.1735042182872,1003.6556881510817,19.548806929424103
2024-01-17,877.1480215765536,999.3198099653783,17.28939338774346
2024-01-18,868.2961661085526,984.5154396629653,20.071449101060047
2024-01-19,874.55491969126,1001.0049209441701,18.591116038663827
2024-01-22,868.1112747523641,999.8370156008768,18.697595285720936
2024-01-23,876.0899185547459,1010.1425392728003,19.574414628700183
2024-01-24,882.8984421593555,1024.2716757681849,18.870723513323526
2024-01-25,876.1258741070233,1014.0420448580127,18.850203465260375
2024-01-26,871.8646742386525,1007.6234512966876,17.437775372115357
2024-01-29,867.4341274592194,999.7019956517956,17.54732329957566
2024-01-30,875.97780835278,1015.6570027272849,19.90059125578969
2024-01-31,885.4904982111577,1032.3368339028016,20.400484529121915
2024-02-01,864.9923160299359,1008.2574697898074,26.710551526548816
2024-02-02,865.4424748139219,1003.9647434687364,15.26014201547643
2024-02-05,871.7971428900278,1007.7414174067836,18.657927412003207
2024-02-06,879.1848452462182,1020.1584325859328,19.219201707379156
2024-02-07,886.3752698508446,1037.8511252327462,19.07262505378175
2024-02-08,904.0829903316853,1055.412276598675,24.89037178771606
2024-02-09,911.8535914383156,1072.4286773532683,19.279140920372342
2024-02-12,891.9160575160538,1038.4767771637164,26.053709627715993
2024-02-13,885.1897278333956,1026.838795710218,18.78500923198132
2024-02-14,858.4293457078177,991.8904537326592,30.348813256532026
2024-02-15,853.8821713403879,983.4659836533391,17.655582825452743
2024-02-16,870.4173382069528,1000.5181103091682,24.589792059062084
2024-02-19,863.3073465352552,989.0026922224494,19.101015342062723
2024-02-20,860.5303521334765,981.5506370400632,16.610938666753384
2024-02-21,861.034527294132,985.4547576782132,15.292858654991136
2024-02-22,885.7600454116046,1027.311793222959,29.155739903554924
2024-02-23,883.7693744185906,1023.1899408747555,16.124972442095928
2024-02-26,891.4279685126086,1036.796410466725,19.314248013186894
2024-02-27,895.7709584303998,1053.0575061540785,17.43005879258066
2024-02-28,892.2521296265621,1045.6963965351213,16.9680021864297
2024-02-29,885.009033451039,1045.8523695712495,19.075448463526506
2024-03-01,880.4415658222931,1029.8757789943297,17.587145639267902
2024-03-04,878.0234445787626,1018.4539747968732,16.375132717137856
2024-03-05,863.138486797404,992.1105707940384,23.549072973578525
2024-03-06,859.1536729117408,985.594530031508,17.313673074306013
2024-03-07,847.8152523676259,970.7931553361283,21.642527077114643
2024-03-08,843.6265426627681,962.7303724441638,17.476418804236324
2024-03-11,833.101277466286,952.6281991350952,21.277347652641467
2024-03-12,834.2089223613332,960.50458695226,15.664330523563883
2024-03-13,827.8678524125663,947.4744492561789,18.815167151598647
2024-03-14,843.5186289210611,972.1459925393444,24.3642219473383
2024-03-15,837.0327845465797,973.4125808970583,18.859374086498686
2024-03-18,831.9360894838466,973.1804414375146,18.053808243833494
2024-03-19,837.4508277332314,973.0790282943055,18.30346323733187
2024-03-20,852.7623527264346,999.4320511515617,24.059179063156343
2024-03-21,856.0109377215471,996.6863515986329,16.90112341234832
2024-03-22,858.1196911343392,1003.9454945713823,16.2302180715487
2024-03-25,862.8807122670073,1011.2853692318986,17.76643356321284
2024-03-26,863.7959860129596,1012.7307273186863,15.530078290040956
2024-03-27,859.7611605801978,1005.2973527460738,17.340991600621223
2024-03-28,867.6018582105759,1017.4727476469336,19.539145156229317
2024-03-29,859.0312973037095,994.796737813649,19.9637824165393
2024-04-01,856.4848282878901,993.8608372650999,16.484375954329163
2024-04-02,845.9573152993958,969.6706064985353,21.183850193392875
2024-04-03,828.8601584096673,948.3833599152897,25.20872488984321
2024-04-04,835.3932975283468,962.2545743117558,18.92558756865471
2024-04-05,834.5309367136465,961.1156397044973,15.516407196011958
2024-04-08,832.8127504571521,964.5299785106934,16.0304935196656
2024-04-09,838.4236180184243,968.7797929756257,18.35732799282123
2024-04-10,834.308124109857,959.0681516457728,17.460348009807696
2024-04-11,827.6614335138555,950.2500732411401,18.999306727493128
2024-04-12,830.4394519078579,949.2185115754393,16.675423382115234
2024-04-15,830.6591510623122,949.8198008707477,15.132261357238141
2024-04-16,813.0211312953867,928.00287210386,25.731221278617536
2024-04-17,826.2003902311527,953.6864120222758,23.040123159862496
2024-04-18,847.1013471370962,985.464061501778,27.49149722305951
2024-04-19,846.4656100333849,982.2872837097768,15.375383524625896
2024-04-22,841.9130113379601,973.4846303636017,17.696438862376365
2024-04-23,837.2276593276105,959.1034480903855,17.790334515859477
2024-04-24,836.3181423649122,952.4010277695936,15.543467081284742
2024-04-25,842.674249424157,947.9084769543604,18.785685661414778
2024-04-26,847.4773814549246,946.8836631025553,17.841842633021777
2024-04-29,838.5137634172452,942.0158341665333,20.31657744465575
2024-04-30,829.2813410258567,922.9926810009875,20.53576196185596
2024-05-01,853.9781168780618,963.7820668582426,29.673048829511707
2024-05-02,845.8879626478664,957.6121551022183,19.759325108830794
2024-05-03,856.4406582023382,970.7883185666828,21.199056162784693
2024-05-06,847.4015932932492,962.4589394764093,20.305156449513063
2024-05-07,853.6176111304551,970.8698536354221,18.654306483131823
2024-05-08,866.5330357220241,991.8222070406321,22.50845126533939
2024-05-09,874.8883907050005,999.1351584363449,19.79804542022792
2024-05-10,894.1582338079133,1026.688000681916,25.893215040289512
2024-05-13,891.0889580842448,1028.7862175559637,16.719245806221398
2024-05-14,904.4769369288298,1053.5749701949442,22.456271578119278
2024-05-15,918.2617064895194,1079.237859781131,22.562813473762702
2024-05-16,907.4060153749496,1070.4556518496152,20.94621843157583
2024-05-17,921.0553330396328,1102.4143121859354,22.4650586522979
2024-05-20,920.9612753324105,1099.6113356265857,15.05106235572287
2024-05-21,916.6433989529746,1093.7734489312772,17.34973516695666
2024-05-22,916.7288297558614,1092.3328474676641,15.046597631190654
2024-05-23,925.0030672798863,1113.0013825263327,19.492669756419176
2024-05-24,932.0378649702538,1117.2737615494966,18.78819401280736
2024-05-27,943.2803052765026,1125.7599878266935,20.99502269526624
2024-05-28,933.1982028838775,1108.07851962103,20.372936256288703
2024-05-29,919.736074800999,1089.6410111700548,22.265430359269146
2024-05-30,929.9074487295538,1105.7033602208435,20.499155014894686
2024-05-31,939.1445125777817,1109.4490267226906,19.94215208780529
2024-06-03,943.4237547452973,1111.0959725096502,17.273091293416662
2024-06-04,933.7226592733228,1093.7971577560559,20.168047504074867
2024-06-05,950.777597509609,1106.510583532971,24.05035901339059
2024-06-06,947.6872853920032,1109.1007704784906,16.627796687169443
2024-06-07,939.0658581728585,1093.584013622182,19.56948342930484
2024-06-10,944.3735462074194,1098.9121370057164,17.81809017735224
2024-06-11,947.8978929073946,1109.0423155915216,16.862497473840875
2024-06-12,924.7684269346997,1069.2934608578696,27.351715820241473
2024-06-13,931.5872463946924,1090.7493568708328,18.67324550251968
2024-06-14,927.9106238069757,1093.2977444044282,16.977215159930008
2024-06-17,936.3462498354285,1105.2983040640056,19.52495775741601
2024-06-18,945.9373369404934,1116.833425953007,20.09549686362287
2024-06-19,950.0491516033804,1126.4822406185342,17.168697474388942
2024-06-20,959.768306613659,1135.0586991548796,20.089093134716634
2024-06-21,971.185620937126,1146.7092217464765,20.912853340002037
2024-06-24,967.9244878494015,1136.9148287186738,16.681769460892024
2024-06-25,970.2554031852893,1146.5605258467501,16.20263163931353
2024-06-26,961.6750992181686,1125.1831819074143,19.44134008614992
2024-06-27,958.8827492680293,1125.6222984644473,16.453927524197056
2024-06-28,953.1027940355311,1117.6230777963829,18.02302120418251
2024-07-01,948.2691896921585,1119.2544037138546,17.542172072244842
2024-07-02,958.2708348128945,1138.3442707210063,20.246014635240037
2024-07-03,975.3803669114486,1176.8983102466023,23.848534120379142
2024-07-04,966.3384760230783,1156.2908413327514,19.656676365828073
2024-07-05,967.0330180780486,1153.7964117936822,15.359238815182104
2024-07-08,966.0601266573016,1157.9042763010489,15.503282268388814
2024-07-09,961.0999422213899,1141.5316999240936,17.573836739950153
2024-07-10,954.311271799659,1126.0915602121265,18.54425138466373
2024-07-11,961.230309577015,1133.5402284997676,18.612068741074175
2024-07-12,969.8125083598848,1136.3564700940587,19.444363019458514
2024-07-15,961.4607513422982,1128.6777794763882,19.32450925248022
2024-07-16,939.9471984074864,1093.6167381140547,26.31502108971349
2024-07-17,935.571054585548,1083.713099756247,17.333302678677715
2024-07-18,920.9139727179111,1062.6294989291007,22.895235458019325
2024-07-19,927.7720173933799,1063.8030632156174,18.70970309291353
2024-07-22,937.5202689323132,1084.8996034847225,20.22617305673373
2024-07-23,923.820190730882,1065.5196599822038,22.36046193826823
2024-07-24,930.6091319684517,1078.3666182842603,18.660949211785994
2024-07-25,938.8587672808818,1085.722533868398,19.412853980978625
2024-07-26,945.2054919712733,1096.1312935458777,18.368647680831366
2024-07-29,933.3174898030861,1065.2273364795421,21.328461767924757
2024-07-30,927.1613825640894,1064.4216701282426,18.30889525149592
2024-07-31,933.0750380516469,1075.0588857286978,18.178991306219316
2024-08-01,934.1758769224971,1054.5543331572062,15.589550654152433
2024-08-02,915.8021140457233,1032.6297588381678,24.93220846167411
2024-08-05,919.3748091319682,1041.8883282748243,16.946787557430998
2024-08-06,928.2611741674399,1057.9347834208097,19.809623560542448
2024-08-07,932.6022671811515,1069.2441966693739,17.332842266774204
2024-08-08,937.5902979517372,1069.6372345987595,17.667127808732133
2024-08-09,935.010551936331,1068.1491119166328,16.377628151540403
2024-08-12,944.6291197066374,1076.7422261342108,20.117284910763516
2024-08-13,942.3879398679765,1075.2293268078781,16.187684489171872
2024-08-14,937.7722419201579,1059.9966829463651,17.454954245470276
2024-08-15,954.1953806734351,1087.6156744346072,23.680672476571683
2024-08-16,974.9564711778188,1122.7459186143103,25.76218651580526
2024-08-19,973.877304473822,1129.165279116379,15.553750056974893
2024-08-20,972.4493806231739,1128.9804756859924,15.733650788314224
2024-08-21,966.5640237252975,1122.4576959012804,18.035242024628477
2024-08-22,964.8561326748244,1119.0292678132957,15.884267200983198
2024-08-23,979.5279063014946,1140.0286231332198,22.545861209447885
2024-08-26,983.3869578871739,1147.3786938244432,16.965982645473
2024-08-27,971.985199607984,1130.260445731857,20.831057509845685
2024-08-28,950.9580600679545,1097.3359082048426,25.935308452876036
2024-08-29,970.2712201801324,1124.2046426206869,25.052840074700093
2024-08-30,963.5414716226371,1113.2615941103793,18.480055619407985
2024-09-02,946.424145223731,1096.1817362411814,23.96235228257472
2024-09-03,954.4753232761802,1109.7637038961914,19.23548237558343
2024-09-04,952.1038248927244,1104.325579036406,16.243850594278282
2024-09-05,958.633256837826,1116.6901717871149,18.41724532562312
2024-09-06,962.2033487286109,1120.5023427133146,16.85861514266204
2024-09-09,952.123042251903,1108.919412535585,20.26576851994075
2024-09-10,942.4969859541865,1093.0402506215873,20.080775556138008
2024-09-11,944.5583619785077,1102.1932447330112,16.09237752168658
2024-09-12,930.4265230581071,1074.6181325979624,22.537184239761245
2024-09-13,931.9786487018853,1082.2570958483543,15.833398675357039
2024-09-16,940.527827984119,1089.0486259632867,19.56566574909514
2024-09-17,947.3970446209165,1097.8839856281884,18.63851710937149
2024-09-18,946.484752713828,1094.015019512006,15.481704813328292
2024-09-19,927.9064473070213,1064.9051834940965,24.91197239122598
2024-09-20,923.8799875461619,1062.7233552962534,17.17436850741051
2024-09-23,927.3613458837642,1068.4750089868637,16.880555699931655
2024-09-24,937.4462100731126,1080.8812370384242,20.40804463930011
2024-09-25,922.4361105895468,1064.3183687350627,23.070631786836188
2024-09-26,925.9539887095169,1065.1992818978374,16.903214245097786
2024-09-27,934.6676497852898,1073.90133290719,19.683233065779095
2024-09-30,947.2000656946332,1088.7019508403985,21.659661080915573
2024-10-01,948.235800460834,1094.8630841078063,15.54643625130358
2024-10-02,946.1854145010097,1098.0222790291596,16.082328863434615
2024-10-03,951.8104172107987,1109.4962932391986,17.963662556304847
2024-10-04,960.858958149639,1115.7061315991962,19.730879555612326
2024-10-07,947.5751759786602,1094.5718761749613,21.960678637238765
2024-10-08,929.1900078141938,1076.7322800387876,24.79651395461551
2024-10-09,936.925820411734,1092.0994531176113,19.14543234283026
2024-10-10,934.6974664441241,1090.829684215972,16.190600179094808
2024-10-11,939.4213500875372,1091.8512039218626,17.520594535402395
2024-10-14,943.5397120526025,1098.6963292563762,17.187176684069417
2024-10-15,943.2729800528573,1094.013582015025,15.141366444394832
2024-10-16,959.1988785651898,1122.7621720789155,23.371356698594127
2024-10-17,961.1951294387209,1128.3713197024647,16.039501052510904
2024-10-18,958.883363758651,1128.8991180192666,16.203995985221574
2024-10-21,958.9500473159196,1120.7364130736407,15.034770255284203
2024-10-22,938.2013901281374,1096.9228176296956,25.937178815977582
2024-10-23,941.2837141924645,1106.6987854837719,16.639984706766473
2024-10-24,937.0256420895972,1090.2926564247155,17.26697449115459
2024-10-25,939.4205596320196,1086.6107579562222,16.276305625298537
2024-10-28,940.7391986322453,1087.7935672771957,15.701344239836674
2024-10-29,929.2525978518388,1068.9811044821283,21.142671467344115
2024-10-30,939.4287077712679,1078.9458470958075,20.44566399863105
2024-10-31,959.5678277478559,1099.6457278467408,25.605535428521627
2024-11-01,983.7163655449286,1146.6325684599658,27.4273027162307
2024-11-04,982.4495534878328,1156.2975292932806,15.644305864591692
2024-11-05,975.5267762679971,1156.0087441502592,18.535694462761974
2024-11-06,991.2527862923296,1176.4607889135343,22.995987691782528
2024-11-07,987.2765987634168,1178.5196589342638,17.009670875713475
2024-11-08,992.2344053214891,1186.5461494619146,17.504566488576337
2024-11-11,980.9903202292771,1174.706351284546,20.698391395095374
2024-11-12,995.8242919110942,1194.9909841750211,22.504118004871945
2024-11-13,1012.6545737306985,1222.1511676204082,23.37981223178477
2024-11-14,1019.0009758876203,1241.662196360134,18.123769086098363
2024-11-15,1014.5547099169672,1236.67437617549,17.186452570207038
2024-11-18,1019.8266123322787,1238.5377627323526,17.591409072934727
2024-11-19,1006.3688927845586,1223.6269165460249,21.641963923022217
2024-11-20,988.599524759073,1191.042716895811,23.90732796078204
2024-11-21,996.0270022437886,1202.8430962977602,18.742523876024812
2024-11-22,1007.9416543900828,1214.2681050559593,20.94559825144433
2024-11-25,1007.5000660083832,1206.5450920965739,15.219102534346014
2024-11-26,995.8027746734163,1204.1161297539263,20.839069378722485
2024-11-27,996.2372842777153,1210.4032708318537,15.21812292842085
2024-11-28,993.6614420213933,1205.3742766176508,16.2944596933475
2024-11-29,1014.289229714071,1227.5651147876717,25.273416416412523
2024-12-02,1009.7716025000435,1226.9189305154919,17.231965879632913
2024-12-03,1003.5732386701735,1222.633451148938,18.078649660991786
2024-12-04,1011.5050307477926,1234.4967804110795,18.93624067262919
2024-12-05,1010.5936901225726,1240.7408700680437,15.450690501664619
2024-12-06,1001.357864448591,1231.1008694635432,19.59051338877887
2024-12-09,993.6931697278153,1214.5135648587566,18.841872864253762
2024-12-10,999.4484924239332,1222.8862818907576,17.88757131592265
2024-12-11,1009.1249056634057,1240.7599015850185,19.817592480895097
2024-12-12,1017.7732642662698,1260.1601948776417,19.26682070881302
2024-12-13,1020.6351356209341,1265.1899887915329,16.40397441219796
2024-12-16,1025.664927309144,1274.279031167374,17.457998173832575
2024-12-17,1008.816213258933,1257.151447072624,23.281767236444715
2024-12-18,1028.2903296130164,1280.7260394738055,24.55998579785479
2024-12-19,1010.6924662103756,1251.0186308642214,23.63092146138881
2024-12-20,1017.6831624877713,1252.5539689658203,18.44646418406533
2024-12-23,1036.732244450183,1279.6839973924045,24.272529713521227
2024-12-24,1029.0795915512906,1269.510653808141,18.7044457636809
2024-12-25,1019.9012288770781,1252.7636451629544,19.47950706691813
2024-12-26,1004.2492563681627,1227.5632858860447,22.732767200491278
2024-12-27,1003.4002510564768,1228.1875940304421,15.422885249220926
2024-12-30,1005.1954380733624,1238.391679147123,15.893752537952432
2024-12-31,1023.080488215553,1261.9410512904478,23.818087066201272
